--
-- PostgreSQL database dump
--

-- Dumped from database version 11.9
-- Dumped by pg_dump version 11.9

SET statement_timeout = 0;
SET lock_timeout = 0;
SET idle_in_transaction_session_timeout = 0;
SET client_encoding = 'UTF8';
SET standard_conforming_strings = on;
SELECT pg_catalog.set_config('search_path', '', false);
SET check_function_bodies = false;
SET xmloption = content;
SET client_min_messages = warning;
SET row_security = off;

ALTER TABLE IF EXISTS ONLY micadoapp.user_types_translation DROP CONSTRAINT IF EXISTS user_types_translation_lang_fkey;
ALTER TABLE IF EXISTS ONLY micadoapp.user_types_translation DROP CONSTRAINT IF EXISTS user_types_translation_id_fkey;
ALTER TABLE IF EXISTS ONLY micadoapp.user_types_translation_prod DROP CONSTRAINT IF EXISTS user_type_translation_prod_lang_fkey;
ALTER TABLE IF EXISTS ONLY micadoapp.user_types_translation_prod DROP CONSTRAINT IF EXISTS user_type_translation_prod_id_fkey;
ALTER TABLE IF EXISTS ONLY micadoapp.user_preferences DROP CONSTRAINT IF EXISTS user_type_fk;
ALTER TABLE IF EXISTS ONLY micadoapp.topic_translation_prod DROP CONSTRAINT IF EXISTS topic_translation_prod_lang_fkey;
ALTER TABLE IF EXISTS ONLY micadoapp.topic_translation_prod DROP CONSTRAINT IF EXISTS topic_translation_prod_id_fkey;
ALTER TABLE IF EXISTS ONLY micadoapp.topic_translation DROP CONSTRAINT IF EXISTS topic_translation_lang_fkey;
ALTER TABLE IF EXISTS ONLY micadoapp.topic_translation DROP CONSTRAINT IF EXISTS topic_translation_id_fkey;
ALTER TABLE IF EXISTS ONLY micadoapp.process_produced_documents DROP CONSTRAINT IF EXISTS to_process_fk;
ALTER TABLE IF EXISTS ONLY micadoapp.process_produced_documents DROP CONSTRAINT IF EXISTS to_docs_fk;
ALTER TABLE IF EXISTS ONLY micadoapp.t_settings_translation_prod DROP CONSTRAINT IF EXISTS t_setting_fk;
ALTER TABLE IF EXISTS ONLY micadoapp.t_settings_translation DROP CONSTRAINT IF EXISTS t_setting_fk;
ALTER TABLE IF EXISTS ONLY micadoapp.survey_answers DROP CONSTRAINT IF EXISTS survey_fk;
ALTER TABLE IF EXISTS ONLY micadoapp.step_translation_prod DROP CONSTRAINT IF EXISTS step_translation_prod_lang_fkey;
ALTER TABLE IF EXISTS ONLY micadoapp.step_translation_prod DROP CONSTRAINT IF EXISTS step_translation_prod_id_fkey;
ALTER TABLE IF EXISTS ONLY micadoapp.step_translation DROP CONSTRAINT IF EXISTS step_translation_lang_fkey;
ALTER TABLE IF EXISTS ONLY micadoapp.step_translation DROP CONSTRAINT IF EXISTS step_translation_fk;
ALTER TABLE IF EXISTS ONLY micadoapp.step_link_translation DROP CONSTRAINT IF EXISTS step_link_translation_step_fk;
ALTER TABLE IF EXISTS ONLY micadoapp.step_link_translation_prod DROP CONSTRAINT IF EXISTS step_link_translation_prod_lang_fkey;
ALTER TABLE IF EXISTS ONLY micadoapp.step_link_translation_prod DROP CONSTRAINT IF EXISTS step_link_translation_prod_id_fkey;
ALTER TABLE IF EXISTS ONLY micadoapp.step_link_translation DROP CONSTRAINT IF EXISTS step_link_translation_fk;
ALTER TABLE IF EXISTS ONLY micadoapp.step_link DROP CONSTRAINT IF EXISTS step_link_to_fk;
ALTER TABLE IF EXISTS ONLY micadoapp.step_link DROP CONSTRAINT IF EXISTS step_link_from_fk;
ALTER TABLE IF EXISTS ONLY micadoapp.step_link DROP CONSTRAINT IF EXISTS step_link_fk;
ALTER TABLE IF EXISTS ONLY micadoapp.step DROP CONSTRAINT IF EXISTS step_id_process_fkey;
ALTER TABLE IF EXISTS ONLY micadoapp.step DROP CONSTRAINT IF EXISTS step_icon_fk;
ALTER TABLE IF EXISTS ONLY micadoapp.step_document DROP CONSTRAINT IF EXISTS step_document_id_document_fkey;
ALTER TABLE IF EXISTS ONLY micadoapp.step_document DROP CONSTRAINT IF EXISTS step_document_fk;
ALTER TABLE IF EXISTS ONLY micadoapp.process_users DROP CONSTRAINT IF EXISTS process_users_id_user_types_fkey;
ALTER TABLE IF EXISTS ONLY micadoapp.process_users DROP CONSTRAINT IF EXISTS process_users_id_process_fkey;
ALTER TABLE IF EXISTS ONLY micadoapp.process_translation_prod DROP CONSTRAINT IF EXISTS process_translation_prod_lang_fkey;
ALTER TABLE IF EXISTS ONLY micadoapp.process_translation_prod DROP CONSTRAINT IF EXISTS process_translation_prod_id_fkey;
ALTER TABLE IF EXISTS ONLY micadoapp.process_translation DROP CONSTRAINT IF EXISTS process_translation_lang_fkey;
ALTER TABLE IF EXISTS ONLY micadoapp.process_translation DROP CONSTRAINT IF EXISTS process_translation_id_fkey;
ALTER TABLE IF EXISTS ONLY micadoapp.process_topic DROP CONSTRAINT IF EXISTS process_topic_id_topic_fkey;
ALTER TABLE IF EXISTS ONLY micadoapp.process_topic DROP CONSTRAINT IF EXISTS process_topic_id_process_fkey;
ALTER TABLE IF EXISTS ONLY micadoapp.picture_hotspot_translation_prod DROP CONSTRAINT IF EXISTS picture_hotspot_translation_prod_lang_fkey;
ALTER TABLE IF EXISTS ONLY micadoapp.picture_hotspot_translation_prod DROP CONSTRAINT IF EXISTS picture_hotspot_translation_prod_id_fkey;
ALTER TABLE IF EXISTS ONLY micadoapp.picture_hotspot_translation DROP CONSTRAINT IF EXISTS picture_hotspot_translation_fk_1;
ALTER TABLE IF EXISTS ONLY micadoapp.picture_hotspot_translation DROP CONSTRAINT IF EXISTS picture_hotspot_translation_fk;
ALTER TABLE IF EXISTS ONLY micadoapp.picture_hotspot DROP CONSTRAINT IF EXISTS picture_hotspot_fk;
ALTER TABLE IF EXISTS ONLY micadoapp.t_settings_translation_prod DROP CONSTRAINT IF EXISTS lang_fk;
ALTER TABLE IF EXISTS ONLY micadoapp.t_settings_translation DROP CONSTRAINT IF EXISTS lang_fk;
ALTER TABLE IF EXISTS ONLY micadoapp.intervention_types_translation_prod DROP CONSTRAINT IF EXISTS intervention_types_translation_prod_lang_fkey;
ALTER TABLE IF EXISTS ONLY micadoapp.intervention_types_translation_prod DROP CONSTRAINT IF EXISTS intervention_types_translation_prod_id_fkey;
ALTER TABLE IF EXISTS ONLY micadoapp.intervention_types_translation DROP CONSTRAINT IF EXISTS intervention_types_translation_lang_fkey;
ALTER TABLE IF EXISTS ONLY micadoapp.intervention_types_translation DROP CONSTRAINT IF EXISTS intervention_types_translation_id_fkey;
ALTER TABLE IF EXISTS ONLY micadoapp.intervention_types DROP CONSTRAINT IF EXISTS intervention_types_fk;
ALTER TABLE IF EXISTS ONLY micadoapp.intervention_type_validator DROP CONSTRAINT IF EXISTS intervention_type_validator_fk;
ALTER TABLE IF EXISTS ONLY micadoapp.intervention_processes DROP CONSTRAINT IF EXISTS intervention_processes_process_id_fkey;
ALTER TABLE IF EXISTS ONLY micadoapp.intervention_processes DROP CONSTRAINT IF EXISTS intervention_processes_intervention_type_fkey;
ALTER TABLE IF EXISTS ONLY micadoapp.completed_intervention_document DROP CONSTRAINT IF EXISTS intervention_fk;
ALTER TABLE IF EXISTS ONLY micadoapp.intervention_category_translation_prod DROP CONSTRAINT IF EXISTS intervention_category_translation_prod_lang_fkey;
ALTER TABLE IF EXISTS ONLY micadoapp.intervention_category_translation_prod DROP CONSTRAINT IF EXISTS intervention_category_translation_prod_id_fkey;
ALTER TABLE IF EXISTS ONLY micadoapp.intervention_category_translation DROP CONSTRAINT IF EXISTS intervention_category_translation_fk;
ALTER TABLE IF EXISTS ONLY micadoapp.intervention_category_translation DROP CONSTRAINT IF EXISTS intervention_category_id_translation_fk;
ALTER TABLE IF EXISTS ONLY micadoapp.information DROP CONSTRAINT IF EXISTS information_fk;
ALTER TABLE IF EXISTS ONLY micadoapp.individual_intervention_plan_interventions DROP CONSTRAINT IF EXISTS individual_intervention_plan_interventions_list_id_fkey;
ALTER TABLE IF EXISTS ONLY micadoapp.individual_intervention_plan_interventions DROP CONSTRAINT IF EXISTS individual_intervention_plan_interventions_intervention_type_fk;
ALTER TABLE IF EXISTS ONLY micadoapp.process_comments DROP CONSTRAINT IF EXISTS id_process_fkey;
ALTER TABLE IF EXISTS ONLY micadoapp.process_comments DROP CONSTRAINT IF EXISTS id_comment_fkey;
ALTER TABLE IF EXISTS ONLY micadoapp.glossary_translation_prod DROP CONSTRAINT IF EXISTS glossary_translation_prod_lang_fkey;
ALTER TABLE IF EXISTS ONLY micadoapp.glossary_translation_prod DROP CONSTRAINT IF EXISTS glossary_translation_prod_id_fkey;
ALTER TABLE IF EXISTS ONLY micadoapp.glossary_translation DROP CONSTRAINT IF EXISTS glossary_translation_fk_1;
ALTER TABLE IF EXISTS ONLY micadoapp.glossary_translation DROP CONSTRAINT IF EXISTS glossary_translation_fk;
ALTER TABLE IF EXISTS ONLY micadoapp.features_flags_translation DROP CONSTRAINT IF EXISTS features_flags_translation_lang_fkey;
ALTER TABLE IF EXISTS ONLY micadoapp.features_flags_translation DROP CONSTRAINT IF EXISTS features_flags_translation_id_fkey;
ALTER TABLE IF EXISTS ONLY micadoapp.features_flags_translation_prod DROP CONSTRAINT IF EXISTS feature_flags_translation_prod_lang_fkey;
ALTER TABLE IF EXISTS ONLY micadoapp.features_flags_translation_prod DROP CONSTRAINT IF EXISTS feature_flags_translation_prod_id_fkey;
ALTER TABLE IF EXISTS ONLY micadoapp.event_user_types DROP CONSTRAINT IF EXISTS event_user_types_fk_1;
ALTER TABLE IF EXISTS ONLY micadoapp.information_user_types DROP CONSTRAINT IF EXISTS event_user_types_fk_1;
ALTER TABLE IF EXISTS ONLY micadoapp.event_user_types DROP CONSTRAINT IF EXISTS event_user_types_fk;
ALTER TABLE IF EXISTS ONLY micadoapp.information_user_types DROP CONSTRAINT IF EXISTS event_user_types_fk;
ALTER TABLE IF EXISTS ONLY micadoapp.information_translation_prod DROP CONSTRAINT IF EXISTS event_translation_prod_lang_fkey;
ALTER TABLE IF EXISTS ONLY micadoapp.information_translation_prod DROP CONSTRAINT IF EXISTS event_translation_prod_id_fkey;
ALTER TABLE IF EXISTS ONLY micadoapp.event_translation_prod DROP CONSTRAINT IF EXISTS event_translation_prod_fk_1;
ALTER TABLE IF EXISTS ONLY micadoapp.event_translation_prod DROP CONSTRAINT IF EXISTS event_translation_prod_fk;
ALTER TABLE IF EXISTS ONLY micadoapp.information_translation DROP CONSTRAINT IF EXISTS event_translation_lang_fkey;
ALTER TABLE IF EXISTS ONLY micadoapp.information_translation DROP CONSTRAINT IF EXISTS event_translation_id_fkey;
ALTER TABLE IF EXISTS ONLY micadoapp.event_translation DROP CONSTRAINT IF EXISTS event_translation_fk_1;
ALTER TABLE IF EXISTS ONLY micadoapp.event_translation DROP CONSTRAINT IF EXISTS event_translation_fk;
ALTER TABLE IF EXISTS ONLY micadoapp.information_topic DROP CONSTRAINT IF EXISTS event_topic_id_topic_fkey;
ALTER TABLE IF EXISTS ONLY micadoapp.information_topic DROP CONSTRAINT IF EXISTS event_topic_id_process_fkey;
ALTER TABLE IF EXISTS ONLY micadoapp.event_topic DROP CONSTRAINT IF EXISTS event_topic_fk_1;
ALTER TABLE IF EXISTS ONLY micadoapp.event_topic DROP CONSTRAINT IF EXISTS event_topic_fk;
ALTER TABLE IF EXISTS ONLY micadoapp.information_tags_translation_prod DROP CONSTRAINT IF EXISTS event_tags_translation_prod_lang_fkey;
ALTER TABLE IF EXISTS ONLY micadoapp.information_tags_translation_prod DROP CONSTRAINT IF EXISTS event_tags_translation_prod_id_fkey;
ALTER TABLE IF EXISTS ONLY micadoapp.event_tags_translation_prod DROP CONSTRAINT IF EXISTS event_tags_translation_prod_fk_1;
ALTER TABLE IF EXISTS ONLY micadoapp.event_tags_translation_prod DROP CONSTRAINT IF EXISTS event_tags_translation_prod_fk;
ALTER TABLE IF EXISTS ONLY micadoapp.information_tags_translation DROP CONSTRAINT IF EXISTS event_tags_translation_fk_1;
ALTER TABLE IF EXISTS ONLY micadoapp.event_tags_translation DROP CONSTRAINT IF EXISTS event_tags_translation_fk_1;
ALTER TABLE IF EXISTS ONLY micadoapp.information_tags_translation DROP CONSTRAINT IF EXISTS event_tags_translation_fk;
ALTER TABLE IF EXISTS ONLY micadoapp.event_tags_translation DROP CONSTRAINT IF EXISTS event_tags_translation_fk;
ALTER TABLE IF EXISTS ONLY micadoapp.information_tags DROP CONSTRAINT IF EXISTS event_tags_fk;
ALTER TABLE IF EXISTS ONLY micadoapp.event_tags DROP CONSTRAINT IF EXISTS event_tags_fk;
ALTER TABLE IF EXISTS ONLY micadoapp.event DROP CONSTRAINT IF EXISTS event_fk;
ALTER TABLE IF EXISTS ONLY micadoapp.information_category_translation_prod DROP CONSTRAINT IF EXISTS event_category_translation_prod_lang_fkey;
ALTER TABLE IF EXISTS ONLY micadoapp.information_category_translation_prod DROP CONSTRAINT IF EXISTS event_category_translation_prod_id_fkey;
ALTER TABLE IF EXISTS ONLY micadoapp.event_category_translation_prod DROP CONSTRAINT IF EXISTS event_category_translation_prod_fk_1;
ALTER TABLE IF EXISTS ONLY micadoapp.event_category_translation_prod DROP CONSTRAINT IF EXISTS event_category_translation_prod_fk;
ALTER TABLE IF EXISTS ONLY micadoapp.information_category_translation DROP CONSTRAINT IF EXISTS event_category_translation_lang_fkey;
ALTER TABLE IF EXISTS ONLY micadoapp.information_category_translation DROP CONSTRAINT IF EXISTS event_category_translation_id_fkey;
ALTER TABLE IF EXISTS ONLY micadoapp.event_category_translation DROP CONSTRAINT IF EXISTS event_category_translation_fk_1;
ALTER TABLE IF EXISTS ONLY micadoapp.event_category_translation DROP CONSTRAINT IF EXISTS event_category_translation_fk;
ALTER TABLE IF EXISTS ONLY micadoapp.document_type_validator DROP CONSTRAINT IF EXISTS document_type_validator_document_type_id_fkey;
ALTER TABLE IF EXISTS ONLY micadoapp.document_type_translation_prod DROP CONSTRAINT IF EXISTS document_type_translation_prod_lang_fkey;
ALTER TABLE IF EXISTS ONLY micadoapp.document_type_translation_prod DROP CONSTRAINT IF EXISTS document_type_translation_prod_id_fkey;
ALTER TABLE IF EXISTS ONLY micadoapp.document_type_translation DROP CONSTRAINT IF EXISTS document_type_translation_lang_fkey;
ALTER TABLE IF EXISTS ONLY micadoapp.document_type_translation DROP CONSTRAINT IF EXISTS document_type_translation_id_fkey;
ALTER TABLE IF EXISTS ONLY micadoapp.document_type_picture DROP CONSTRAINT IF EXISTS document_type_picture_fk;
ALTER TABLE IF EXISTS ONLY micadoapp.document_pictures DROP CONSTRAINT IF EXISTS document_pictures_fk;
ALTER TABLE IF EXISTS ONLY micadoapp.completed_intervention_document DROP CONSTRAINT IF EXISTS document_fk;
ALTER TABLE IF EXISTS ONLY micadoapp.document DROP CONSTRAINT IF EXISTS document_document_type_fkey;
ALTER TABLE IF EXISTS ONLY micadoapp.document DROP CONSTRAINT IF EXISTS document_ask_validate_by_tenant_fkey;
ALTER TABLE IF EXISTS ONLY micadoapp.comment_translation_prod DROP CONSTRAINT IF EXISTS comment_translation_prod_lang_fkey;
ALTER TABLE IF EXISTS ONLY micadoapp.comment_translation_prod DROP CONSTRAINT IF EXISTS comment_translation_prod_id_fkey;
ALTER TABLE IF EXISTS ONLY micadoapp.comments_translation DROP CONSTRAINT IF EXISTS comment_translation_lang_fkey;
ALTER TABLE IF EXISTS ONLY micadoapp.comments_translation DROP CONSTRAINT IF EXISTS comment_translation_id_fkey;
ALTER TABLE IF EXISTS ONLY micadoapp.comments DROP CONSTRAINT IF EXISTS comment_tenant_id;
DROP INDEX IF EXISTS micadoapp.process_translation_prod_pgroonga_index;
DROP INDEX IF EXISTS micadoapp.information_translation_prod_pgroonga_index;
DROP INDEX IF EXISTS micadoapp.gin_survey_answer;
DROP INDEX IF EXISTS micadoapp.event_translation_prod_pgroonga_index;
ALTER TABLE IF EXISTS ONLY micadoapp.user_types_translation DROP CONSTRAINT IF EXISTS user_types_translation_pk;
ALTER TABLE IF EXISTS ONLY micadoapp.user_types DROP CONSTRAINT IF EXISTS user_types_pkey;
ALTER TABLE IF EXISTS ONLY micadoapp.user_types_translation_prod DROP CONSTRAINT IF EXISTS user_type_translation_prod_pk;
ALTER TABLE IF EXISTS ONLY micadoapp.user_preferences DROP CONSTRAINT IF EXISTS user_preferences_pkey;
ALTER TABLE IF EXISTS ONLY micadoapp.user_pictures DROP CONSTRAINT IF EXISTS user_picture_pk;
ALTER TABLE IF EXISTS ONLY micadoapp.user_consent DROP CONSTRAINT IF EXISTS user_consent_pkey;
ALTER TABLE IF EXISTS ONLY micadoapp.topic_translation_prod DROP CONSTRAINT IF EXISTS topic_translations_prod_pk;
ALTER TABLE IF EXISTS ONLY micadoapp.topic_translation DROP CONSTRAINT IF EXISTS topic_translation_pk;
ALTER TABLE IF EXISTS ONLY micadoapp.topic DROP CONSTRAINT IF EXISTS topic_pkey;
ALTER TABLE IF EXISTS ONLY micadoapp.tenant DROP CONSTRAINT IF EXISTS tenant_pkey;
ALTER TABLE IF EXISTS ONLY micadoapp.t_settings_translation_prod DROP CONSTRAINT IF EXISTS t_settings_translation_prod_pkey;
ALTER TABLE IF EXISTS ONLY micadoapp.t_settings_translation DROP CONSTRAINT IF EXISTS t_settings_translation_pkey;
ALTER TABLE IF EXISTS ONLY micadoapp.t_settings DROP CONSTRAINT IF EXISTS t_settings_pkey;
ALTER TABLE IF EXISTS ONLY micadoapp.survey DROP CONSTRAINT IF EXISTS survey_pkey;
ALTER TABLE IF EXISTS ONLY micadoapp.survey_answers DROP CONSTRAINT IF EXISTS survey_answers_pkey;
ALTER TABLE IF EXISTS ONLY micadoapp.step_translation_prod DROP CONSTRAINT IF EXISTS step_translation_prod_pk;
ALTER TABLE IF EXISTS ONLY micadoapp.step_translation DROP CONSTRAINT IF EXISTS step_translation_pk;
ALTER TABLE IF EXISTS ONLY micadoapp.step DROP CONSTRAINT IF EXISTS step_pk;
ALTER TABLE IF EXISTS ONLY micadoapp.step_link_translation_prod DROP CONSTRAINT IF EXISTS step_link_translation_prod_pk;
ALTER TABLE IF EXISTS ONLY micadoapp.step_link_translation DROP CONSTRAINT IF EXISTS step_link_translation_pk;
ALTER TABLE IF EXISTS ONLY micadoapp.step_link DROP CONSTRAINT IF EXISTS step_link_pk;
ALTER TABLE IF EXISTS ONLY micadoapp.mixed_icons DROP CONSTRAINT IF EXISTS step_icon_pkey;
ALTER TABLE IF EXISTS ONLY micadoapp.step_document DROP CONSTRAINT IF EXISTS step_document_pk;
ALTER TABLE IF EXISTS ONLY micadoapp.settings DROP CONSTRAINT IF EXISTS settings_pk;
ALTER TABLE IF EXISTS ONLY micadoapp.ratings DROP CONSTRAINT IF EXISTS ratings_pk_1;
ALTER TABLE IF EXISTS ONLY micadoapp.rasa DROP CONSTRAINT IF EXISTS rasa_pkey;
ALTER TABLE IF EXISTS ONLY micadoapp.process_produced_documents DROP CONSTRAINT IF EXISTS produced_docs_pk;
ALTER TABLE IF EXISTS ONLY micadoapp.process_users DROP CONSTRAINT IF EXISTS process_users_pk;
ALTER TABLE IF EXISTS ONLY micadoapp.process_translation_prod DROP CONSTRAINT IF EXISTS process_translation_prod_pk;
ALTER TABLE IF EXISTS ONLY micadoapp.process_translation DROP CONSTRAINT IF EXISTS process_translation_pk;
ALTER TABLE IF EXISTS ONLY micadoapp.process_topic DROP CONSTRAINT IF EXISTS process_topic_pk;
ALTER TABLE IF EXISTS ONLY micadoapp.process DROP CONSTRAINT IF EXISTS process_pkey;
ALTER TABLE IF EXISTS ONLY micadoapp.process_comments DROP CONSTRAINT IF EXISTS process_comment_pkey;
ALTER TABLE IF EXISTS ONLY micadoapp.picture_hotspot_translation_prod DROP CONSTRAINT IF EXISTS picture_hotspot_translation_prod_pk;
ALTER TABLE IF EXISTS ONLY micadoapp.picture_hotspot_translation DROP CONSTRAINT IF EXISTS picture_hotspot_translation_pk;
ALTER TABLE IF EXISTS ONLY micadoapp.picture_hotspot DROP CONSTRAINT IF EXISTS picture_hotspot_pk;
ALTER TABLE IF EXISTS ONLY micadoapp.migrant_app_config DROP CONSTRAINT IF EXISTS migrant_app_config_pkey;
ALTER TABLE IF EXISTS ONLY micadoapp.languages DROP CONSTRAINT IF EXISTS languages_pkey;
ALTER TABLE IF EXISTS ONLY micadoapp.intervention_types_translation_prod DROP CONSTRAINT IF EXISTS intervention_types_translation_prod_pk;
ALTER TABLE IF EXISTS ONLY micadoapp.intervention_types_translation DROP CONSTRAINT IF EXISTS intervention_types_translation_pk;
ALTER TABLE IF EXISTS ONLY micadoapp.intervention_types DROP CONSTRAINT IF EXISTS intervention_types_pkey;
ALTER TABLE IF EXISTS ONLY micadoapp.intervention_type_validator DROP CONSTRAINT IF EXISTS intervention_type_validator_pk;
ALTER TABLE IF EXISTS ONLY micadoapp.completed_intervention_document DROP CONSTRAINT IF EXISTS intervention_doc_pk;
ALTER TABLE IF EXISTS ONLY micadoapp.intervention_category_translation_prod DROP CONSTRAINT IF EXISTS intervention_category_translation_prod_pk;
ALTER TABLE IF EXISTS ONLY micadoapp.intervention_category_translation DROP CONSTRAINT IF EXISTS intervention_category_translation_pk;
ALTER TABLE IF EXISTS ONLY micadoapp.intervention_category DROP CONSTRAINT IF EXISTS intervention_category_pk;
ALTER TABLE IF EXISTS ONLY micadoapp.information_user_types DROP CONSTRAINT IF EXISTS information_user_types_pk;
ALTER TABLE IF EXISTS ONLY micadoapp.information_translation_prod DROP CONSTRAINT IF EXISTS information_translation_prod_pk;
ALTER TABLE IF EXISTS ONLY micadoapp.information_translation DROP CONSTRAINT IF EXISTS information_translation_pk_1;
ALTER TABLE IF EXISTS ONLY micadoapp.information_topic DROP CONSTRAINT IF EXISTS information_topic_pk;
ALTER TABLE IF EXISTS ONLY micadoapp.information_category_translation DROP CONSTRAINT IF EXISTS information_category_translation_pk_1;
ALTER TABLE IF EXISTS ONLY micadoapp.individual_intervention_plan DROP CONSTRAINT IF EXISTS individual_intervention_plan_pkey;
ALTER TABLE IF EXISTS ONLY micadoapp.individual_intervention_plan_interventions DROP CONSTRAINT IF EXISTS individual_intervention_plan_interventions_pk;
ALTER TABLE IF EXISTS ONLY micadoapp.glossary_translation_prod DROP CONSTRAINT IF EXISTS glossary_translation_prod_pk;
ALTER TABLE IF EXISTS ONLY micadoapp.glossary_translation DROP CONSTRAINT IF EXISTS glossary_translation_pk;
ALTER TABLE IF EXISTS ONLY micadoapp.glossary DROP CONSTRAINT IF EXISTS glossary_pk;
ALTER TABLE IF EXISTS ONLY micadoapp.feedback DROP CONSTRAINT IF EXISTS feedback_pkey;
ALTER TABLE IF EXISTS ONLY micadoapp.features_flags_translation DROP CONSTRAINT IF EXISTS features_flags_translation_pk;
ALTER TABLE IF EXISTS ONLY micadoapp.features_flags DROP CONSTRAINT IF EXISTS features_flag_pkey;
ALTER TABLE IF EXISTS ONLY micadoapp.features_flags_translation_prod DROP CONSTRAINT IF EXISTS feature_flags_translation_prod_pk;
ALTER TABLE IF EXISTS ONLY micadoapp.event_user_types DROP CONSTRAINT IF EXISTS event_user_types_pk;
ALTER TABLE IF EXISTS ONLY micadoapp.event_translation_prod DROP CONSTRAINT IF EXISTS event_translation_prod_original_pk;
ALTER TABLE IF EXISTS ONLY micadoapp.event_translation DROP CONSTRAINT IF EXISTS event_translation_original_pk;
ALTER TABLE IF EXISTS ONLY micadoapp.event_topic DROP CONSTRAINT IF EXISTS event_topic_original_pk;
ALTER TABLE IF EXISTS ONLY micadoapp.information_tags_translation_prod DROP CONSTRAINT IF EXISTS event_tags_translation_prod_pkey;
ALTER TABLE IF EXISTS ONLY micadoapp.event_tags_translation_prod DROP CONSTRAINT IF EXISTS event_tags_translation_prod_original_pk;
ALTER TABLE IF EXISTS ONLY micadoapp.information_tags_translation DROP CONSTRAINT IF EXISTS event_tags_translation_pk;
ALTER TABLE IF EXISTS ONLY micadoapp.event_tags_translation DROP CONSTRAINT IF EXISTS event_tags_translation_original_pk;
ALTER TABLE IF EXISTS ONLY micadoapp.event_tags DROP CONSTRAINT IF EXISTS event_tags_pk_1;
ALTER TABLE IF EXISTS ONLY micadoapp.information_tags DROP CONSTRAINT IF EXISTS event_tags_pk;
ALTER TABLE IF EXISTS ONLY micadoapp.information DROP CONSTRAINT IF EXISTS event_pkey;
ALTER TABLE IF EXISTS ONLY micadoapp.event DROP CONSTRAINT IF EXISTS event_pk;
ALTER TABLE IF EXISTS ONLY micadoapp.event_category_translation_prod DROP CONSTRAINT IF EXISTS event_category_translation_prod_original_pk_;
ALTER TABLE IF EXISTS ONLY micadoapp.information_category_translation_prod DROP CONSTRAINT IF EXISTS event_category_translation_pk;
ALTER TABLE IF EXISTS ONLY micadoapp.event_category_translation DROP CONSTRAINT IF EXISTS event_category_translation_original_pk_;
ALTER TABLE IF EXISTS ONLY micadoapp.information_category DROP CONSTRAINT IF EXISTS event_category_pkey;
ALTER TABLE IF EXISTS ONLY micadoapp.event_category DROP CONSTRAINT IF EXISTS event_category_pk;
ALTER TABLE IF EXISTS ONLY micadoapp.document_type_translation_prod DROP CONSTRAINT IF EXISTS document_type_translation_prod_pk;
ALTER TABLE IF EXISTS ONLY micadoapp.document_type_translation DROP CONSTRAINT IF EXISTS document_type_translation_pkey;
ALTER TABLE IF EXISTS ONLY micadoapp.document_type DROP CONSTRAINT IF EXISTS document_type_pkey;
ALTER TABLE IF EXISTS ONLY micadoapp.document_type_picture DROP CONSTRAINT IF EXISTS document_type_picture_pk;
ALTER TABLE IF EXISTS ONLY micadoapp.document DROP CONSTRAINT IF EXISTS document_pk;
ALTER TABLE IF EXISTS ONLY micadoapp.document_pictures DROP CONSTRAINT IF EXISTS document_pictures_pk;
ALTER TABLE IF EXISTS ONLY micadoapp.comments_translation DROP CONSTRAINT IF EXISTS comments_translation_pkey;
ALTER TABLE IF EXISTS ONLY micadoapp.comments DROP CONSTRAINT IF EXISTS comments_pkey;
ALTER TABLE IF EXISTS ONLY micadoapp.comment_translation_prod DROP CONSTRAINT IF EXISTS comment_translation_prod_pkey;
ALTER TABLE IF EXISTS ONLY micadoapp.charts DROP CONSTRAINT IF EXISTS charts_pkey;
ALTER TABLE IF EXISTS micadoapp.user_types_translation_prod ALTER COLUMN id DROP DEFAULT;
ALTER TABLE IF EXISTS micadoapp.user_types_translation ALTER COLUMN id DROP DEFAULT;
ALTER TABLE IF EXISTS micadoapp.user_types ALTER COLUMN id DROP DEFAULT;
ALTER TABLE IF EXISTS micadoapp.topic_translation_prod ALTER COLUMN id DROP DEFAULT;
ALTER TABLE IF EXISTS micadoapp.topic_translation ALTER COLUMN id DROP DEFAULT;
ALTER TABLE IF EXISTS micadoapp.topic ALTER COLUMN id DROP DEFAULT;
ALTER TABLE IF EXISTS micadoapp.ratings ALTER COLUMN id DROP DEFAULT;
ALTER TABLE IF EXISTS micadoapp.ratings ALTER COLUMN content_id DROP DEFAULT;
ALTER TABLE IF EXISTS micadoapp.rasa ALTER COLUMN id DROP DEFAULT;
ALTER TABLE IF EXISTS micadoapp.process_users ALTER COLUMN id_user_types DROP DEFAULT;
ALTER TABLE IF EXISTS micadoapp.process_users ALTER COLUMN id_process DROP DEFAULT;
ALTER TABLE IF EXISTS micadoapp.process_translation_prod ALTER COLUMN id DROP DEFAULT;
ALTER TABLE IF EXISTS micadoapp.process_translation ALTER COLUMN id DROP DEFAULT;
ALTER TABLE IF EXISTS micadoapp.process_topic ALTER COLUMN id_topic DROP DEFAULT;
ALTER TABLE IF EXISTS micadoapp.process_topic ALTER COLUMN id_process DROP DEFAULT;
ALTER TABLE IF EXISTS micadoapp.process ALTER COLUMN id DROP DEFAULT;
ALTER TABLE IF EXISTS micadoapp.picture_hotspot ALTER COLUMN id DROP DEFAULT;
ALTER TABLE IF EXISTS micadoapp.intervention_types ALTER COLUMN id DROP DEFAULT;
ALTER TABLE IF EXISTS micadoapp.intervention_processes ALTER COLUMN process_id DROP DEFAULT;
ALTER TABLE IF EXISTS micadoapp.intervention_processes ALTER COLUMN intervention_type DROP DEFAULT;
ALTER TABLE IF EXISTS micadoapp.intervention_category ALTER COLUMN id DROP DEFAULT;
ALTER TABLE IF EXISTS micadoapp.information_tags ALTER COLUMN id DROP DEFAULT;
ALTER TABLE IF EXISTS micadoapp.information_category ALTER COLUMN id DROP DEFAULT;
ALTER TABLE IF EXISTS micadoapp.information ALTER COLUMN id DROP DEFAULT;
ALTER TABLE IF EXISTS micadoapp.individual_intervention_plan_interventions ALTER COLUMN id DROP DEFAULT;
ALTER TABLE IF EXISTS micadoapp.individual_intervention_plan_interventions ALTER COLUMN intervention_type DROP DEFAULT;
ALTER TABLE IF EXISTS micadoapp.individual_intervention_plan_interventions ALTER COLUMN list_id DROP DEFAULT;
ALTER TABLE IF EXISTS micadoapp.individual_intervention_plan ALTER COLUMN id DROP DEFAULT;
ALTER TABLE IF EXISTS micadoapp.glossary ALTER COLUMN id DROP DEFAULT;
ALTER TABLE IF EXISTS micadoapp.feedback ALTER COLUMN id DROP DEFAULT;
ALTER TABLE IF EXISTS micadoapp.features_flags ALTER COLUMN id DROP DEFAULT;
ALTER TABLE IF EXISTS micadoapp.event_translation_prod ALTER COLUMN id DROP DEFAULT;
ALTER TABLE IF EXISTS micadoapp.event_tags ALTER COLUMN id DROP DEFAULT;
ALTER TABLE IF EXISTS micadoapp.event_category ALTER COLUMN id DROP DEFAULT;
ALTER TABLE IF EXISTS micadoapp.event ALTER COLUMN id DROP DEFAULT;
ALTER TABLE IF EXISTS micadoapp.document_type_picture ALTER COLUMN id DROP DEFAULT;
ALTER TABLE IF EXISTS micadoapp.document_type ALTER COLUMN id DROP DEFAULT;
ALTER TABLE IF EXISTS micadoapp.document ALTER COLUMN document_type DROP DEFAULT;
ALTER TABLE IF EXISTS micadoapp.document ALTER COLUMN id DROP DEFAULT;
ALTER TABLE IF EXISTS micadoapp.comments ALTER COLUMN id DROP DEFAULT;
DROP SEQUENCE IF EXISTS micadoapp.user_types_translation_prod_id_seq;
DROP TABLE IF EXISTS micadoapp.user_types_translation_prod;
DROP SEQUENCE IF EXISTS micadoapp.user_types_translation_id_seq;
DROP TABLE IF EXISTS micadoapp.user_types_translation;
DROP SEQUENCE IF EXISTS micadoapp.user_types_id_seq;
DROP TABLE IF EXISTS micadoapp.user_types;
DROP SEQUENCE IF EXISTS micadoapp.user_type_translation_prod_id_seq;
DROP TABLE IF EXISTS micadoapp.user_preferences;
DROP TABLE IF EXISTS micadoapp.user_pictures;
DROP SEQUENCE IF EXISTS micadoapp.user_pic_id_seq;
DROP TABLE IF EXISTS micadoapp.user_consent;
DROP SEQUENCE IF EXISTS micadoapp.topic_translation_prod_id_seq;
DROP TABLE IF EXISTS micadoapp.topic_translation_prod;
DROP SEQUENCE IF EXISTS micadoapp.topic_translation_id_seq;
DROP VIEW IF EXISTS micadoapp.topic_translated;
DROP TABLE IF EXISTS micadoapp.topic_translation;
DROP SEQUENCE IF EXISTS micadoapp.topic_id_seq;
DROP TABLE IF EXISTS micadoapp.topic;
DROP TABLE IF EXISTS micadoapp.tenant;
DROP TABLE IF EXISTS micadoapp.t_settings_translation_prod;
DROP TABLE IF EXISTS micadoapp.t_settings_translation;
DROP TABLE IF EXISTS micadoapp.t_settings;
DROP TABLE IF EXISTS micadoapp.survey_answers;
DROP TABLE IF EXISTS micadoapp.survey;
DROP TABLE IF EXISTS micadoapp.step_translation_prod;
DROP TABLE IF EXISTS micadoapp.step_translation;
DROP TABLE IF EXISTS micadoapp.step_link_translation_prod;
DROP TABLE IF EXISTS micadoapp.step_link_translation;
DROP TABLE IF EXISTS micadoapp.step_link;
DROP TABLE IF EXISTS micadoapp.step_document;
DROP TABLE IF EXISTS micadoapp.step;
DROP TABLE IF EXISTS micadoapp.settings;
DROP SEQUENCE IF EXISTS micadoapp.ratings_id_seq;
DROP SEQUENCE IF EXISTS micadoapp.ratings_content_id_seq;
DROP TABLE IF EXISTS micadoapp.ratings;
DROP SEQUENCE IF EXISTS micadoapp.rasa_id_seq;
DROP TABLE IF EXISTS micadoapp.rasa;
DROP SEQUENCE IF EXISTS micadoapp.process_users_id_user_types_seq;
DROP SEQUENCE IF EXISTS micadoapp.process_users_id_process_seq;
DROP TABLE IF EXISTS micadoapp.process_users;
DROP SEQUENCE IF EXISTS micadoapp.process_translation_prod_id_seq;
DROP TABLE IF EXISTS micadoapp.process_translation_prod;
DROP SEQUENCE IF EXISTS micadoapp.process_translation_id_seq;
DROP TABLE IF EXISTS micadoapp.process_translation;
DROP SEQUENCE IF EXISTS micadoapp.process_topic_id_topic_seq;
DROP SEQUENCE IF EXISTS micadoapp.process_topic_id_process_seq;
DROP TABLE IF EXISTS micadoapp.process_topic;
DROP TABLE IF EXISTS micadoapp.process_produced_documents;
DROP SEQUENCE IF EXISTS micadoapp.process_id_seq;
DROP TABLE IF EXISTS micadoapp.process_comments;
DROP TABLE IF EXISTS micadoapp.process;
DROP TABLE IF EXISTS micadoapp.picture_hotspot_translation_prod;
DROP VIEW IF EXISTS micadoapp.picture_hotspot_translated;
DROP TABLE IF EXISTS micadoapp.picture_hotspot_translation;
DROP SEQUENCE IF EXISTS micadoapp.picture_hotspot_id_seq;
DROP TABLE IF EXISTS micadoapp.picture_hotspot;
DROP TABLE IF EXISTS micadoapp.mixed_icons;
DROP TABLE IF EXISTS micadoapp.migrant_app_config;
DROP TABLE IF EXISTS micadoapp.languages;
DROP TABLE IF EXISTS micadoapp.intervention_types_translation_prod;
DROP TABLE IF EXISTS micadoapp.intervention_types_translation;
DROP SEQUENCE IF EXISTS micadoapp.intervention_types_id_seq;
DROP TABLE IF EXISTS micadoapp.intervention_types;
DROP TABLE IF EXISTS micadoapp.intervention_type_validator;
DROP SEQUENCE IF EXISTS micadoapp.intervention_processes_process_id_seq;
DROP SEQUENCE IF EXISTS micadoapp.intervention_processes_intervention_type_seq;
DROP TABLE IF EXISTS micadoapp.intervention_processes;
DROP TABLE IF EXISTS micadoapp.intervention_category_translation_prod;
DROP TABLE IF EXISTS micadoapp.intervention_category_translation;
DROP SEQUENCE IF EXISTS micadoapp.intervention_category_id_seq;
DROP TABLE IF EXISTS micadoapp.intervention_category;
DROP TABLE IF EXISTS micadoapp.information_translation;
DROP TABLE IF EXISTS micadoapp.information_tags_translation_prod;
DROP TABLE IF EXISTS micadoapp.information_tags_translation;
DROP TABLE IF EXISTS micadoapp.information_category_translation;
DROP SEQUENCE IF EXISTS micadoapp.individual_intervention_plan_interventions_list_id_seq;
DROP SEQUENCE IF EXISTS micadoapp.individual_intervention_plan_interventions_id_seq;
DROP SEQUENCE IF EXISTS micadoapp.individual_intervention_plan_intervention_intervention_type_seq;
DROP TABLE IF EXISTS micadoapp.individual_intervention_plan_interventions;
DROP SEQUENCE IF EXISTS micadoapp.individual_intervention_plan_id_seq;
DROP TABLE IF EXISTS micadoapp.individual_intervention_plan;
DROP TABLE IF EXISTS micadoapp.glossary_translation_prod;
DROP TABLE IF EXISTS micadoapp.glossary_translation;
DROP SEQUENCE IF EXISTS micadoapp.glossary_id_seq;
DROP TABLE IF EXISTS micadoapp.glossary;
DROP SEQUENCE IF EXISTS micadoapp.feedback_id_seq;
DROP TABLE IF EXISTS micadoapp.feedback;
DROP TABLE IF EXISTS micadoapp.features_flags_translation_prod;
DROP SEQUENCE IF EXISTS micadoapp.features_flags_id_seq;
DROP VIEW IF EXISTS micadoapp.feature_flags_translated;
DROP TABLE IF EXISTS micadoapp.features_flags_translation;
DROP SEQUENCE IF EXISTS micadoapp.event_user_types_id_user_types_seq1;
DROP SEQUENCE IF EXISTS micadoapp.event_user_types_id_user_types_seq;
DROP SEQUENCE IF EXISTS micadoapp.event_user_types_id_event_seq1;
DROP SEQUENCE IF EXISTS micadoapp.event_user_types_id_event_seq;
DROP TABLE IF EXISTS micadoapp.information_user_types;
DROP TABLE IF EXISTS micadoapp.event_user_types;
DROP SEQUENCE IF EXISTS micadoapp.event_translation_prod_id_seq1;
DROP SEQUENCE IF EXISTS micadoapp.event_translation_prod_id_seq;
DROP TABLE IF EXISTS micadoapp.information_translation_prod;
DROP TABLE IF EXISTS micadoapp.event_translation_prod;
DROP TABLE IF EXISTS micadoapp.event_translation;
DROP SEQUENCE IF EXISTS micadoapp.event_topic_id_topic_seq1;
DROP SEQUENCE IF EXISTS micadoapp.event_topic_id_topic_seq;
DROP SEQUENCE IF EXISTS micadoapp.event_topic_id_event_seq1;
DROP SEQUENCE IF EXISTS micadoapp.event_topic_id_event_seq;
DROP TABLE IF EXISTS micadoapp.information_topic;
DROP TABLE IF EXISTS micadoapp.event_topic;
DROP TABLE IF EXISTS micadoapp.event_tags_translation_prod;
DROP TABLE IF EXISTS micadoapp.event_tags_translation;
DROP SEQUENCE IF EXISTS micadoapp.event_tags_id_seq2;
DROP SEQUENCE IF EXISTS micadoapp.event_tags_id_seq1;
DROP TABLE IF EXISTS micadoapp.information_tags;
DROP SEQUENCE IF EXISTS micadoapp.event_tags_id_seq;
DROP TABLE IF EXISTS micadoapp.event_tags;
DROP SEQUENCE IF EXISTS micadoapp.event_id_seq1;
DROP SEQUENCE IF EXISTS micadoapp.event_id_seq;
DROP TABLE IF EXISTS micadoapp.information;
DROP SEQUENCE IF EXISTS micadoapp.event_category_translation_prod_id_seq1;
DROP SEQUENCE IF EXISTS micadoapp.event_category_translation_prod_id_seq;
DROP TABLE IF EXISTS micadoapp.information_category_translation_prod;
DROP TABLE IF EXISTS micadoapp.event_category_translation_prod;
DROP TABLE IF EXISTS micadoapp.event_category_translation;
DROP SEQUENCE IF EXISTS micadoapp.event_category_id_seq1;
DROP SEQUENCE IF EXISTS micadoapp.event_category_id_seq;
DROP TABLE IF EXISTS micadoapp.information_category;
DROP TABLE IF EXISTS micadoapp.event_category;
DROP TABLE IF EXISTS micadoapp.event;
DROP TABLE IF EXISTS micadoapp.document_type_validator;
DROP TABLE IF EXISTS micadoapp.document_type_translation_prod;
DROP VIEW IF EXISTS micadoapp.document_type_translated;
DROP TABLE IF EXISTS micadoapp.document_type_translation;
DROP SEQUENCE IF EXISTS micadoapp.document_type_picture_id_seq;
DROP TABLE IF EXISTS micadoapp.document_type_picture;
DROP SEQUENCE IF EXISTS micadoapp.document_type_id_seq;
DROP TABLE IF EXISTS micadoapp.document_type;
DROP TABLE IF EXISTS micadoapp.document_pictures;
DROP SEQUENCE IF EXISTS micadoapp.document_pictures_id_seq;
DROP SEQUENCE IF EXISTS micadoapp.document_id_seq;
DROP SEQUENCE IF EXISTS micadoapp.document_document_type_seq;
DROP TABLE IF EXISTS micadoapp.document;
DROP TABLE IF EXISTS micadoapp.completed_intervention_document;
DROP TABLE IF EXISTS micadoapp.comments_translation;
DROP SEQUENCE IF EXISTS micadoapp.comments_id_seq;
DROP TABLE IF EXISTS micadoapp.comments;
DROP TABLE IF EXISTS micadoapp.comment_translation_prod;
DROP SEQUENCE IF EXISTS micadoapp.comment_translation_prod_id_seq;
DROP TABLE IF EXISTS micadoapp.charts;
DROP SEQUENCE IF EXISTS micadoapp.charts_id_seq;
DROP VIEW IF EXISTS micadoapp.active_features;
DROP TABLE IF EXISTS micadoapp.features_flags;
DROP SCHEMA IF EXISTS micadoapp;
--
-- Name: micadoapp; Type: SCHEMA; Schema: -; Owner: -
--

CREATE SCHEMA micadoapp;


SET default_with_oids = false;

--
-- Name: features_flags; Type: TABLE; Schema: micadoapp; Owner: -
--

CREATE TABLE micadoapp.features_flags (
    id smallint NOT NULL,
    flag_key text,
    enabled boolean DEFAULT false NOT NULL
);


--
-- Name: active_features; Type: VIEW; Schema: micadoapp; Owner: -
--

CREATE VIEW micadoapp.active_features AS
 SELECT json_agg(features_flags.flag_key) AS features
   FROM micadoapp.features_flags
  WHERE (features_flags.enabled = true);


--
-- Name: charts_id_seq; Type: SEQUENCE; Schema: micadoapp; Owner: -
--

CREATE SEQUENCE micadoapp.charts_id_seq
    AS smallint
    START WITH 1
    INCREMENT BY 1
    NO MINVALUE
    NO MAXVALUE
    CACHE 1;


--
-- Name: charts; Type: TABLE; Schema: micadoapp; Owner: -
--

CREATE TABLE micadoapp.charts (
    id smallint DEFAULT nextval('micadoapp.charts_id_seq'::regclass) NOT NULL,
    title character(255) NOT NULL,
    content character varying NOT NULL,
    description character varying,
    category character(255),
    format character(255),
    type character(255),
    xistime boolean,
    x character(255),
    y character(255),
    board character(255)
);


--
-- Name: comment_translation_prod_id_seq; Type: SEQUENCE; Schema: micadoapp; Owner: -
--

CREATE SEQUENCE micadoapp.comment_translation_prod_id_seq
    AS smallint
    START WITH 1
    INCREMENT BY 1
    NO MINVALUE
    NO MAXVALUE
    CACHE 1;


--
-- Name: comment_translation_prod; Type: TABLE; Schema: micadoapp; Owner: -
--

CREATE TABLE micadoapp.comment_translation_prod (
    lang character varying(10) NOT NULL,
    comment text,
    translationdate date,
    id smallint DEFAULT nextval('micadoapp.comment_translation_prod_id_seq'::regclass) NOT NULL
);


--
-- Name: comments; Type: TABLE; Schema: micadoapp; Owner: -
--

CREATE TABLE micadoapp.comments (
    id smallint NOT NULL,
    tenant_id integer NOT NULL,
    published boolean DEFAULT false,
    published_date date
);


--
-- Name: comments_id_seq; Type: SEQUENCE; Schema: micadoapp; Owner: -
--

CREATE SEQUENCE micadoapp.comments_id_seq
    AS smallint
    START WITH 1
    INCREMENT BY 1
    NO MINVALUE
    NO MAXVALUE
    CACHE 1;


--
-- Name: comments_id_seq; Type: SEQUENCE OWNED BY; Schema: micadoapp; Owner: -
--

ALTER SEQUENCE micadoapp.comments_id_seq OWNED BY micadoapp.comments.id;


--
-- Name: comments_translation; Type: TABLE; Schema: micadoapp; Owner: -
--

CREATE TABLE micadoapp.comments_translation (
    id smallint NOT NULL,
    lang character varying(10) NOT NULL,
    comment text,
    translationdate date,
    "translationState" integer DEFAULT 0 NOT NULL,
    published boolean DEFAULT false
);


--
-- Name: completed_intervention_document; Type: TABLE; Schema: micadoapp; Owner: -
--

CREATE TABLE micadoapp.completed_intervention_document (
    id_document smallint NOT NULL,
    id_intervention smallint NOT NULL
);


--
-- Name: document; Type: TABLE; Schema: micadoapp; Owner: -
--

CREATE TABLE micadoapp.document (
    id smallint NOT NULL,
    document_type smallint NOT NULL,
    user_id integer,
    user_tenant integer,
    ask_validate_by_tenant smallint,
    validated boolean DEFAULT false NOT NULL,
    validation_date timestamp without time zone,
    validated_by_tenant integer,
    validated_by_user integer,
    uploaded_by_me boolean DEFAULT false NOT NULL,
    expiration_date timestamp without time zone
);


--
-- Name: COLUMN document.user_id; Type: COMMENT; Schema: micadoapp; Owner: -
--

COMMENT ON COLUMN micadoapp.document.user_id IS 'id of the user owner of the document';


--
-- Name: COLUMN document.ask_validate_by_tenant; Type: COMMENT; Schema: micadoapp; Owner: -
--

COMMENT ON COLUMN micadoapp.document.ask_validate_by_tenant IS 'if the document is of a type that is validable here is where the owner can ask a potential validator to validate it';


--
-- Name: COLUMN document.uploaded_by_me; Type: COMMENT; Schema: micadoapp; Owner: -
--

COMMENT ON COLUMN micadoapp.document.uploaded_by_me IS 'this is used to uinderstand if is uploaded by the owner so that he can edit';


--
-- Name: COLUMN document.expiration_date; Type: COMMENT; Schema: micadoapp; Owner: -
--

COMMENT ON COLUMN micadoapp.document.expiration_date IS 'this will be inserted by hand';


--
-- Name: document_document_type_seq; Type: SEQUENCE; Schema: micadoapp; Owner: -
--

CREATE SEQUENCE micadoapp.document_document_type_seq
    AS smallint
    START WITH 1
    INCREMENT BY 1
    NO MINVALUE
    NO MAXVALUE
    CACHE 1;


--
-- Name: document_document_type_seq; Type: SEQUENCE OWNED BY; Schema: micadoapp; Owner: -
--

ALTER SEQUENCE micadoapp.document_document_type_seq OWNED BY micadoapp.document.document_type;


--
-- Name: document_id_seq; Type: SEQUENCE; Schema: micadoapp; Owner: -
--

CREATE SEQUENCE micadoapp.document_id_seq
    AS smallint
    START WITH 1
    INCREMENT BY 1
    NO MINVALUE
    NO MAXVALUE
    CACHE 1;


--
-- Name: document_id_seq; Type: SEQUENCE OWNED BY; Schema: micadoapp; Owner: -
--

ALTER SEQUENCE micadoapp.document_id_seq OWNED BY micadoapp.document.id;


--
-- Name: document_pictures_id_seq; Type: SEQUENCE; Schema: micadoapp; Owner: -
--

CREATE SEQUENCE micadoapp.document_pictures_id_seq
    START WITH 1
    INCREMENT BY 1
    NO MINVALUE
    MAXVALUE 32767
    CACHE 1;


--
-- Name: document_pictures; Type: TABLE; Schema: micadoapp; Owner: -
--

CREATE TABLE micadoapp.document_pictures (
    id smallint DEFAULT nextval('micadoapp.document_pictures_id_seq'::regclass) NOT NULL,
    picture text,
    doc_id smallint NOT NULL,
    "order" smallint
);


--
-- Name: document_type; Type: TABLE; Schema: micadoapp; Owner: -
--

CREATE TABLE micadoapp.document_type (
    id smallint NOT NULL,
    icon text,
    issuer character varying(20),
    model text,
    validable boolean DEFAULT false NOT NULL,
    validity_duration smallint,
    model_is_present boolean DEFAULT false,
    published boolean DEFAULT false
);


--
-- Name: COLUMN document_type.issuer; Type: COMMENT; Schema: micadoapp; Owner: -
--

COMMENT ON COLUMN micadoapp.document_type.issuer IS 'free text since not all issuers will have a tenant in MICADO';


--
-- Name: COLUMN document_type.validable; Type: COMMENT; Schema: micadoapp; Owner: -
--

COMMENT ON COLUMN micadoapp.document_type.validable IS 'if trhis document can be validated';


--
-- Name: COLUMN document_type.validity_duration; Type: COMMENT; Schema: micadoapp; Owner: -
--

COMMENT ON COLUMN micadoapp.document_type.validity_duration IS 'the duration of the document in days';


--
-- Name: document_type_id_seq; Type: SEQUENCE; Schema: micadoapp; Owner: -
--

CREATE SEQUENCE micadoapp.document_type_id_seq
    AS smallint
    START WITH 1
    INCREMENT BY 1
    NO MINVALUE
    NO MAXVALUE
    CACHE 1;


--
-- Name: document_type_id_seq; Type: SEQUENCE OWNED BY; Schema: micadoapp; Owner: -
--

ALTER SEQUENCE micadoapp.document_type_id_seq OWNED BY micadoapp.document_type.id;


--
-- Name: document_type_picture; Type: TABLE; Schema: micadoapp; Owner: -
--

CREATE TABLE micadoapp.document_type_picture (
    id smallint NOT NULL,
    image text,
    document_type_id smallint NOT NULL,
    "order" integer
);


--
-- Name: document_type_picture_id_seq; Type: SEQUENCE; Schema: micadoapp; Owner: -
--

CREATE SEQUENCE micadoapp.document_type_picture_id_seq
    AS smallint
    START WITH 1
    INCREMENT BY 1
    NO MINVALUE
    NO MAXVALUE
    CACHE 1;


--
-- Name: document_type_picture_id_seq; Type: SEQUENCE OWNED BY; Schema: micadoapp; Owner: -
--

ALTER SEQUENCE micadoapp.document_type_picture_id_seq OWNED BY micadoapp.document_type_picture.id;


--
-- Name: document_type_translation; Type: TABLE; Schema: micadoapp; Owner: -
--

CREATE TABLE micadoapp.document_type_translation (
    id smallint NOT NULL,
    lang character varying(10) NOT NULL,
    document character varying(70),
    description text,
    translation_date timestamp without time zone,
    "translationState" integer DEFAULT 0 NOT NULL,
    published boolean DEFAULT false
);


--
-- Name: document_type_translated; Type: VIEW; Schema: micadoapp; Owner: -
--

CREATE VIEW micadoapp.document_type_translated AS
 SELECT dt.id,
    dt.icon,
    dt.issuer,
    dt.model,
    dt.validable,
    dt.validity_duration,
    dtt.lang,
    dtt.document,
    dtt.description
   FROM micadoapp.document_type dt,
    micadoapp.document_type_translation dtt
  WHERE (dt.id = dtt.id);


--
-- Name: document_type_translation_prod; Type: TABLE; Schema: micadoapp; Owner: -
--

CREATE TABLE micadoapp.document_type_translation_prod (
    id smallint NOT NULL,
    lang character varying(10) NOT NULL,
    document character varying(70),
    description text,
    translation_date timestamp without time zone
);


--
-- Name: document_type_validator; Type: TABLE; Schema: micadoapp; Owner: -
--

CREATE TABLE micadoapp.document_type_validator (
    document_type_id smallint NOT NULL,
    validable_by_tenant integer
);


--
-- Name: TABLE document_type_validator; Type: COMMENT; Schema: micadoapp; Owner: -
--

COMMENT ON TABLE micadoapp.document_type_validator IS 'this table map all the organizations that are eligible to validate that tenant';


--
-- Name: event; Type: TABLE; Schema: micadoapp; Owner: -
--

CREATE TABLE micadoapp.event (
    id smallint NOT NULL,
    link character varying(70),
    category smallint,
    start_date timestamp without time zone,
    end_date timestamp without time zone,
    published boolean DEFAULT false,
    location text,
    creator integer,
    cost text
);


--
-- Name: event_category; Type: TABLE; Schema: micadoapp; Owner: -
--

CREATE TABLE micadoapp.event_category (
    id smallint NOT NULL,
    icon text,
    link_integration_plan boolean,
    published boolean DEFAULT false
);


--
-- Name: information_category; Type: TABLE; Schema: micadoapp; Owner: -
--

CREATE TABLE micadoapp.information_category (
    id smallint NOT NULL,
    icon text,
    link_integration_plan boolean,
    published boolean DEFAULT false
);


--
-- Name: event_category_id_seq; Type: SEQUENCE; Schema: micadoapp; Owner: -
--

CREATE SEQUENCE micadoapp.event_category_id_seq
    AS smallint
    START WITH 1
    INCREMENT BY 1
    NO MINVALUE
    NO MAXVALUE
    CACHE 1;


--
-- Name: event_category_id_seq; Type: SEQUENCE OWNED BY; Schema: micadoapp; Owner: -
--

ALTER SEQUENCE micadoapp.event_category_id_seq OWNED BY micadoapp.information_category.id;


--
-- Name: event_category_id_seq1; Type: SEQUENCE; Schema: micadoapp; Owner: -
--

CREATE SEQUENCE micadoapp.event_category_id_seq1
    AS smallint
    START WITH 1
    INCREMENT BY 1
    NO MINVALUE
    NO MAXVALUE
    CACHE 1;


--
-- Name: event_category_id_seq1; Type: SEQUENCE OWNED BY; Schema: micadoapp; Owner: -
--

ALTER SEQUENCE micadoapp.event_category_id_seq1 OWNED BY micadoapp.event_category.id;


--
-- Name: event_category_translation; Type: TABLE; Schema: micadoapp; Owner: -
--

CREATE TABLE micadoapp.event_category_translation (
    id smallint NOT NULL,
    lang character varying(10) NOT NULL,
    event_category text,
    translation_date timestamp without time zone,
    "translationState" integer DEFAULT 0 NOT NULL,
    published boolean DEFAULT false
);


--
-- Name: event_category_translation_prod; Type: TABLE; Schema: micadoapp; Owner: -
--

CREATE TABLE micadoapp.event_category_translation_prod (
    id smallint NOT NULL,
    lang character varying(10) NOT NULL,
    event_category text,
    translation_date timestamp without time zone
);


--
-- Name: information_category_translation_prod; Type: TABLE; Schema: micadoapp; Owner: -
--

CREATE TABLE micadoapp.information_category_translation_prod (
    id smallint NOT NULL,
    lang character varying(10) NOT NULL,
    information_category text,
    translation_date timestamp without time zone
);


--
-- Name: event_category_translation_prod_id_seq; Type: SEQUENCE; Schema: micadoapp; Owner: -
--

CREATE SEQUENCE micadoapp.event_category_translation_prod_id_seq
    AS smallint
    START WITH 1
    INCREMENT BY 1
    NO MINVALUE
    NO MAXVALUE
    CACHE 1;


--
-- Name: event_category_translation_prod_id_seq; Type: SEQUENCE OWNED BY; Schema: micadoapp; Owner: -
--

ALTER SEQUENCE micadoapp.event_category_translation_prod_id_seq OWNED BY micadoapp.information_category_translation_prod.id;


--
-- Name: event_category_translation_prod_id_seq1; Type: SEQUENCE; Schema: micadoapp; Owner: -
--

CREATE SEQUENCE micadoapp.event_category_translation_prod_id_seq1
    AS smallint
    START WITH 1
    INCREMENT BY 1
    NO MINVALUE
    NO MAXVALUE
    CACHE 1;


--
-- Name: event_category_translation_prod_id_seq1; Type: SEQUENCE OWNED BY; Schema: micadoapp; Owner: -
--

ALTER SEQUENCE micadoapp.event_category_translation_prod_id_seq1 OWNED BY micadoapp.event_category_translation_prod.id;


--
-- Name: information; Type: TABLE; Schema: micadoapp; Owner: -
--

CREATE TABLE micadoapp.information (
    id smallint NOT NULL,
    link character varying(70),
    category smallint,
    published boolean DEFAULT false,
    creator integer
);


--
-- Name: TABLE information; Type: COMMENT; Schema: micadoapp; Owner: -
--

COMMENT ON TABLE micadoapp.information IS 'this is the generic event table for courses, news,  etc that each organization wants to publish';


--
-- Name: event_id_seq; Type: SEQUENCE; Schema: micadoapp; Owner: -
--

CREATE SEQUENCE micadoapp.event_id_seq
    AS smallint
    START WITH 1
    INCREMENT BY 1
    NO MINVALUE
    NO MAXVALUE
    CACHE 1;


--
-- Name: event_id_seq; Type: SEQUENCE OWNED BY; Schema: micadoapp; Owner: -
--

ALTER SEQUENCE micadoapp.event_id_seq OWNED BY micadoapp.information.id;


--
-- Name: event_id_seq1; Type: SEQUENCE; Schema: micadoapp; Owner: -
--

CREATE SEQUENCE micadoapp.event_id_seq1
    AS smallint
    START WITH 1
    INCREMENT BY 1
    NO MINVALUE
    NO MAXVALUE
    CACHE 1;


--
-- Name: event_id_seq1; Type: SEQUENCE OWNED BY; Schema: micadoapp; Owner: -
--

ALTER SEQUENCE micadoapp.event_id_seq1 OWNED BY micadoapp.event.id;


--
-- Name: event_tags; Type: TABLE; Schema: micadoapp; Owner: -
--

CREATE TABLE micadoapp.event_tags (
    id smallint NOT NULL,
    event_id smallint NOT NULL,
    published boolean DEFAULT false
);


--
-- Name: event_tags_id_seq; Type: SEQUENCE; Schema: micadoapp; Owner: -
--

CREATE SEQUENCE micadoapp.event_tags_id_seq
    START WITH 1
    INCREMENT BY 1
    NO MINVALUE
    NO MAXVALUE
    CACHE 1;


--
-- Name: information_tags; Type: TABLE; Schema: micadoapp; Owner: -
--

CREATE TABLE micadoapp.information_tags (
    id smallint NOT NULL,
    information_id smallint NOT NULL,
    published boolean DEFAULT false
);


--
-- Name: event_tags_id_seq1; Type: SEQUENCE; Schema: micadoapp; Owner: -
--

CREATE SEQUENCE micadoapp.event_tags_id_seq1
    AS smallint
    START WITH 1
    INCREMENT BY 1
    NO MINVALUE
    NO MAXVALUE
    CACHE 1;


--
-- Name: event_tags_id_seq1; Type: SEQUENCE OWNED BY; Schema: micadoapp; Owner: -
--

ALTER SEQUENCE micadoapp.event_tags_id_seq1 OWNED BY micadoapp.information_tags.id;


--
-- Name: event_tags_id_seq2; Type: SEQUENCE; Schema: micadoapp; Owner: -
--

CREATE SEQUENCE micadoapp.event_tags_id_seq2
    AS smallint
    START WITH 1
    INCREMENT BY 1
    NO MINVALUE
    NO MAXVALUE
    CACHE 1;


--
-- Name: event_tags_id_seq2; Type: SEQUENCE OWNED BY; Schema: micadoapp; Owner: -
--

ALTER SEQUENCE micadoapp.event_tags_id_seq2 OWNED BY micadoapp.event_tags.id;


--
-- Name: event_tags_translation; Type: TABLE; Schema: micadoapp; Owner: -
--

CREATE TABLE micadoapp.event_tags_translation (
    id smallint NOT NULL,
    lang character varying(10) NOT NULL,
    tag character varying NOT NULL,
    translation_date timestamp without time zone,
    "translationState" integer DEFAULT 0 NOT NULL,
    published boolean DEFAULT false
);


--
-- Name: event_tags_translation_prod; Type: TABLE; Schema: micadoapp; Owner: -
--

CREATE TABLE micadoapp.event_tags_translation_prod (
    id smallint NOT NULL,
    lang character varying(10) NOT NULL,
    tag character varying NOT NULL,
    translation_date timestamp without time zone
);


--
-- Name: event_topic; Type: TABLE; Schema: micadoapp; Owner: -
--

CREATE TABLE micadoapp.event_topic (
    id_event smallint NOT NULL,
    id_topic smallint NOT NULL
);


--
-- Name: information_topic; Type: TABLE; Schema: micadoapp; Owner: -
--

CREATE TABLE micadoapp.information_topic (
    id_information smallint NOT NULL,
    id_topic smallint NOT NULL
);


--
-- Name: event_topic_id_event_seq; Type: SEQUENCE; Schema: micadoapp; Owner: -
--

CREATE SEQUENCE micadoapp.event_topic_id_event_seq
    AS smallint
    START WITH 1
    INCREMENT BY 1
    NO MINVALUE
    NO MAXVALUE
    CACHE 1;


--
-- Name: event_topic_id_event_seq; Type: SEQUENCE OWNED BY; Schema: micadoapp; Owner: -
--

ALTER SEQUENCE micadoapp.event_topic_id_event_seq OWNED BY micadoapp.information_topic.id_information;


--
-- Name: event_topic_id_event_seq1; Type: SEQUENCE; Schema: micadoapp; Owner: -
--

CREATE SEQUENCE micadoapp.event_topic_id_event_seq1
    AS smallint
    START WITH 1
    INCREMENT BY 1
    NO MINVALUE
    NO MAXVALUE
    CACHE 1;


--
-- Name: event_topic_id_event_seq1; Type: SEQUENCE OWNED BY; Schema: micadoapp; Owner: -
--

ALTER SEQUENCE micadoapp.event_topic_id_event_seq1 OWNED BY micadoapp.event_topic.id_event;


--
-- Name: event_topic_id_topic_seq; Type: SEQUENCE; Schema: micadoapp; Owner: -
--

CREATE SEQUENCE micadoapp.event_topic_id_topic_seq
    AS smallint
    START WITH 1
    INCREMENT BY 1
    NO MINVALUE
    NO MAXVALUE
    CACHE 1;


--
-- Name: event_topic_id_topic_seq; Type: SEQUENCE OWNED BY; Schema: micadoapp; Owner: -
--

ALTER SEQUENCE micadoapp.event_topic_id_topic_seq OWNED BY micadoapp.information_topic.id_topic;


--
-- Name: event_topic_id_topic_seq1; Type: SEQUENCE; Schema: micadoapp; Owner: -
--

CREATE SEQUENCE micadoapp.event_topic_id_topic_seq1
    AS smallint
    START WITH 1
    INCREMENT BY 1
    NO MINVALUE
    NO MAXVALUE
    CACHE 1;


--
-- Name: event_topic_id_topic_seq1; Type: SEQUENCE OWNED BY; Schema: micadoapp; Owner: -
--

ALTER SEQUENCE micadoapp.event_topic_id_topic_seq1 OWNED BY micadoapp.event_topic.id_topic;


--
-- Name: event_translation; Type: TABLE; Schema: micadoapp; Owner: -
--

CREATE TABLE micadoapp.event_translation (
    id smallint NOT NULL,
    lang character varying(10) NOT NULL,
    event text,
    description text,
    translation_date timestamp without time zone,
    "translationState" integer DEFAULT 0 NOT NULL,
    published boolean DEFAULT false
);


--
-- Name: event_translation_prod; Type: TABLE; Schema: micadoapp; Owner: -
--

CREATE TABLE micadoapp.event_translation_prod (
    id smallint NOT NULL,
    lang character varying(10) NOT NULL,
    event text,
    description text,
    translation_date timestamp without time zone
);


--
-- Name: information_translation_prod; Type: TABLE; Schema: micadoapp; Owner: -
--

CREATE TABLE micadoapp.information_translation_prod (
    id smallint NOT NULL,
    lang character varying(10) NOT NULL,
    information text,
    description text,
    translation_date timestamp without time zone
);


--
-- Name: event_translation_prod_id_seq; Type: SEQUENCE; Schema: micadoapp; Owner: -
--

CREATE SEQUENCE micadoapp.event_translation_prod_id_seq
    AS smallint
    START WITH 1
    INCREMENT BY 1
    NO MINVALUE
    NO MAXVALUE
    CACHE 1;


--
-- Name: event_translation_prod_id_seq; Type: SEQUENCE OWNED BY; Schema: micadoapp; Owner: -
--

ALTER SEQUENCE micadoapp.event_translation_prod_id_seq OWNED BY micadoapp.information_translation_prod.id;


--
-- Name: event_translation_prod_id_seq1; Type: SEQUENCE; Schema: micadoapp; Owner: -
--

CREATE SEQUENCE micadoapp.event_translation_prod_id_seq1
    AS smallint
    START WITH 1
    INCREMENT BY 1
    NO MINVALUE
    NO MAXVALUE
    CACHE 1;


--
-- Name: event_translation_prod_id_seq1; Type: SEQUENCE OWNED BY; Schema: micadoapp; Owner: -
--

ALTER SEQUENCE micadoapp.event_translation_prod_id_seq1 OWNED BY micadoapp.event_translation_prod.id;


--
-- Name: event_user_types; Type: TABLE; Schema: micadoapp; Owner: -
--

CREATE TABLE micadoapp.event_user_types (
    id_event smallint NOT NULL,
    id_user_types smallint NOT NULL
);


--
-- Name: information_user_types; Type: TABLE; Schema: micadoapp; Owner: -
--

CREATE TABLE micadoapp.information_user_types (
    id_information smallint NOT NULL,
    id_user_types smallint NOT NULL
);


--
-- Name: event_user_types_id_event_seq; Type: SEQUENCE; Schema: micadoapp; Owner: -
--

CREATE SEQUENCE micadoapp.event_user_types_id_event_seq
    AS smallint
    START WITH 1
    INCREMENT BY 1
    NO MINVALUE
    NO MAXVALUE
    CACHE 1;


--
-- Name: event_user_types_id_event_seq; Type: SEQUENCE OWNED BY; Schema: micadoapp; Owner: -
--

ALTER SEQUENCE micadoapp.event_user_types_id_event_seq OWNED BY micadoapp.information_user_types.id_information;


--
-- Name: event_user_types_id_event_seq1; Type: SEQUENCE; Schema: micadoapp; Owner: -
--

CREATE SEQUENCE micadoapp.event_user_types_id_event_seq1
    AS smallint
    START WITH 1
    INCREMENT BY 1
    NO MINVALUE
    NO MAXVALUE
    CACHE 1;


--
-- Name: event_user_types_id_event_seq1; Type: SEQUENCE OWNED BY; Schema: micadoapp; Owner: -
--

ALTER SEQUENCE micadoapp.event_user_types_id_event_seq1 OWNED BY micadoapp.event_user_types.id_event;


--
-- Name: event_user_types_id_user_types_seq; Type: SEQUENCE; Schema: micadoapp; Owner: -
--

CREATE SEQUENCE micadoapp.event_user_types_id_user_types_seq
    AS smallint
    START WITH 1
    INCREMENT BY 1
    NO MINVALUE
    NO MAXVALUE
    CACHE 1;


--
-- Name: event_user_types_id_user_types_seq; Type: SEQUENCE OWNED BY; Schema: micadoapp; Owner: -
--

ALTER SEQUENCE micadoapp.event_user_types_id_user_types_seq OWNED BY micadoapp.information_user_types.id_user_types;


--
-- Name: event_user_types_id_user_types_seq1; Type: SEQUENCE; Schema: micadoapp; Owner: -
--

CREATE SEQUENCE micadoapp.event_user_types_id_user_types_seq1
    AS smallint
    START WITH 1
    INCREMENT BY 1
    NO MINVALUE
    NO MAXVALUE
    CACHE 1;


--
-- Name: event_user_types_id_user_types_seq1; Type: SEQUENCE OWNED BY; Schema: micadoapp; Owner: -
--

ALTER SEQUENCE micadoapp.event_user_types_id_user_types_seq1 OWNED BY micadoapp.event_user_types.id_user_types;


--
-- Name: features_flags_translation; Type: TABLE; Schema: micadoapp; Owner: -
--

CREATE TABLE micadoapp.features_flags_translation (
    id smallint NOT NULL,
    lang character varying(10) NOT NULL,
    feature character varying(50),
    translation_date timestamp without time zone,
    "translationState" integer DEFAULT 0 NOT NULL,
    published boolean DEFAULT false
);


--
-- Name: feature_flags_translated; Type: VIEW; Schema: micadoapp; Owner: -
--

CREATE VIEW micadoapp.feature_flags_translated AS
 SELECT f.id,
    f.flag_key,
    f.enabled,
    ft.lang,
    ft.feature
   FROM micadoapp.features_flags f,
    micadoapp.features_flags_translation ft
  WHERE (f.id = ft.id);


--
-- Name: features_flags_id_seq; Type: SEQUENCE; Schema: micadoapp; Owner: -
--

CREATE SEQUENCE micadoapp.features_flags_id_seq
    AS smallint
    START WITH 1
    INCREMENT BY 1
    NO MINVALUE
    NO MAXVALUE
    CACHE 1;


--
-- Name: features_flags_id_seq; Type: SEQUENCE OWNED BY; Schema: micadoapp; Owner: -
--

ALTER SEQUENCE micadoapp.features_flags_id_seq OWNED BY micadoapp.features_flags.id;


--
-- Name: features_flags_translation_prod; Type: TABLE; Schema: micadoapp; Owner: -
--

CREATE TABLE micadoapp.features_flags_translation_prod (
    id smallint NOT NULL,
    lang character varying(10) NOT NULL,
    feature character varying(50),
    translation_date timestamp without time zone
);


--
-- Name: feedback; Type: TABLE; Schema: micadoapp; Owner: -
--

CREATE TABLE micadoapp.feedback (
    id integer NOT NULL,
    feedback text,
    url text,
    feedback_date date
);


--
-- Name: feedback_id_seq; Type: SEQUENCE; Schema: micadoapp; Owner: -
--

CREATE SEQUENCE micadoapp.feedback_id_seq
    AS integer
    START WITH 1
    INCREMENT BY 1
    NO MINVALUE
    NO MAXVALUE
    CACHE 1;


--
-- Name: feedback_id_seq; Type: SEQUENCE OWNED BY; Schema: micadoapp; Owner: -
--

ALTER SEQUENCE micadoapp.feedback_id_seq OWNED BY micadoapp.feedback.id;


--
-- Name: glossary; Type: TABLE; Schema: micadoapp; Owner: -
--

CREATE TABLE micadoapp.glossary (
    id smallint NOT NULL,
    published boolean DEFAULT false,
    creator integer
);


--
-- Name: glossary_id_seq; Type: SEQUENCE; Schema: micadoapp; Owner: -
--

CREATE SEQUENCE micadoapp.glossary_id_seq
    AS smallint
    START WITH 1
    INCREMENT BY 1
    NO MINVALUE
    NO MAXVALUE
    CACHE 1;


--
-- Name: glossary_id_seq; Type: SEQUENCE OWNED BY; Schema: micadoapp; Owner: -
--

ALTER SEQUENCE micadoapp.glossary_id_seq OWNED BY micadoapp.glossary.id;


--
-- Name: glossary_translation; Type: TABLE; Schema: micadoapp; Owner: -
--

CREATE TABLE micadoapp.glossary_translation (
    id smallint NOT NULL,
    lang character varying(10) NOT NULL,
    title text,
    description text,
    translation_date timestamp without time zone,
    "translationState" integer DEFAULT 0 NOT NULL,
    published boolean DEFAULT false
);


--
-- Name: glossary_translation_prod; Type: TABLE; Schema: micadoapp; Owner: -
--

CREATE TABLE micadoapp.glossary_translation_prod (
    id smallint NOT NULL,
    lang character varying(10) NOT NULL,
    title text,
    description text,
    translation_date timestamp without time zone
);


--
-- Name: individual_intervention_plan; Type: TABLE; Schema: micadoapp; Owner: -
--

CREATE TABLE micadoapp.individual_intervention_plan (
    id smallint NOT NULL,
    title character varying(100),
    creation_date timestamp without time zone,
    end_date timestamp without time zone,
    case_manager character varying(30),
    user_id integer,
    user_tenant integer,
    completed boolean DEFAULT false NOT NULL,
    external_id character varying(100)
);


--
-- Name: individual_intervention_plan_id_seq; Type: SEQUENCE; Schema: micadoapp; Owner: -
--

CREATE SEQUENCE micadoapp.individual_intervention_plan_id_seq
    AS smallint
    START WITH 1
    INCREMENT BY 1
    NO MINVALUE
    NO MAXVALUE
    CACHE 1;


--
-- Name: individual_intervention_plan_id_seq; Type: SEQUENCE OWNED BY; Schema: micadoapp; Owner: -
--

ALTER SEQUENCE micadoapp.individual_intervention_plan_id_seq OWNED BY micadoapp.individual_intervention_plan.id;


--
-- Name: individual_intervention_plan_interventions; Type: TABLE; Schema: micadoapp; Owner: -
--

CREATE TABLE micadoapp.individual_intervention_plan_interventions (
    list_id smallint NOT NULL,
    intervention_type smallint NOT NULL,
    validation_date timestamp without time zone,
    completed boolean,
    validating_user_id integer,
    validating_user_tenant integer,
    assignment_date timestamp without time zone,
    id smallint NOT NULL,
    validationrequestdate date,
    title character varying(100),
    description text,
    external_id character varying(100)
);


--
-- Name: individual_intervention_plan_intervention_intervention_type_seq; Type: SEQUENCE; Schema: micadoapp; Owner: -
--

CREATE SEQUENCE micadoapp.individual_intervention_plan_intervention_intervention_type_seq
    AS smallint
    START WITH 1
    INCREMENT BY 1
    NO MINVALUE
    NO MAXVALUE
    CACHE 1;


--
-- Name: individual_intervention_plan_intervention_intervention_type_seq; Type: SEQUENCE OWNED BY; Schema: micadoapp; Owner: -
--

ALTER SEQUENCE micadoapp.individual_intervention_plan_intervention_intervention_type_seq OWNED BY micadoapp.individual_intervention_plan_interventions.intervention_type;


--
-- Name: individual_intervention_plan_interventions_id_seq; Type: SEQUENCE; Schema: micadoapp; Owner: -
--

CREATE SEQUENCE micadoapp.individual_intervention_plan_interventions_id_seq
    AS smallint
    START WITH 1
    INCREMENT BY 1
    NO MINVALUE
    NO MAXVALUE
    CACHE 1;


--
-- Name: individual_intervention_plan_interventions_id_seq; Type: SEQUENCE OWNED BY; Schema: micadoapp; Owner: -
--

ALTER SEQUENCE micadoapp.individual_intervention_plan_interventions_id_seq OWNED BY micadoapp.individual_intervention_plan_interventions.id;


--
-- Name: individual_intervention_plan_interventions_list_id_seq; Type: SEQUENCE; Schema: micadoapp; Owner: -
--

CREATE SEQUENCE micadoapp.individual_intervention_plan_interventions_list_id_seq
    AS smallint
    START WITH 1
    INCREMENT BY 1
    NO MINVALUE
    NO MAXVALUE
    CACHE 1;


--
-- Name: individual_intervention_plan_interventions_list_id_seq; Type: SEQUENCE OWNED BY; Schema: micadoapp; Owner: -
--

ALTER SEQUENCE micadoapp.individual_intervention_plan_interventions_list_id_seq OWNED BY micadoapp.individual_intervention_plan_interventions.list_id;


--
-- Name: information_category_translation; Type: TABLE; Schema: micadoapp; Owner: -
--

CREATE TABLE micadoapp.information_category_translation (
    id smallint NOT NULL,
    lang character varying(10) NOT NULL,
    information_category text,
    translation_date timestamp without time zone,
    "translationState" integer DEFAULT 0 NOT NULL,
    published boolean DEFAULT false
);


--
-- Name: information_tags_translation; Type: TABLE; Schema: micadoapp; Owner: -
--

CREATE TABLE micadoapp.information_tags_translation (
    id smallint NOT NULL,
    lang character varying(10) NOT NULL,
    tag character varying NOT NULL,
    translation_date timestamp without time zone,
    "translationState" integer DEFAULT 0 NOT NULL,
    published boolean DEFAULT false
);


--
-- Name: information_tags_translation_prod; Type: TABLE; Schema: micadoapp; Owner: -
--

CREATE TABLE micadoapp.information_tags_translation_prod (
    id smallint NOT NULL,
    lang character varying(10) NOT NULL,
    tag character varying NOT NULL,
    translation_date timestamp without time zone
);


--
-- Name: information_translation; Type: TABLE; Schema: micadoapp; Owner: -
--

CREATE TABLE micadoapp.information_translation (
    id smallint NOT NULL,
    lang character varying(10) NOT NULL,
    information text,
    description text,
    translation_date timestamp without time zone,
    "translationState" integer DEFAULT 0 NOT NULL,
    published boolean DEFAULT false
);


--
-- Name: intervention_category; Type: TABLE; Schema: micadoapp; Owner: -
--

CREATE TABLE micadoapp.intervention_category (
    id smallint NOT NULL,
    external_id character varying(100),
    published boolean DEFAULT false
);


--
-- Name: intervention_category_id_seq; Type: SEQUENCE; Schema: micadoapp; Owner: -
--

CREATE SEQUENCE micadoapp.intervention_category_id_seq
    AS smallint
    START WITH 1
    INCREMENT BY 1
    NO MINVALUE
    NO MAXVALUE
    CACHE 1;


--
-- Name: intervention_category_id_seq; Type: SEQUENCE OWNED BY; Schema: micadoapp; Owner: -
--

ALTER SEQUENCE micadoapp.intervention_category_id_seq OWNED BY micadoapp.intervention_category.id;


--
-- Name: intervention_category_translation; Type: TABLE; Schema: micadoapp; Owner: -
--

CREATE TABLE micadoapp.intervention_category_translation (
    id smallint NOT NULL,
    lang character varying(10) NOT NULL,
    title character varying(50),
    translation_date timestamp without time zone,
    "translationState" integer DEFAULT 0 NOT NULL,
    published boolean DEFAULT false
);


--
-- Name: intervention_category_translation_prod; Type: TABLE; Schema: micadoapp; Owner: -
--

CREATE TABLE micadoapp.intervention_category_translation_prod (
    id smallint NOT NULL,
    lang character varying(10) NOT NULL,
    title character varying(50),
    translation_date timestamp without time zone
);


--
-- Name: intervention_processes; Type: TABLE; Schema: micadoapp; Owner: -
--

CREATE TABLE micadoapp.intervention_processes (
    intervention_type smallint NOT NULL,
    process_id smallint NOT NULL
);


--
-- Name: intervention_processes_intervention_type_seq; Type: SEQUENCE; Schema: micadoapp; Owner: -
--

CREATE SEQUENCE micadoapp.intervention_processes_intervention_type_seq
    AS smallint
    START WITH 1
    INCREMENT BY 1
    NO MINVALUE
    NO MAXVALUE
    CACHE 1;


--
-- Name: intervention_processes_intervention_type_seq; Type: SEQUENCE OWNED BY; Schema: micadoapp; Owner: -
--

ALTER SEQUENCE micadoapp.intervention_processes_intervention_type_seq OWNED BY micadoapp.intervention_processes.intervention_type;


--
-- Name: intervention_processes_process_id_seq; Type: SEQUENCE; Schema: micadoapp; Owner: -
--

CREATE SEQUENCE micadoapp.intervention_processes_process_id_seq
    AS smallint
    START WITH 1
    INCREMENT BY 1
    NO MINVALUE
    NO MAXVALUE
    CACHE 1;


--
-- Name: intervention_processes_process_id_seq; Type: SEQUENCE OWNED BY; Schema: micadoapp; Owner: -
--

ALTER SEQUENCE micadoapp.intervention_processes_process_id_seq OWNED BY micadoapp.intervention_processes.process_id;


--
-- Name: intervention_type_validator; Type: TABLE; Schema: micadoapp; Owner: -
--

CREATE TABLE micadoapp.intervention_type_validator (
    tenant_id integer NOT NULL,
    intervention_type_id smallint NOT NULL
);


--
-- Name: intervention_types; Type: TABLE; Schema: micadoapp; Owner: -
--

CREATE TABLE micadoapp.intervention_types (
    id smallint NOT NULL,
    category_type smallint,
    external_id character varying(100),
    published boolean DEFAULT false
);


--
-- Name: intervention_types_id_seq; Type: SEQUENCE; Schema: micadoapp; Owner: -
--

CREATE SEQUENCE micadoapp.intervention_types_id_seq
    AS smallint
    START WITH 1
    INCREMENT BY 1
    NO MINVALUE
    NO MAXVALUE
    CACHE 1;


--
-- Name: intervention_types_id_seq; Type: SEQUENCE OWNED BY; Schema: micadoapp; Owner: -
--

ALTER SEQUENCE micadoapp.intervention_types_id_seq OWNED BY micadoapp.intervention_types.id;


--
-- Name: intervention_types_translation; Type: TABLE; Schema: micadoapp; Owner: -
--

CREATE TABLE micadoapp.intervention_types_translation (
    id smallint NOT NULL,
    lang character varying(10) NOT NULL,
    intervention_title character varying(120),
    description text,
    translation_date timestamp without time zone,
    "translationState" integer DEFAULT 0 NOT NULL,
    published boolean DEFAULT false
);


--
-- Name: intervention_types_translation_prod; Type: TABLE; Schema: micadoapp; Owner: -
--

CREATE TABLE micadoapp.intervention_types_translation_prod (
    id smallint NOT NULL,
    lang character varying(10) NOT NULL,
    intervention_title character varying(120),
    description text,
    translation_date timestamp without time zone
);


--
-- Name: languages; Type: TABLE; Schema: micadoapp; Owner: -
--

CREATE TABLE micadoapp.languages (
    lang character varying(10) NOT NULL,
    iso_code character varying(10),
    name character varying(25),
    active boolean DEFAULT false NOT NULL,
    is_default boolean DEFAULT false NOT NULL,
    voice_string character varying(50),
    voice_active boolean DEFAULT false
);


--
-- Name: migrant_app_config; Type: TABLE; Schema: micadoapp; Owner: -
--

CREATE TABLE micadoapp.migrant_app_config (
    id integer NOT NULL,
    features json
);


--
-- Name: mixed_icons; Type: TABLE; Schema: micadoapp; Owner: -
--

CREATE TABLE micadoapp.mixed_icons (
    id integer NOT NULL,
    icon text,
    related_entity integer
);


--
-- Name: picture_hotspot; Type: TABLE; Schema: micadoapp; Owner: -
--

CREATE TABLE micadoapp.picture_hotspot (
    id smallint NOT NULL,
    x smallint,
    y smallint,
    picture_id smallint
);


--
-- Name: picture_hotspot_id_seq; Type: SEQUENCE; Schema: micadoapp; Owner: -
--

CREATE SEQUENCE micadoapp.picture_hotspot_id_seq
    AS smallint
    START WITH 1
    INCREMENT BY 1
    NO MINVALUE
    NO MAXVALUE
    CACHE 1;


--
-- Name: picture_hotspot_id_seq; Type: SEQUENCE OWNED BY; Schema: micadoapp; Owner: -
--

ALTER SEQUENCE micadoapp.picture_hotspot_id_seq OWNED BY micadoapp.picture_hotspot.id;


--
-- Name: picture_hotspot_translation; Type: TABLE; Schema: micadoapp; Owner: -
--

CREATE TABLE micadoapp.picture_hotspot_translation (
    pht_id smallint NOT NULL,
    lang character varying(10) NOT NULL,
    title character varying(40),
    message text,
    "translationState" integer DEFAULT 0 NOT NULL,
    published boolean DEFAULT false
);


--
-- Name: picture_hotspot_translated; Type: VIEW; Schema: micadoapp; Owner: -
--

CREATE VIEW micadoapp.picture_hotspot_translated AS
 SELECT ph.id,
    ph.x,
    ph.y,
    ph.picture_id,
    pht.lang,
    pht.title,
    pht.message
   FROM micadoapp.picture_hotspot ph,
    micadoapp.picture_hotspot_translation pht
  WHERE (ph.id = pht.pht_id);


--
-- Name: picture_hotspot_translation_prod; Type: TABLE; Schema: micadoapp; Owner: -
--

CREATE TABLE micadoapp.picture_hotspot_translation_prod (
    pht_id smallint NOT NULL,
    lang character varying(10) NOT NULL,
    title character varying(40),
    message text
);


--
-- Name: process; Type: TABLE; Schema: micadoapp; Owner: -
--

CREATE TABLE micadoapp.process (
    id smallint NOT NULL,
    link character varying(70),
    published boolean DEFAULT false,
    published_date date
);


--
-- Name: process_comments; Type: TABLE; Schema: micadoapp; Owner: -
--

CREATE TABLE micadoapp.process_comments (
    idcomment smallint NOT NULL,
    idprocess smallint NOT NULL
);


--
-- Name: process_id_seq; Type: SEQUENCE; Schema: micadoapp; Owner: -
--

CREATE SEQUENCE micadoapp.process_id_seq
    AS smallint
    START WITH 1
    INCREMENT BY 1
    NO MINVALUE
    NO MAXVALUE
    CACHE 1;


--
-- Name: process_id_seq; Type: SEQUENCE OWNED BY; Schema: micadoapp; Owner: -
--

ALTER SEQUENCE micadoapp.process_id_seq OWNED BY micadoapp.process.id;


--
-- Name: process_produced_documents; Type: TABLE; Schema: micadoapp; Owner: -
--

CREATE TABLE micadoapp.process_produced_documents (
    id_process smallint NOT NULL,
    id_document smallint NOT NULL
);


--
-- Name: process_topic; Type: TABLE; Schema: micadoapp; Owner: -
--

CREATE TABLE micadoapp.process_topic (
    id_process smallint NOT NULL,
    id_topic smallint NOT NULL
);


--
-- Name: process_topic_id_process_seq; Type: SEQUENCE; Schema: micadoapp; Owner: -
--

CREATE SEQUENCE micadoapp.process_topic_id_process_seq
    AS smallint
    START WITH 1
    INCREMENT BY 1
    NO MINVALUE
    NO MAXVALUE
    CACHE 1;


--
-- Name: process_topic_id_process_seq; Type: SEQUENCE OWNED BY; Schema: micadoapp; Owner: -
--

ALTER SEQUENCE micadoapp.process_topic_id_process_seq OWNED BY micadoapp.process_topic.id_process;


--
-- Name: process_topic_id_topic_seq; Type: SEQUENCE; Schema: micadoapp; Owner: -
--

CREATE SEQUENCE micadoapp.process_topic_id_topic_seq
    AS smallint
    START WITH 1
    INCREMENT BY 1
    NO MINVALUE
    NO MAXVALUE
    CACHE 1;


--
-- Name: process_topic_id_topic_seq; Type: SEQUENCE OWNED BY; Schema: micadoapp; Owner: -
--

ALTER SEQUENCE micadoapp.process_topic_id_topic_seq OWNED BY micadoapp.process_topic.id_topic;


--
-- Name: process_translation; Type: TABLE; Schema: micadoapp; Owner: -
--

CREATE TABLE micadoapp.process_translation (
    id smallint NOT NULL,
    lang character varying(10) NOT NULL,
    process character varying(70),
    description text,
    translation_date timestamp without time zone,
    "translationState" integer DEFAULT 0 NOT NULL,
    published boolean DEFAULT false
);


--
-- Name: process_translation_id_seq; Type: SEQUENCE; Schema: micadoapp; Owner: -
--

CREATE SEQUENCE micadoapp.process_translation_id_seq
    AS smallint
    START WITH 1
    INCREMENT BY 1
    NO MINVALUE
    NO MAXVALUE
    CACHE 1;


--
-- Name: process_translation_id_seq; Type: SEQUENCE OWNED BY; Schema: micadoapp; Owner: -
--

ALTER SEQUENCE micadoapp.process_translation_id_seq OWNED BY micadoapp.process_translation.id;


--
-- Name: process_translation_prod; Type: TABLE; Schema: micadoapp; Owner: -
--

CREATE TABLE micadoapp.process_translation_prod (
    id smallint NOT NULL,
    lang character varying(10) NOT NULL,
    process character varying(70),
    description text,
    translation_date timestamp without time zone
);


--
-- Name: process_translation_prod_id_seq; Type: SEQUENCE; Schema: micadoapp; Owner: -
--

CREATE SEQUENCE micadoapp.process_translation_prod_id_seq
    AS smallint
    START WITH 1
    INCREMENT BY 1
    NO MINVALUE
    NO MAXVALUE
    CACHE 1;


--
-- Name: process_translation_prod_id_seq; Type: SEQUENCE OWNED BY; Schema: micadoapp; Owner: -
--

ALTER SEQUENCE micadoapp.process_translation_prod_id_seq OWNED BY micadoapp.process_translation_prod.id;


--
-- Name: process_users; Type: TABLE; Schema: micadoapp; Owner: -
--

CREATE TABLE micadoapp.process_users (
    id_process smallint NOT NULL,
    id_user_types smallint NOT NULL
);


--
-- Name: process_users_id_process_seq; Type: SEQUENCE; Schema: micadoapp; Owner: -
--

CREATE SEQUENCE micadoapp.process_users_id_process_seq
    AS smallint
    START WITH 1
    INCREMENT BY 1
    NO MINVALUE
    NO MAXVALUE
    CACHE 1;


--
-- Name: process_users_id_process_seq; Type: SEQUENCE OWNED BY; Schema: micadoapp; Owner: -
--

ALTER SEQUENCE micadoapp.process_users_id_process_seq OWNED BY micadoapp.process_users.id_process;


--
-- Name: process_users_id_user_types_seq; Type: SEQUENCE; Schema: micadoapp; Owner: -
--

CREATE SEQUENCE micadoapp.process_users_id_user_types_seq
    AS smallint
    START WITH 1
    INCREMENT BY 1
    NO MINVALUE
    NO MAXVALUE
    CACHE 1;


--
-- Name: process_users_id_user_types_seq; Type: SEQUENCE OWNED BY; Schema: micadoapp; Owner: -
--

ALTER SEQUENCE micadoapp.process_users_id_user_types_seq OWNED BY micadoapp.process_users.id_user_types;


--
-- Name: rasa; Type: TABLE; Schema: micadoapp; Owner: -
--

CREATE TABLE micadoapp.rasa (
    id integer NOT NULL,
    file character(70),
    active boolean,
    traindata date,
    trainresult integer,
    trainmessage text,
    lang character(10)
);


--
-- Name: rasa_id_seq; Type: SEQUENCE; Schema: micadoapp; Owner: -
--

CREATE SEQUENCE micadoapp.rasa_id_seq
    AS integer
    START WITH 1
    INCREMENT BY 1
    NO MINVALUE
    NO MAXVALUE
    CACHE 1;


--
-- Name: rasa_id_seq; Type: SEQUENCE OWNED BY; Schema: micadoapp; Owner: -
--

ALTER SEQUENCE micadoapp.rasa_id_seq OWNED BY micadoapp.rasa.id;


--
-- Name: ratings; Type: TABLE; Schema: micadoapp; Owner: -
--

CREATE TABLE micadoapp.ratings (
    user_id integer,
    user_tenant integer,
    content_id smallint NOT NULL,
    content_type integer,
    value integer,
    id smallint NOT NULL,
    date date DEFAULT CURRENT_DATE
);


--
-- Name: ratings_content_id_seq; Type: SEQUENCE; Schema: micadoapp; Owner: -
--

CREATE SEQUENCE micadoapp.ratings_content_id_seq
    AS smallint
    START WITH 1
    INCREMENT BY 1
    NO MINVALUE
    NO MAXVALUE
    CACHE 1;


--
-- Name: ratings_content_id_seq; Type: SEQUENCE OWNED BY; Schema: micadoapp; Owner: -
--

ALTER SEQUENCE micadoapp.ratings_content_id_seq OWNED BY micadoapp.ratings.content_id;


--
-- Name: ratings_id_seq; Type: SEQUENCE; Schema: micadoapp; Owner: -
--

CREATE SEQUENCE micadoapp.ratings_id_seq
    AS smallint
    START WITH 1
    INCREMENT BY 1
    NO MINVALUE
    NO MAXVALUE
    CACHE 1;


--
-- Name: ratings_id_seq; Type: SEQUENCE OWNED BY; Schema: micadoapp; Owner: -
--

ALTER SEQUENCE micadoapp.ratings_id_seq OWNED BY micadoapp.ratings.id;


--
-- Name: settings; Type: TABLE; Schema: micadoapp; Owner: -
--

CREATE TABLE micadoapp.settings (
    key character varying NOT NULL,
    value text
);


--
-- Name: step; Type: TABLE; Schema: micadoapp; Owner: -
--

CREATE TABLE micadoapp.step (
    id uuid NOT NULL,
    cost real,
    location_specific boolean,
    location character varying(100),
    location_lon real,
    location_lat real,
    id_process smallint NOT NULL,
    link text,
    step_icon integer
);


--
-- Name: step_document; Type: TABLE; Schema: micadoapp; Owner: -
--

CREATE TABLE micadoapp.step_document (
    id_document smallint NOT NULL,
    is_out boolean NOT NULL,
    id_step uuid NOT NULL,
    cost numeric DEFAULT 0
);


--
-- Name: step_link; Type: TABLE; Schema: micadoapp; Owner: -
--

CREATE TABLE micadoapp.step_link (
    id uuid NOT NULL,
    from_step uuid NOT NULL,
    to_step uuid NOT NULL,
    id_process smallint NOT NULL
);


--
-- Name: step_link_translation; Type: TABLE; Schema: micadoapp; Owner: -
--

CREATE TABLE micadoapp.step_link_translation (
    lang character varying(10) NOT NULL,
    description character varying(50),
    id uuid NOT NULL,
    "translationState" integer DEFAULT 0 NOT NULL,
    published boolean DEFAULT false
);


--
-- Name: step_link_translation_prod; Type: TABLE; Schema: micadoapp; Owner: -
--

CREATE TABLE micadoapp.step_link_translation_prod (
    lang character varying(10) NOT NULL,
    description character varying(50),
    id uuid NOT NULL
);


--
-- Name: step_translation; Type: TABLE; Schema: micadoapp; Owner: -
--

CREATE TABLE micadoapp.step_translation (
    lang character varying(10) NOT NULL,
    step character varying(70),
    description text,
    translation_date timestamp without time zone,
    id uuid NOT NULL,
    "translationState" integer DEFAULT 0 NOT NULL,
    published boolean DEFAULT false
);


--
-- Name: step_translation_prod; Type: TABLE; Schema: micadoapp; Owner: -
--

CREATE TABLE micadoapp.step_translation_prod (
    lang character varying(10) NOT NULL,
    step character varying(70),
    description text,
    translation_date timestamp without time zone,
    id uuid NOT NULL
);


--
-- Name: survey; Type: TABLE; Schema: micadoapp; Owner: -
--

CREATE TABLE micadoapp.survey (
    id integer NOT NULL,
    survey text,
    active boolean,
    activation_date date,
    expiry_date date,
    title text,
    destination_app integer
);


--
-- Name: survey_answers; Type: TABLE; Schema: micadoapp; Owner: -
--

CREATE TABLE micadoapp.survey_answers (
    id_answer integer NOT NULL,
    id_survey integer,
    id_user integer,
    answer jsonb,
    answer_date date
);


--
-- Name: t_settings; Type: TABLE; Schema: micadoapp; Owner: -
--

CREATE TABLE micadoapp.t_settings (
    id integer NOT NULL,
    key text,
    published boolean
);


--
-- Name: t_settings_translation; Type: TABLE; Schema: micadoapp; Owner: -
--

CREATE TABLE micadoapp.t_settings_translation (
    id integer NOT NULL,
    value text,
    "translationState" integer,
    lang character varying(10)
);


--
-- Name: t_settings_translation_prod; Type: TABLE; Schema: micadoapp; Owner: -
--

CREATE TABLE micadoapp.t_settings_translation_prod (
    id integer NOT NULL,
    lang character varying(10),
    value text
);


--
-- Name: tenant; Type: TABLE; Schema: micadoapp; Owner: -
--

CREATE TABLE micadoapp.tenant (
    id smallint NOT NULL,
    name character varying(50),
    link character varying(70),
    email character varying(100),
    address character varying(100)
);


--
-- Name: topic; Type: TABLE; Schema: micadoapp; Owner: -
--

CREATE TABLE micadoapp.topic (
    id smallint NOT NULL,
    icon text,
    published boolean DEFAULT false,
    father integer
);


--
-- Name: topic_id_seq; Type: SEQUENCE; Schema: micadoapp; Owner: -
--

CREATE SEQUENCE micadoapp.topic_id_seq
    AS smallint
    START WITH 1
    INCREMENT BY 1
    NO MINVALUE
    NO MAXVALUE
    CACHE 1;


--
-- Name: topic_id_seq; Type: SEQUENCE OWNED BY; Schema: micadoapp; Owner: -
--

ALTER SEQUENCE micadoapp.topic_id_seq OWNED BY micadoapp.topic.id;


--
-- Name: topic_translation; Type: TABLE; Schema: micadoapp; Owner: -
--

CREATE TABLE micadoapp.topic_translation (
    id smallint NOT NULL,
    lang character varying(10) NOT NULL,
    topic character varying(40),
    translation_date timestamp without time zone,
    "translationState" integer DEFAULT 0 NOT NULL,
    published boolean DEFAULT false
);


--
-- Name: topic_translated; Type: VIEW; Schema: micadoapp; Owner: -
--

CREATE VIEW micadoapp.topic_translated AS
 SELECT t.id,
    t.icon,
    tt.lang,
    tt.topic
   FROM micadoapp.topic t,
    micadoapp.topic_translation tt
  WHERE (t.id = tt.id);


--
-- Name: topic_translation_id_seq; Type: SEQUENCE; Schema: micadoapp; Owner: -
--

CREATE SEQUENCE micadoapp.topic_translation_id_seq
    AS smallint
    START WITH 1
    INCREMENT BY 1
    NO MINVALUE
    NO MAXVALUE
    CACHE 1;


--
-- Name: topic_translation_id_seq; Type: SEQUENCE OWNED BY; Schema: micadoapp; Owner: -
--

ALTER SEQUENCE micadoapp.topic_translation_id_seq OWNED BY micadoapp.topic_translation.id;


--
-- Name: topic_translation_prod; Type: TABLE; Schema: micadoapp; Owner: -
--

CREATE TABLE micadoapp.topic_translation_prod (
    id smallint NOT NULL,
    lang character varying(10) NOT NULL,
    topic character varying(40),
    translation_date timestamp without time zone
);


--
-- Name: topic_translation_prod_id_seq; Type: SEQUENCE; Schema: micadoapp; Owner: -
--

CREATE SEQUENCE micadoapp.topic_translation_prod_id_seq
    START WITH 1
    INCREMENT BY 1
    NO MINVALUE
    MAXVALUE 32767
    CACHE 1;


--
-- Name: topic_translation_prod_id_seq; Type: SEQUENCE OWNED BY; Schema: micadoapp; Owner: -
--

ALTER SEQUENCE micadoapp.topic_translation_prod_id_seq OWNED BY micadoapp.topic_translation_prod.id;


--
-- Name: user_consent; Type: TABLE; Schema: micadoapp; Owner: -
--

CREATE TABLE micadoapp.user_consent (
    id_user smallint NOT NULL,
    consent text
);


--
-- Name: user_pic_id_seq; Type: SEQUENCE; Schema: micadoapp; Owner: -
--

CREATE SEQUENCE micadoapp.user_pic_id_seq
    START WITH 1
    INCREMENT BY 1
    NO MINVALUE
    MAXVALUE 32767
    CACHE 1;


--
-- Name: user_pictures; Type: TABLE; Schema: micadoapp; Owner: -
--

CREATE TABLE micadoapp.user_pictures (
    id smallint DEFAULT nextval('micadoapp.user_pic_id_seq'::regclass) NOT NULL,
    picture text,
    user_id integer,
    tenant_id integer
);


--
-- Name: user_preferences; Type: TABLE; Schema: micadoapp; Owner: -
--

CREATE TABLE micadoapp.user_preferences (
    id_user integer NOT NULL,
    id_user_type smallint NOT NULL
);


--
-- Name: user_type_translation_prod_id_seq; Type: SEQUENCE; Schema: micadoapp; Owner: -
--

CREATE SEQUENCE micadoapp.user_type_translation_prod_id_seq
    START WITH 1
    INCREMENT BY 1
    NO MINVALUE
    NO MAXVALUE
    CACHE 1;


--
-- Name: user_types; Type: TABLE; Schema: micadoapp; Owner: -
--

CREATE TABLE micadoapp.user_types (
    id smallint NOT NULL,
    icon text,
    published boolean DEFAULT false
);


--
-- Name: user_types_id_seq; Type: SEQUENCE; Schema: micadoapp; Owner: -
--

CREATE SEQUENCE micadoapp.user_types_id_seq
    AS smallint
    START WITH 1
    INCREMENT BY 1
    NO MINVALUE
    NO MAXVALUE
    CACHE 1;


--
-- Name: user_types_id_seq; Type: SEQUENCE OWNED BY; Schema: micadoapp; Owner: -
--

ALTER SEQUENCE micadoapp.user_types_id_seq OWNED BY micadoapp.user_types.id;


--
-- Name: user_types_translation; Type: TABLE; Schema: micadoapp; Owner: -
--

CREATE TABLE micadoapp.user_types_translation (
    id smallint NOT NULL,
    lang character varying(10) NOT NULL,
    user_type character varying(40),
    description text,
    translation_date timestamp without time zone,
    "translationState" integer DEFAULT 0 NOT NULL,
    published boolean DEFAULT false
);


--
-- Name: user_types_translation_id_seq; Type: SEQUENCE; Schema: micadoapp; Owner: -
--

CREATE SEQUENCE micadoapp.user_types_translation_id_seq
    AS smallint
    START WITH 1
    INCREMENT BY 1
    NO MINVALUE
    NO MAXVALUE
    CACHE 1;


--
-- Name: user_types_translation_id_seq; Type: SEQUENCE OWNED BY; Schema: micadoapp; Owner: -
--

ALTER SEQUENCE micadoapp.user_types_translation_id_seq OWNED BY micadoapp.user_types_translation.id;


--
-- Name: user_types_translation_prod; Type: TABLE; Schema: micadoapp; Owner: -
--

CREATE TABLE micadoapp.user_types_translation_prod (
    id smallint NOT NULL,
    lang character varying(10) NOT NULL,
    user_type character varying(40),
    description text,
    translation_date timestamp without time zone
);


--
-- Name: user_types_translation_prod_id_seq; Type: SEQUENCE; Schema: micadoapp; Owner: -
--

CREATE SEQUENCE micadoapp.user_types_translation_prod_id_seq
    AS smallint
    START WITH 1
    INCREMENT BY 1
    NO MINVALUE
    NO MAXVALUE
    CACHE 1;


--
-- Name: user_types_translation_prod_id_seq; Type: SEQUENCE OWNED BY; Schema: micadoapp; Owner: -
--

ALTER SEQUENCE micadoapp.user_types_translation_prod_id_seq OWNED BY micadoapp.user_types_translation_prod.id;


--
-- Name: comments id; Type: DEFAULT; Schema: micadoapp; Owner: -
--

ALTER TABLE ONLY micadoapp.comments ALTER COLUMN id SET DEFAULT nextval('micadoapp.comments_id_seq'::regclass);


--
-- Name: document id; Type: DEFAULT; Schema: micadoapp; Owner: -
--

ALTER TABLE ONLY micadoapp.document ALTER COLUMN id SET DEFAULT nextval('micadoapp.document_id_seq'::regclass);


--
-- Name: document document_type; Type: DEFAULT; Schema: micadoapp; Owner: -
--

ALTER TABLE ONLY micadoapp.document ALTER COLUMN document_type SET DEFAULT nextval('micadoapp.document_document_type_seq'::regclass);


--
-- Name: document_type id; Type: DEFAULT; Schema: micadoapp; Owner: -
--

ALTER TABLE ONLY micadoapp.document_type ALTER COLUMN id SET DEFAULT nextval('micadoapp.document_type_id_seq'::regclass);


--
-- Name: document_type_picture id; Type: DEFAULT; Schema: micadoapp; Owner: -
--

ALTER TABLE ONLY micadoapp.document_type_picture ALTER COLUMN id SET DEFAULT nextval('micadoapp.document_type_picture_id_seq'::regclass);


--
-- Name: event id; Type: DEFAULT; Schema: micadoapp; Owner: -
--

ALTER TABLE ONLY micadoapp.event ALTER COLUMN id SET DEFAULT nextval('micadoapp.event_id_seq1'::regclass);


--
-- Name: event_category id; Type: DEFAULT; Schema: micadoapp; Owner: -
--

ALTER TABLE ONLY micadoapp.event_category ALTER COLUMN id SET DEFAULT nextval('micadoapp.event_category_id_seq1'::regclass);


--
-- Name: event_tags id; Type: DEFAULT; Schema: micadoapp; Owner: -
--

ALTER TABLE ONLY micadoapp.event_tags ALTER COLUMN id SET DEFAULT nextval('micadoapp.event_tags_id_seq2'::regclass);


--
-- Name: event_translation_prod id; Type: DEFAULT; Schema: micadoapp; Owner: -
--

ALTER TABLE ONLY micadoapp.event_translation_prod ALTER COLUMN id SET DEFAULT nextval('micadoapp.event_translation_prod_id_seq1'::regclass);


--
-- Name: features_flags id; Type: DEFAULT; Schema: micadoapp; Owner: -
--

ALTER TABLE ONLY micadoapp.features_flags ALTER COLUMN id SET DEFAULT nextval('micadoapp.features_flags_id_seq'::regclass);


--
-- Name: feedback id; Type: DEFAULT; Schema: micadoapp; Owner: -
--

ALTER TABLE ONLY micadoapp.feedback ALTER COLUMN id SET DEFAULT nextval('micadoapp.feedback_id_seq'::regclass);


--
-- Name: glossary id; Type: DEFAULT; Schema: micadoapp; Owner: -
--

ALTER TABLE ONLY micadoapp.glossary ALTER COLUMN id SET DEFAULT nextval('micadoapp.glossary_id_seq'::regclass);


--
-- Name: individual_intervention_plan id; Type: DEFAULT; Schema: micadoapp; Owner: -
--

ALTER TABLE ONLY micadoapp.individual_intervention_plan ALTER COLUMN id SET DEFAULT nextval('micadoapp.individual_intervention_plan_id_seq'::regclass);


--
-- Name: individual_intervention_plan_interventions list_id; Type: DEFAULT; Schema: micadoapp; Owner: -
--

ALTER TABLE ONLY micadoapp.individual_intervention_plan_interventions ALTER COLUMN list_id SET DEFAULT nextval('micadoapp.individual_intervention_plan_interventions_list_id_seq'::regclass);


--
-- Name: individual_intervention_plan_interventions intervention_type; Type: DEFAULT; Schema: micadoapp; Owner: -
--

ALTER TABLE ONLY micadoapp.individual_intervention_plan_interventions ALTER COLUMN intervention_type SET DEFAULT nextval('micadoapp.individual_intervention_plan_intervention_intervention_type_seq'::regclass);


--
-- Name: individual_intervention_plan_interventions id; Type: DEFAULT; Schema: micadoapp; Owner: -
--

ALTER TABLE ONLY micadoapp.individual_intervention_plan_interventions ALTER COLUMN id SET DEFAULT nextval('micadoapp.individual_intervention_plan_interventions_id_seq'::regclass);


--
-- Name: information id; Type: DEFAULT; Schema: micadoapp; Owner: -
--

ALTER TABLE ONLY micadoapp.information ALTER COLUMN id SET DEFAULT nextval('micadoapp.event_id_seq'::regclass);


--
-- Name: information_category id; Type: DEFAULT; Schema: micadoapp; Owner: -
--

ALTER TABLE ONLY micadoapp.information_category ALTER COLUMN id SET DEFAULT nextval('micadoapp.event_category_id_seq'::regclass);


--
-- Name: information_tags id; Type: DEFAULT; Schema: micadoapp; Owner: -
--

ALTER TABLE ONLY micadoapp.information_tags ALTER COLUMN id SET DEFAULT nextval('micadoapp.event_tags_id_seq1'::regclass);


--
-- Name: intervention_category id; Type: DEFAULT; Schema: micadoapp; Owner: -
--

ALTER TABLE ONLY micadoapp.intervention_category ALTER COLUMN id SET DEFAULT nextval('micadoapp.intervention_category_id_seq'::regclass);


--
-- Name: intervention_processes intervention_type; Type: DEFAULT; Schema: micadoapp; Owner: -
--

ALTER TABLE ONLY micadoapp.intervention_processes ALTER COLUMN intervention_type SET DEFAULT nextval('micadoapp.intervention_processes_intervention_type_seq'::regclass);


--
-- Name: intervention_processes process_id; Type: DEFAULT; Schema: micadoapp; Owner: -
--

ALTER TABLE ONLY micadoapp.intervention_processes ALTER COLUMN process_id SET DEFAULT nextval('micadoapp.intervention_processes_process_id_seq'::regclass);


--
-- Name: intervention_types id; Type: DEFAULT; Schema: micadoapp; Owner: -
--

ALTER TABLE ONLY micadoapp.intervention_types ALTER COLUMN id SET DEFAULT nextval('micadoapp.intervention_types_id_seq'::regclass);


--
-- Name: picture_hotspot id; Type: DEFAULT; Schema: micadoapp; Owner: -
--

ALTER TABLE ONLY micadoapp.picture_hotspot ALTER COLUMN id SET DEFAULT nextval('micadoapp.picture_hotspot_id_seq'::regclass);


--
-- Name: process id; Type: DEFAULT; Schema: micadoapp; Owner: -
--

ALTER TABLE ONLY micadoapp.process ALTER COLUMN id SET DEFAULT nextval('micadoapp.process_id_seq'::regclass);


--
-- Name: process_topic id_process; Type: DEFAULT; Schema: micadoapp; Owner: -
--

ALTER TABLE ONLY micadoapp.process_topic ALTER COLUMN id_process SET DEFAULT nextval('micadoapp.process_topic_id_process_seq'::regclass);


--
-- Name: process_topic id_topic; Type: DEFAULT; Schema: micadoapp; Owner: -
--

ALTER TABLE ONLY micadoapp.process_topic ALTER COLUMN id_topic SET DEFAULT nextval('micadoapp.process_topic_id_topic_seq'::regclass);


--
-- Name: process_translation id; Type: DEFAULT; Schema: micadoapp; Owner: -
--

ALTER TABLE ONLY micadoapp.process_translation ALTER COLUMN id SET DEFAULT nextval('micadoapp.process_translation_id_seq'::regclass);


--
-- Name: process_translation_prod id; Type: DEFAULT; Schema: micadoapp; Owner: -
--

ALTER TABLE ONLY micadoapp.process_translation_prod ALTER COLUMN id SET DEFAULT nextval('micadoapp.process_translation_prod_id_seq'::regclass);


--
-- Name: process_users id_process; Type: DEFAULT; Schema: micadoapp; Owner: -
--

ALTER TABLE ONLY micadoapp.process_users ALTER COLUMN id_process SET DEFAULT nextval('micadoapp.process_users_id_process_seq'::regclass);


--
-- Name: process_users id_user_types; Type: DEFAULT; Schema: micadoapp; Owner: -
--

ALTER TABLE ONLY micadoapp.process_users ALTER COLUMN id_user_types SET DEFAULT nextval('micadoapp.process_users_id_user_types_seq'::regclass);


--
-- Name: rasa id; Type: DEFAULT; Schema: micadoapp; Owner: -
--

ALTER TABLE ONLY micadoapp.rasa ALTER COLUMN id SET DEFAULT nextval('micadoapp.rasa_id_seq'::regclass);


--
-- Name: ratings content_id; Type: DEFAULT; Schema: micadoapp; Owner: -
--

ALTER TABLE ONLY micadoapp.ratings ALTER COLUMN content_id SET DEFAULT nextval('micadoapp.ratings_content_id_seq'::regclass);


--
-- Name: ratings id; Type: DEFAULT; Schema: micadoapp; Owner: -
--

ALTER TABLE ONLY micadoapp.ratings ALTER COLUMN id SET DEFAULT nextval('micadoapp.ratings_id_seq'::regclass);


--
-- Name: topic id; Type: DEFAULT; Schema: micadoapp; Owner: -
--

ALTER TABLE ONLY micadoapp.topic ALTER COLUMN id SET DEFAULT nextval('micadoapp.topic_id_seq'::regclass);


--
-- Name: topic_translation id; Type: DEFAULT; Schema: micadoapp; Owner: -
--

ALTER TABLE ONLY micadoapp.topic_translation ALTER COLUMN id SET DEFAULT nextval('micadoapp.topic_translation_id_seq'::regclass);


--
-- Name: topic_translation_prod id; Type: DEFAULT; Schema: micadoapp; Owner: -
--

ALTER TABLE ONLY micadoapp.topic_translation_prod ALTER COLUMN id SET DEFAULT nextval('micadoapp.topic_translation_prod_id_seq'::regclass);


--
-- Name: user_types id; Type: DEFAULT; Schema: micadoapp; Owner: -
--

ALTER TABLE ONLY micadoapp.user_types ALTER COLUMN id SET DEFAULT nextval('micadoapp.user_types_id_seq'::regclass);


--
-- Name: user_types_translation id; Type: DEFAULT; Schema: micadoapp; Owner: -
--

ALTER TABLE ONLY micadoapp.user_types_translation ALTER COLUMN id SET DEFAULT nextval('micadoapp.user_types_translation_id_seq'::regclass);


--
-- Name: user_types_translation_prod id; Type: DEFAULT; Schema: micadoapp; Owner: -
--

ALTER TABLE ONLY micadoapp.user_types_translation_prod ALTER COLUMN id SET DEFAULT nextval('micadoapp.user_types_translation_prod_id_seq'::regclass);


--
-- Data for Name: charts; Type: TABLE DATA; Schema: micadoapp; Owner: -
--



--
-- Data for Name: comment_translation_prod; Type: TABLE DATA; Schema: micadoapp; Owner: -
--



--
-- Data for Name: comments; Type: TABLE DATA; Schema: micadoapp; Owner: -
--



--
-- Data for Name: comments_translation; Type: TABLE DATA; Schema: micadoapp; Owner: -
--



--
-- Data for Name: completed_intervention_document; Type: TABLE DATA; Schema: micadoapp; Owner: -
--



--
-- Data for Name: document; Type: TABLE DATA; Schema: micadoapp; Owner: -
--



--
-- Data for Name: document_pictures; Type: TABLE DATA; Schema: micadoapp; Owner: -
--



--
-- Data for Name: document_type; Type: TABLE DATA; Schema: micadoapp; Owner: -
--



--
-- Data for Name: document_type_picture; Type: TABLE DATA; Schema: micadoapp; Owner: -
--



--
-- Data for Name: document_type_translation; Type: TABLE DATA; Schema: micadoapp; Owner: -
--



--
-- Data for Name: document_type_translation_prod; Type: TABLE DATA; Schema: micadoapp; Owner: -
--



--
-- Data for Name: document_type_validator; Type: TABLE DATA; Schema: micadoapp; Owner: -
--



--
-- Data for Name: event; Type: TABLE DATA; Schema: micadoapp; Owner: -
--



--
-- Data for Name: event_category; Type: TABLE DATA; Schema: micadoapp; Owner: -
--



--
-- Data for Name: event_category_translation; Type: TABLE DATA; Schema: micadoapp; Owner: -
--



--
-- Data for Name: event_category_translation_prod; Type: TABLE DATA; Schema: micadoapp; Owner: -
--



--
-- Data for Name: event_tags; Type: TABLE DATA; Schema: micadoapp; Owner: -
--



--
-- Data for Name: event_tags_translation; Type: TABLE DATA; Schema: micadoapp; Owner: -
--



--
-- Data for Name: event_tags_translation_prod; Type: TABLE DATA; Schema: micadoapp; Owner: -
--



--
-- Data for Name: event_topic; Type: TABLE DATA; Schema: micadoapp; Owner: -
--



--
-- Data for Name: event_translation; Type: TABLE DATA; Schema: micadoapp; Owner: -
--



--
-- Data for Name: event_translation_prod; Type: TABLE DATA; Schema: micadoapp; Owner: -
--



--
-- Data for Name: event_user_types; Type: TABLE DATA; Schema: micadoapp; Owner: -
--



--
-- Data for Name: features_flags; Type: TABLE DATA; Schema: micadoapp; Owner: -
--

INSERT INTO micadoapp.features_flags VALUES (1, 'FEAT_DOCUMENTS', true);
INSERT INTO micadoapp.features_flags VALUES (8, 'FEAT_DEFAULT', true);
INSERT INTO micadoapp.features_flags VALUES (5, 'FEAT_TASKS', true);
INSERT INTO micadoapp.features_flags VALUES (2, 'FEAT_GLOSSARY', true);
INSERT INTO micadoapp.features_flags VALUES (9, 'FEAT_INFO', true);
INSERT INTO micadoapp.features_flags VALUES (7, 'FEAT_GEOPORTAL', true);
INSERT INTO micadoapp.features_flags VALUES (10, 'FEAT_MIGRANT_LOGIN', true);
INSERT INTO micadoapp.features_flags VALUES (4, 'FEAT_PROCESSES', true);
INSERT INTO micadoapp.features_flags VALUES (6, 'FEAT_EVENTS', true);
INSERT INTO micadoapp.features_flags VALUES (3, 'FEAT_ASSISTANT', true);


--
-- Data for Name: features_flags_translation; Type: TABLE DATA; Schema: micadoapp; Owner: -
--

INSERT INTO micadoapp.features_flags_translation VALUES (1, 'it', 'Portafoglio documenti', '2020-04-14 17:54:28.436', 0, false);
INSERT INTO micadoapp.features_flags_translation VALUES (1, 'en', 'Document wallet', '2020-04-14 17:54:28.436', 0, false);
INSERT INTO micadoapp.features_flags_translation VALUES (2, 'en', 'Glossary', NULL, 0, true);
INSERT INTO micadoapp.features_flags_translation VALUES (2, 'it', 'Glossario', NULL, 0, true);
INSERT INTO micadoapp.features_flags_translation VALUES (3, 'en', 'Chatbot assistant', NULL, 0, true);
INSERT INTO micadoapp.features_flags_translation VALUES (4, 'it', 'Gestione processi', NULL, 0, false);
INSERT INTO micadoapp.features_flags_translation VALUES (5, 'it', 'Piano individuale integrazione', NULL, 0, false);
INSERT INTO micadoapp.features_flags_translation VALUES (6, 'it', 'Gestione eventi', NULL, 0, true);
INSERT INTO micadoapp.features_flags_translation VALUES (7, 'it', 'GeoPortale', NULL, 0, true);
INSERT INTO micadoapp.features_flags_translation VALUES (4, 'en', 'Process management', NULL, 0, true);
INSERT INTO micadoapp.features_flags_translation VALUES (5, 'en', 'Individual integration plan', NULL, 0, true);
INSERT INTO micadoapp.features_flags_translation VALUES (6, 'en', 'Event management', NULL, 0, true);
INSERT INTO micadoapp.features_flags_translation VALUES (7, 'en', 'GeoPortal', NULL, 0, true);
INSERT INTO micadoapp.features_flags_translation VALUES (8, 'it', 'Funzionalit standard', NULL, 0, true);
INSERT INTO micadoapp.features_flags_translation VALUES (8, 'en', 'Core features', NULL, 0, true);
INSERT INTO micadoapp.features_flags_translation VALUES (9, 'en', 'Information portal', NULL, 0, true);
INSERT INTO micadoapp.features_flags_translation VALUES (9, 'it', 'Area notizie', NULL, 0, false);
INSERT INTO micadoapp.features_flags_translation VALUES (10, 'it', 'Il migrante pu fare login', NULL, 0, true);
INSERT INTO micadoapp.features_flags_translation VALUES (10, 'en', 'Migrant can login', NULL, 0, false);


--
-- Data for Name: features_flags_translation_prod; Type: TABLE DATA; Schema: micadoapp; Owner: -
--



--
-- Data for Name: feedback; Type: TABLE DATA; Schema: micadoapp; Owner: -
--



--
-- Data for Name: glossary; Type: TABLE DATA; Schema: micadoapp; Owner: -
--



--
-- Data for Name: glossary_translation; Type: TABLE DATA; Schema: micadoapp; Owner: -
--



--
-- Data for Name: glossary_translation_prod; Type: TABLE DATA; Schema: micadoapp; Owner: -
--



--
-- Data for Name: individual_intervention_plan; Type: TABLE DATA; Schema: micadoapp; Owner: -
--



--
-- Data for Name: individual_intervention_plan_interventions; Type: TABLE DATA; Schema: micadoapp; Owner: -
--



--
-- Data for Name: information; Type: TABLE DATA; Schema: micadoapp; Owner: -
--



--
-- Data for Name: information_category; Type: TABLE DATA; Schema: micadoapp; Owner: -
--



--
-- Data for Name: information_category_translation; Type: TABLE DATA; Schema: micadoapp; Owner: -
--



--
-- Data for Name: information_category_translation_prod; Type: TABLE DATA; Schema: micadoapp; Owner: -
--



--
-- Data for Name: information_tags; Type: TABLE DATA; Schema: micadoapp; Owner: -
--



--
-- Data for Name: information_tags_translation; Type: TABLE DATA; Schema: micadoapp; Owner: -
--



--
-- Data for Name: information_tags_translation_prod; Type: TABLE DATA; Schema: micadoapp; Owner: -
--



--
-- Data for Name: information_topic; Type: TABLE DATA; Schema: micadoapp; Owner: -
--



--
-- Data for Name: information_translation; Type: TABLE DATA; Schema: micadoapp; Owner: -
--



--
-- Data for Name: information_translation_prod; Type: TABLE DATA; Schema: micadoapp; Owner: -
--



--
-- Data for Name: information_user_types; Type: TABLE DATA; Schema: micadoapp; Owner: -
--



--
-- Data for Name: intervention_category; Type: TABLE DATA; Schema: micadoapp; Owner: -
--



--
-- Data for Name: intervention_category_translation; Type: TABLE DATA; Schema: micadoapp; Owner: -
--



--
-- Data for Name: intervention_category_translation_prod; Type: TABLE DATA; Schema: micadoapp; Owner: -
--



--
-- Data for Name: intervention_processes; Type: TABLE DATA; Schema: micadoapp; Owner: -
--



--
-- Data for Name: intervention_type_validator; Type: TABLE DATA; Schema: micadoapp; Owner: -
--



--
-- Data for Name: intervention_types; Type: TABLE DATA; Schema: micadoapp; Owner: -
--



--
-- Data for Name: intervention_types_translation; Type: TABLE DATA; Schema: micadoapp; Owner: -
--



--
-- Data for Name: intervention_types_translation_prod; Type: TABLE DATA; Schema: micadoapp; Owner: -
--



--
-- Data for Name: languages; Type: TABLE DATA; Schema: micadoapp; Owner: -
--

INSERT INTO micadoapp.languages VALUES ('es', 'es', 'espaol', true, false, 'Spanish Female', true);
INSERT INTO micadoapp.languages VALUES ('nl', 'nl', 'nederlands', true, false, 'Dutch Female', true);
INSERT INTO micadoapp.languages VALUES ('de', 'de', 'deutsch', true, false, 'Deutsch Female', true);
INSERT INTO micadoapp.languages VALUES ('en', 'en-us', 'english', true, true, 'UK English Female', true);
INSERT INTO micadoapp.languages VALUES ('it', 'it', 'italiano', true, false, 'Italian Female', true);


--
-- Data for Name: migrant_app_config; Type: TABLE DATA; Schema: micadoapp; Owner: -
--

INSERT INTO micadoapp.migrant_app_config VALUES (1, '["FEAT_DOCUMENTS","FEAT_GLOSSARY","FEAT_ASSISTANT","FEAT_SERVICES","FEAT_TASKS","FEAT_DEFAULT"]');


--
-- Data for Name: mixed_icons; Type: TABLE DATA; Schema: micadoapp; Owner: -
--

INSERT INTO micadoapp.mixed_icons VALUES (1, 'data:image/png;base64,iVBORw0KGgoAAAANSUhEUgAAAlgAAAJYCAYAAAC+ZpjcAAAAGXRFWHRTb2Z0d2FyZQBBZG9iZSBJbWFnZVJlYWR5ccllPAAAKFtJREFUeNrs3dF120a6B3DsPXm3OxC3Amnf+GaiAmErEFNBtBUYrmClCkJVsHQFkt70tlIHcgU3rsAXsxrvVRInlsgBOR/4+53Dg5wkokYDEvxj5uPMX758+dIAAFDO/+gCAAABCwBAwAIAELAAABCwAAAELAAAAQsAAAELAEDAAgAQsAAAELAAAAQsAAABCwBAwAIAQMACABCwAAAELAAABCwAAAELAEDAAgBAwAIAELAAAAQsAAAELAAAAQsAQMACABCwAAAQsAAABCwAAAELAAABCwBAwAIAELAAABCwAAAELAAAAQsAAAELAEDAAgAQsAAABCwAAAQsAAABCwBAwAIAQMACABCwAAAELAAABCwAAAELAEDAAgDgB13A2OZtt8j/+HZ4nBx4d5zkfvjql+Fx71UCf+gmHx/vrtePuoMo/vLlyxe9QMkgdZIfs+HxTq8AhX1KYSsHr3S8H4KXmxQELCYTptIozOLZ41ivAHvyOQeu/zwELgQsooWq2XDocqA61SNApdIo1zqHrbXuQMCixlD1NoeqZWPKD4gbti7UcCFgUUOwmg2HPoerN3oEmIDb4bEagtZKVyBgsetgtcjBymgVMFVpVOsih61fdAcCFoIVQDmpOD5NHfa6AgGL0sHqJN/JCVbAoUojWr2pQwQsSgSrtzlYnekNgP9INVrnlnlAwGLTcHXePE0HKl4H+L3L5mlES30WAhYvClaz4bBqTAcCfE+aNlwOIetGV7AJmz0fTrhaNk973glXAN93NDyuh2tnryvYhBGs6QcrtVYA20m1WZ0pQwQsvoar9A3BVWOfQIBtpSUdFgrgeSlThNMNV2kF9hvhCqCI9KWgf+dyCxCwDjRcpQvAvxrfEgQo7Wd1WbyEKcLphatVo94KYGxXd9frpW5AwBKu9uGhefrm4mPzNF3Z+Moz8Ipr2mw4PH8s8vFIyELA4pDCVQpU6xSmBClg5OC1yI9Ub7rPcgghCwFLuBotVKXfvx4uMo/OBrCHa2D6xvT5HsOWkIWAJVwVkb6unEaqeqEKqOyamIJOeux6UeUPw/WwdwYQsKZxIUlv5vc7DlZp0dILC+4BlV8fF83Tnqu7DFo/DtfGld5HwIp/l/azYAVQVdD6m8VIEbDiXjBSvcG/d/TrrobHuWAFBL9udvlGcexvIKYb0plrJhYajXeRSHsL3uzgV6Wd5NtUuOlCAUQ3XMdS3Wi6Ob0c+Ve92dE1GgGLwm6a8b8lky5AJ5ZaACYWsn4ZHunbhm2+iRzL8XAzfKHHD5spwkB2UNSehraX+U4PYMrX0zQbsBoepyP+mtaNqoBF/ReDxXC4HvFXPORwpTgTcONaRholO1FmcZhMEca60xozXC2EK+DQ5LWrfhzp6VNBfa+XBSzq1TfjffPlKocrd1jAoYasdAP7t+apTKK0n/IMBAfGFGHlRl6SwfYOAL++3t405b9I9DBca0/08GExglW/lXAFML5cJrFoyo9kHefFoTkgRrDqvptKb8gxVmt3NwXwx9feFLJKf6nIAqQHxghWvW/wVNjejxGu8h0aAN+Ql1YoXfieph3P9a6Axf6lN2Lpwvav61y5gwL485C1asqv+n6eb54RsNiH/AYc407HOlcALw9Z6Tp8W/ApjWIdkB90QZXOm/LfYrm0QjvAq6VNoh8LXpPTKNbFIc4k5MGDk/x4PpKXbvwfpzYAoMi9zhdhejOXnB5U1A6w+TU5hax/FXzKH/MU5CH0XfrsWeag+r3PtVTGcjM81lPoHwGrvhdjeiGW/ubg30wNAmx1bU4zAKX2Lfw0XJNnE++vRfP0Ra13Gz5FClsXeaV9AYsiL8oUhI4LPuVlriMAYPNrc5rSemzKTRVOciPo3E8Xw+OsVBhtnuqHw/WVIve6XpgnhcPV58Y+WABbyzVTJa+ny4l+ht0XDFdJmla8zptyC1hsrPRI07klGQCKhaw0MvOp0NN1U1qy4dk2Q2Ptm/t++B0rAYuN33AFn+vToRRRAuxQX+h53hS+5tcQrt6M/KvOIoUsAaueF2hX+MXZ61WAsvKNa7FRrAl8dr3dUbh6HrKWAhb7eqMZvQIYT6kb2NMJ9MVqh+Hqq4shZM0ELPYRsIQrgJHkG9jPJZ4rz16ElNu+j5D4JsLnnIBVx4v0pPAdwIVeBRhVqQ/4ReA+2Odnzbu81paAxZ8qeQfz0TcHAcKEi5ABKy+bcLTnZlS9xqOAVYeSb7CV7gQY13Aj+zgcHgo81XG05Rpy/VMN4ea05losAasO7wo9z2cbOgPsTKkb2kWwvzuN3r2ppC3V9p2Atf87gZKbMN/oUYCdKXVDexLlD851TzV9+1HAYidvLKNXADuSpwlLrIm1CPRn1/YlqmrDqYA1rRfHje4E2KkS190QI1jztkt1V8eVNeu41v4SsKYTsD7luykAYgWsN7X/kbkQv3e6BaxDdK8LAEIGrI8B/s6aCtsFLAQsgCkrNHNQ9XpO+ctYZ862gOUuCoBdut3iZz8EKO+wO4iAddCs3g6wH5sGpE+1h5d52y2bcms1juGh1oYJWBMx3AGZIgSIFbDOa97aLBe21z56Ve1nn4AFANvZJCTdBth5I9WG1V7YfiNgMaYHXQCwN5uMotRe2D4bDu8D9H21IVXAOty7JwD24zJAWccqQD9e1TzFKmABwO58bipfsHPedl1Td2H7V1X3o4AFALtTdWF7FmFZhqval7cQsABgNx6GULCquYHztuuHw1Hl/ZhGAc9rP9kCFgDsRoTC9vMA/XgRYBRQwAKAHUhTWje1B5em/mUZPg392Ec44QIWAIyr+imtedsthsNpgL5cRjnpAhYAjOtCYXsRHwOMAgpYALAD1U9pzdsuja4dB+jL80gnXsACgPEsKw9Xab/BPkA/fqh9WQYBCwB246PC9iI+NTGmMAUsANiB2gvbT4bDWYR+jLAsg4AFAOOLMKUVYVTodujHdcQXgIAFAGVVP6U1b7tlE2O/wfOoLwIBCwAKh4Kap7RyYXuE0avLoR/vBSwAIMKUVhoVqr2wPS3O2kd+IQhYAFA2vFQr7zf4PkI/RixsF7AAoLwIU1qrAP34MPTjKvqLQcACgO1VP6U1b7uuUdguYAFAIOf2GyziKtJ+g3/mB+8JANhchEAwb7t+OBxV3sw0Cng+ldeFESwAmLBc2B4huFxEL2wXsADgcITYb3AIV/2UOl3AAoCJmrfdYjicBmjqcmp9L2ABwHRFKGz/OJXCdgELACZu3nap7uo4QFPPp9j/AhYATC9cpf0G+wBN/XB3vX4UsACACEIUtjcxpjAFLAA4dPO2OxkOZwGaej6lZRkELACYtgijQrdDuFpP+SQIWAAwEfO2Wzb2GxSwAIBi4SoVtkcYvbq8u17fC1gAQARpVKj2wva032B/CCdDwAKA4PJ+g+8jhMApF7YLWAAwLasAbXwYwtXqUE6IgAUAgc3brmsUtgtYAEBREQrbr6a436CABQATNG+7fjgcVd7MVNh+fmjnRsACgJjhahYkuFwcSmG7gAUA8YXYb3AIV/0hnhwBCwCCmbfdYjicBmjq8lDPkYAFAPFEKGz/eGiF7QIWAAQ1b7tUd3UcoKnnh3yeBCwAiBOu0n6DfYCmfri7Xj8KWABABCEK25sYU5gCFgAcunnbnQyHswBNPT/EZRkELACIKcKo0O0QrtZOlYAFANWbt92ysd+ggAUAFAtXqbA9wujV5d31+t4ZE7AAIII0KlR7YXvab7B3qgQsAKhe3m/wfYQQqLBdwAKAKFYB2vgwhKuVUyVgAUD15m3XNQrbBSwAoKgIhe1Xh7zfoIAFAIHM264fDkeVNzMVthu9ErAAIES4mgUJLhcK2wUsAIgixH6DQ7jqnSoBCwCqN2+7xXA4DdDUpbP1537QBQS68Lhbgnju7U33KhEK2z8qbBewmE64SrvIv9cTEM7t8BCwXnadS3VXxwGaqrD9BUwREsWJLoCQ3umCF4WrtN9gH6CpH+6u14/OmIDFdMx0ATBhIQrbmxhTmAIWABy6XAJxFqCp9hsUsAAgjAijQre+rCBgMU33ugBC+qwL/ti87ZaN/QYFLNijR10Abo4mFq5SYXuE0avLu+u18/hKlmkghPTmHi5GrZ4AN0cTkkaFai9sTyOQvVMlYDHtkHWjF4ApyPsNRljbT2H7hkwRAsDurQK08WEIVyunSsACgOrN265rFLYLWABAUREK26+UZQhYABBC3rT+qPJmpsJ2o1cCFgCECFezIMHlQmG7gAUAUYTYb3AIV71TJWABQPXmbbcYDqcBmrp0tgQsAIgiQmH7R4XtAhYAhDBvu1R3dRygqQrbBSwACBGu0n6DfYCmfri7Xj86YwIWAEQQorC9iTGFKWABwKGbt93JcDgL0FT7DQpYABBGhFGh2yFcrZ0qAQsAqjdvu2Vjv0EBCwAoFq5SYXuE0avLu+v1vTMmYAFABGlUqPbC9rTfYO9UCVgAUL283+D7CCFQYbuABQBRrAK08WEIVyunSsACgOrN265rFLYjYAFAUREK26/sNyhgAUAI87brh8NR5c1Mhe1GrwQsAAgRrmZBgsuFwnYBCwCiCLHf4BCueqdKwAKA6s3bbjEcTgM0delsCVgAEEWEwvaPCtsFLAAIYd52qe7qOEBTFbYLWAAQIlyl/Qb7AE39cHe9fnTGBCwAiCBEYXsTYwpTwAKAQzdvu5PhcBagqfYbFLAAIIwIo0K3Q7haO1UCFgBUb952y8Z+gwhYAFAsXKXC9gijV5d31+t7Z0zAAoAI0qhQ7YXtab/B3qkSsACgenm/wfcRQqDCdgELAKJYBWjjwxCuVk6VgAUA1Zu3XdcobEfAAoCiIhS2X9lvUMACgBDmbdcPh6PKm5kK241eCVgAECJczYIElwuF7QIWAEQRYr/BIVz1TpWABQDVm7fdYjicBmjq0tkSsAAgigiF7R8VtgtYABDCvO1S3dVxgKYqbBewACBEuEr7DfYBmvrh7nr96IwJWAAQQYjC9ibGFKaABQCHbt52J8PhLEBT7TcYwA+6gCAXvjRs/796Aoq5HT6kF7rhVy6CnLe1U1U/I1hEcaILoCgF0r++iVs29htEwOIAudOGctK+dfe64b/hKo2QRxi9unTeBCwA6mTfut9L/fEmwHnrnSoBC4A69Qqk/1/eb/B9hBDovAlYMAYXFtjew/Ah7ev9v7YKct5WTpWABWNQdwDbMzX4zLztukZhOwIWAhawBfvW/V6E0bwr5y0m62ARQq49+IueAEqYt10/HI4qb6YvJARmBAuAQwtXsyDB5UJhu4AFAFGE2G9wCFe9UyVgAUD15m23GA6nAZq6dLYELACIIkJhuy8kCFgAEMO87VLd1XGApipsF7AAIES4SvsN9gGa+uHuev3ojAlYABBBiML2JsYUJgIWAIdu3nYnw+EsQFPtNyhgAUAYEUaFbodwtXaqBCwAqN687ZaN/QYRsACgWLhKhe0RRq8u767X9lsVsAAghDQqVHthe9pvsHeqBCwAqF7eb/B9hBCosF3AAoAoVgHa+DCEq5VTJWABQPXmbdc1CtsRsACgqAiF7Vf2GxSwACCEedv1w+Go8mamwnajVwIWAIQIV7MgweVCYbuABQBRhNhvcAhXvVMlYAFA9eZttxgOpwGaunS2BCwAiCJCYftHhe0CFgCEMG+7VHd1HKCpCtsFLAAIEa7SfoN9gKZ+uLtePzpjAhYARBCisL2JMYWJgAXAoZu33clwOAvQVPsNClgAEEaEUaHbIVytnSoBCwCqN2+7ZWO/QQQsACgWrlJhe4TRq8u76/W9MyZgAUAEaVSo9sL2tN9g71QJWABQvbzf4PsIIVBhu4AFAFGsArTxYQhXK6dKwAKA6s3brmsUtiNgAUBREQrbr+w3iIAFQAjztuuHw1HlzUyF7UavELAACBGuZkGCy4XCdgQsAKIIsd/gEK56pwoBC4DqzdtuMRxOAzR16WwhYAEQRYTC9o8K2xGwAAhh3nap7uo4QFMVtiNgARAiXKX9BvsATf1wd71+dMYQsACIIERhexNjChMBC4BDN2+7k+FwFqCp9htEwAIgjAijQrdDuFo7VQhYAFRv3nbLxn6DCFgAUCxcpcL2CKNXl3fX63tnDAELgAjSqFDthe1pv8HeqULAAqB6eb/B9xFCoMJ2BCwAolgFaOPDEK5WThUCFgDVm7dd1yhsR8ACgKIiFLZf2W8QAQuAEOZt1w+Ho8qbmQrbjV4hYAEQIlzNggSXC4XtCFgARBFiv8EhXPVOFQIWANWbt91iOJwGaOrS2ULAAiCKCIXtHxW2I2ABEMK87VLd1XGApipsR8ACIES4SvsN9gGa+uHuev3ojCFgARBBiML2JsYUJgIWAIdu3nYnw+EsQFPtN4iABUAYEUaFbodwtXaqELAAqN687ZaN/QYRsACgWLhKhe0RRq8u767X984YAhYAEaRRodoL29N+g71ThYAFQPXyfoPvI4RAhe0IWABEsQrQxochXK2cKgQsAKo3b7uuUdiOgAUARUUobL+y3yACFgAhzNuuHw5HlTczFbYbvULAAiBEuJoFCS4XCtsRsACIIsR+g0O46p0qBCwAqjdvu8VwOA3Q1KWzhYAFQBRR9hu8caoQsACo3rztUt3VcYCmLp0tBCwAIoSrtN9gH6CpH+6u14/OGAIWABGEKGxvYkxhImABcOjmbXcyHM4CNLW3LAMCFgBRRClsXzlVCFgAVG/edsvGfoMgYAFQLFylwvYIo1eXd9fre2cMAQuACNKoUO2F7Wm/wd6pQsACoHp5v8H3AZqqsB0BC4AwVgHa+DCEK8syIGABUL9523WNwnYQsAAoKsKo0JX9BhGwAAhh3nb9cDiqvJkK2xGwAAgTrmZNjGm3C/sNImABEEWI/QaHcNU7VQhYAFRv3naL4XAaoKlLZwsBC4Aoouw3eONUIWABUL1526W6q+MATV06WwhYAEQIV2m/wT5AUz8obEfAAiCKEIXtTYwpTAQsAA7dvO1OhsNZgKbabxABC4AwohS2r5wqBCwAqjdvu2Vjv0EQsAAoFq5SYXuE0avLu+v1vTOGgAVABGlUqPbC9sntN5iDLQIWAFOT9xt8H6Cpkypsz5ton3gFClgATNMqQBsfhnA1mWUZAm2ijYAFwAYf9F2jsH0f+qb+KVkELAA2FGFU6GpK+w3mTbTPvPQELAAmKNcAHVXezMkVtjdWoBewAJhsuJo1MabdLqa032Bea+zYK1DAAmCaQuw3OISrfkLhKspaYwhYAGzwQb8YDqcBmrqcWNf3jcJ2AQuAyYqy3+DNhEJtWu/qJy89AQuACRo+6FPdVYQaoKVQi4AFQIRwlWqA+gBN/TCxwvYoa40hYAGwgRCF7c2ERnsUtgtYAExYrgGKsLjlpPYbbJ6WwjjyChSwAJimKIXtqwmF2lkTYxNtBCwANvigt9+gUIuABcABftBf3l2v7ycUahdNjLXGELAA2OCDPkIN0BT3G1x59QlYAEwzXEVZlmFShe1BNtFGwAJgQ2n0qvZlGR6GcDW1ZRnOvfQELAAmKNAH/RQL2+03KGABMFERPuivJrbf4KKJsdYYAhYAG3zQzwJ80E+xsN2yDAIWABMWIbhcTGy/wWUTYxNtBCwANvignzX1j159GsJVP6E+t98gAhbAxEUILssJ9rnCdgQsgCkKMnp1O7HC9tTnP3n1IWABTFcfoI3LifX5yssOAQtgooKMXn2YWGF7lE20EbAA2FBfefs+NRMqBFfYjoAFMHFBRq/Op7Tf4OCksd8gAhbApPWVty8Vtq+dJgQsAEIIMnq1dKYQsACIpPbwMqnCdhCwACYuF1qfV9zESRW2g4AFcBhSuKp5BfHlxArbQcACOADLitv2cUortoOABXAA5m2XwlWtywR8bhS2I2ABEFBfcdtMDSJgARDLvO0WTb2jV9a8QsACIKRavzloahABC4B48sKip5U2r7fmFQIWABHVOnqVpgateYWABUAseWHRZYVNMzUIAhZAWF1T58Ki56YGQcACiKrG6cG0oOjKqQEBCyCcvDTDcWXNMjUIAhZAaDUGmc6CovD/ftAF8MfySEGaiknHr/Uut8MjLZ648oHCHl6Tqbj9rLJmXdprEH7NCBb88QfZajhcN0/rDD0vJn43PP45PO6H/+dET7Fjy8ra89DUvVUPCFhQWbj63ihB2p7kRshix2oqbv9P3ZWRXBCw4CXhqmtePgWTRrbstcauXpsnTV37DqbV2u+dGRCw4EUfGq/8/4+GD76lbmMHahq9+mi1dhCw4KUjBKmAeJOvvy/0Hjt4bXaVNOdTY0kGELBgB0FppusYWU0rt1uSAQQs2EnAgl0ErBr8Q90VCFjwWpt+I/BR1zGWedvNmqflQvZN3RUIWLCRdwIWFaph9Cqtd7V0KkDAglfZcj2rGz3IiPYdbKx3BQIWbGybgKUmhTGD/743dj5XdwUCFuw6YH1yZ8+Ilnv+/WmfwZXTAAIW7DpgubNnTPusv7odwtW5UwACFmxj0wJ3AYtR7HlrnE9NPUtDgIAFQT/IZlv8+I0eZCTLPf3eVNRuMVEQsGBrCtyp0b5GkBS1g4AFew1Yn93lM4Y9Tg9+UNQOAhaUstjw59zlM5blHn7n1RCuel0PAhaUMtvw5250HSPZ9fRgWqndNwZBwIIy5m33ttl8KsYIFmO8Jnc9PZiK2hemu0HAgpK2KXB/1H2MYJejV8IVCFhQV8DyTSsmELA6r2MQsKCmgHWr6ygtr8m2q70HfxzC1Y1eBwELagpYj7qOESx29HssxwACFoxq09EC0yqMYRfTg5ZjAAELxjNvu8UWPy5gMYbTkZ//4xCulroZBCwYky1yqCnwjz16lda6Eq5AwIJqA5YtchjDYuRwZTkGELCg6oBl9IpIAUu4AgELdkqBO1UYcXmGtJDoUrgCAQt29YG22OLHH/UghS1GeM6vq7S7IQABC3ZGgTtTDljCFQhYEO4DzYcWNQcs4QoELNibbfYgVM9CMbn+6ki4AgELDvkDzR6ElLYQrkDAginYpv7K6BU1BizhCgQsCP2B5gOM2gKWcAWV+UEX4APt1R531cg8ldnn9n6d0rzNIe9i+EB93EfnDe162zyNAj7uqw1Tkftym/or4QoELKjmA22bBR0fd9TO8+Hwz2/8p3f5sUz/z/DButph3y1z4Dt69u/S4SoHPh/yuw37whVUyhQhPtBeb/QPsz8JV8+9GR4/59AzeigdHunv/rn59mjL2fD49y7aMkEb74cpXIGABZMJWGMv0ZCnBf/5ih+5yD8zppvmZaN+KfB1XmKjvx6FKxCwYFIB62EH7etf+f+nkazzEQNf37xuSnWVp2F5mZMNXoMz4QoELKhGgfqrXSzRsMkI0GLE9rw2vL3Z8G84xNfjLPfXa8LVwkK3IGBBbbb94H8c+QN38coP3K+OR2rPyYbtWXipvchrRq9uhSuIw7cIOTTbfvA/jty+2kZ+Ni3AnnmpFe3fqyFYLXUXxGEEi0PTTbR9Y9WGnXjJ7D3wfxCuIB4jWByMLaa7nrsfuX2bLjh5s8cAsNN+mpjZd/77j7tc5wwQsGATJUYBfqm0fcUD1pZfCBCwXuaPArVlGCA4U4QckqlOD6a1udYjtGexxc8+erl9N8D+0fRrmu49Ea5AwIIIH2azZrv93r76ZaT2bTM9+HGkbts4YA3h4Mar7rtm3/h3acuhhf0dIT5ThByKIgtxjjiqsNziZ8cKM7UV3E/Nb0ew1FuBgAXh1D49WFXA2nLE79HL7VU+pdenKUGYFlOETN6W02+7aF8KV5t+u/HzSB/M2wRSQeFlFs3T9K56K5ggI1gcgvPK27dNmLkZqU3LLX720UvuZX2s1gqmywgWk5aXGugqbt9sOJxu8RT3I7Vpm613hIYXEK5AwILQowTN9ouLjmnb0bWbCtsEIGDpAiau2rCQR9eWlYZSAAQs+GaASUHhqPBzLgqHv61G10qvN7VlwT0AmSJ3pqyvvH1Lffaq4Jdq6d4++9dp9frVEDJ/8VIHBCzY3QfyGEszpCUfbgq077ypbOmIgn32tmCbUn+vmm8X3b9LgTD1pQU6gdqYImSK4Sp9wF+M9PSzQu3rC/2ti4J/W1/oeU4Khqub5s+/0ZimM3/O4RBAwIIR9c14dUQlAs15wfbNSjxJ4RG1rkB7UghdvaKffs7LSwAIWFBaHtH5acRfcZw//DdtXxqVeV9T4MvBpC/cR9uGndSe4w1+BkDAgsLhKgWf9Q5+1XKLn10VbsvZNmHmWZ+9qaWP8nTfJiG58y4ABCwoH65umt0sMXC+YRtTuDoeoT0XW/7sGG16v0nwyyN8m/49b0wTAgIWlA9Xxzv6lUfD7+xf2cblcDgbqT2nmxR558B3NmI/rV8znZqnd7cNyW+9IwABC7YPV7Mdh6uv3r801OQC8p9Hbs/PLw19qc+Gx/3I4arJ5+TmJSErt/262X7h1XvvCqAG1sEicrhKwaVv9rfy+M95Sqv/1mKXOfyl6a7THbXna+hLfbL+bZtye1KfLXfYZylk3ad2/XbV+dyeLrepxDcYH7wrAAELNgtVpT+Ut5WKsZdDu1Kh+OPwSKEmjdic7DBYPZf65Occ/j7lNiWzPfZX+r3XQ3tun/27Mdpz4R0CCFjw8kC1bJ6WI9hnSPgzaTTorMJ2HVXWX+9GfO5bq7kDAha8LFz1Tdk1o5imz02d+zoCB0yRO7WGq9UOwlX6YG7zkbhSfdejbgAELPjzcJVqrMaeckuhapELrxdCVliXwzlc6wZAwILv63fwOxZfv9Kfj0vd/l23lbXnajh3504LIGDBd+Si9rHXtPrxt+sl5VGQf1TSDZcpPFR2alKfLSpqV1qSQbgCBCx4odkOgsLqW/9h+PcXFQSI1L7z4bFM/1zB+UhTp3//2me5XR8qCFeLb609BiBgwe6Dwo/f+yp/DhD7Clm/al/+5783+6sP+1qntv5NH/V7DH9XwhUgYEE94Wrx0nWScsj6x47b136rfTncLJrdr1Keft/JH209k9u6629gfkjnRrgCBCx4pfytvpIf2qkwe/baPerydOHfhsenHQWZmz9py/3wSCvD72pqLn0z7+R7Sx/kNp804xe/f8oBtPcOAQQs2FyJLU++TgluPJ2Ug80sB5vSIzXp+T68JMg8a08KGH9txpvCTEHpb6/5Zl5qey5+/7EZZzTr8nsBFEDAgpcHrE2nxD7nQDQrtXVKDjYlg9ZVDg39Bm15zFOYf83tKTHC9rF5GiFavHak71m7ViP00V9zwb8pQSCcv3z58kUv7NG87dKd+bZ7tN3mUYQp9UvaMDn1zUuXbEhBI33IX4z9gZwXQk2P1Ocv3evvIbdvVbp9Q3tOnrXnJa+lz7lv02M9xiroQ5uWuU2v2fA6Bb11bpNQRaTrVXrvXRd4qtZo7XTYi5Aq5Q/Yk7wf4fIPgszts5Bwv8O2rXMQ+Lpu1yyHm99Kf0Nq1/2YgSH/7ffPLvZf29Q8O34NUY+72FYmj2itnn34pBD49hv/62Nukw8VYFKMYO3/zuemMYL1kn56HhrujXAAFV2f0vXXCBa/YgSLEPKoy6OeACACRe4AAAIWAICABQAgYAEAIGABAAhYAAACFgAAAhYAgIAFACBgAQAgYAEACFgAAAIWAICABQCAgAUAIGABAAhYAAAIWAAAAhYAgIAFAICABQAgYAEACFgAAAhYVXks8BxvdSMACFiUDVjHuhFgbxYlnuTuen2jKwUsAAAErGmbt92JXgDYi5kuQMCqz02h51GHBRA3YD3oRgGLOi10AcBevCvwHL/oRgGLggoWNZoiBNixedvNCj3Vvd4UsCjvs4AFENKi0PM86koBi/JK3LkcFbyTAmC3AcsIloBFpQGr5BsdAAELAUvAyjpdCbAbedbgqMBTfbq7XityF7AYwU1ld1IA7O6m1uiVgMUYhjuXx3QHU+Cp3gx3VEaxAHZjWdlNNgIWI77BlroSYFx5erDUPrACloBFgIB1OrzxreoOMK7zQs/z+e56bYpQwCJAwCr5xgfg25aFnmetKwUsRpTrsB4qe+MD8BvztkvX2DcCFgJWHKtCz3OULwAAlNcXvLkWsAQsdmBd4wUAgCf55vWo0NNd6VEBix0oPE1oFAugvJI3r0avBCx26KLkc/lGIUAZw/U0fYGo1OjVZ9ODAha7ld5wnws915vGVCFAiXD1tvD19EKvCljsUN6PquRdzU/DheFEzwJsZdWU++bg1+dDwGLH+sLP540MsKG8Bdlpwae8yjW3CFjsUn7jfSz4lMfDBcJwNMDrw9XbEW5S3fQKWOxR6UD0k42gAV4tlWyUnBq8HW6ib3SrgMWe5Dfgbem7JvVYAC+TR/7fFX7aXs8KWOxf6T0F3+SQZekGgD8PV8vh8FPhpzV6JWBRg7zDeumVfo+bshtLA0wtXC2Gw88jPPVS7wpY1KNvyq2L9d+QNVxAVroW4HfhKpVRjLEAqG8OCljUJL8hx/gG4JmQBfC7cHXTlC1qb/JN8rkePix/+fLli16I8cZP04XHY9xVpTd+XuAUQLgq78fhGuuG9sAYwYpjrLufs3RRUfgOHHC4Wg6Hf48Urm6FKwGLiuVvnlyO9PTHOWRZwgE4tHDVN+MUtCdpanCplw+TKcJ4F4Oxpgr/ezGwwztwANfSryu0n474a0wNHjAjWPEsm/LfKvwqDY//KxW/mzIEJhyuFsPhfuRwdSVcCVgEktfGGvvbKKku6z5fhACmEqze5tXZr4fH0Yi/6qHxrcGDZ4ow7oVilYPQ2HzLEJjCNTPtxXoxcrBK0gzDIt8MI2AR9IJx05TfJ+uPLhjpwnQhaAHBrpOL5mnB5nc7+pV/V8eKgBX/wpHqpFLIOt7RrxS0AMHqjylqR8Ca0EVk1jwVa77Z4a9NQSvdofW2fgAquyYum6cvA73b8a9ORe1LZwABa1oXlDFXIP6eVMyZ7tjWwhawp2vgIoeqbk/XQeEKAUvIGj1spZGtm7wwKsAY17vZcFjkx75ClXCFgCVk7TVwpenLx9yuRvACXhmknj9SoDqp6BonXCFgCVkACFfsioVGJyavvZLu9B70BsAo/iFcIWAdZshKSygshset3gAoJn2DOi3FcKEr+B5ThBOXt4X4SU8AbOXT8Ois0I6AxfOQlb5ls2rUZQFs4jaHKwssI2Dxu5A1a56WUDjWGwAv9mEIVr1uQMDie0ErXSje6wmAP5W+KLQ0JYiAxWtCVlrKYdUYzQL4FqNWCFhsFbTOm6fNUNVmATzVWi1t+4WARYmQ9TaHLN80BA5V+obg+RCs1roCAYvSQWuWg9aZ3gAOKFj1Q7Ba6QoELAQtAMEKAYugQStNHaYareXwONIjwAR8HB4rU4EIWNQStroctE71BhBMGq1a5WD1qDsQsKgxaKVRrS4/hC2g5lC1zqHKOlYIWIQLXCloLfLDmlrAvqRNmG/yY22kCgGLqQWuFLRO8mOWj9bYAkpKo1OPOUyl0al7gQoBi0MOXsnbHLoAXuKXHKKSR0EKAQsA4ID9jy4AABCwAAAELAAAAQsAAAELAEDAAgAQsAAAELAAAAQsAAABCwAAAQsAQMACABCwAAAELAAABCwAAAELAEDAAgBAwAIAELAAAAQsAAAELAAAAQsAQMACAEDAAgAQsAAABCwAAAELAAABCwBAwAIAELAAABCwAAAELAAAAQsAAAELAEDAAgAQsAAAELAAAAQsAAABCwBAwAIAQMACABCwAAAELAAABCwAAAELAEDAAgBAwAIAELAAAAQsAAD+T4ABAOih9wtfJ+UaAAAAAElFTkSuQmCC', 1);
INSERT INTO micadoapp.mixed_icons VALUES (2, 'data:image/svg+xml;base64,PHN2ZyB3aWR0aD0iMjQiIGhlaWdodD0iMjQiIHZpZXdCb3g9IjAgMCAyNCAyNCIgZmlsbD0ibm9uZSIgeG1sbnM9Imh0dHA6Ly93d3cudzMub3JnLzIwMDAvc3ZnIj4KPHBhdGggZD0iTTIxLjkgMTcuMjk5OUMyMiAxNi44OTk5IDIyLjEgMTYuNDk5OSAyMi4xIDE2LjA5OTlWNy43OTk5M0MyMi4xIDYuMDk5OTMgMjAuOCA0Ljc5OTkzIDE5LjIgNC43OTk5M0g0LjgwMDAyQzQuNDAwMDIgNC43OTk5MyA0LjAwMDAyIDQuODk5OTMgMy42MDAwMiA1LjA5OTkzQzMuMzAwMDIgNS4xOTk5MyAzLjAwMDAyIDUuMzk5OTMgMi43MDAwMiA1LjY5OTkzQzIuMjAwMDIgNi4yOTk5MyAxLjkwMDAyIDYuOTk5OTMgMS45MDAwMiA3Ljc5OTkzVjE2LjA5OTlDMS45MDAwMiAxNi40OTk5IDIuMDAwMDIgMTYuODk5OSAyLjEwMDAyIDE3LjI5OTlDMi4yMDAwMiAxNy42OTk5IDIuNDAwMDIgMTcuOTk5OSAyLjcwMDAyIDE4LjI5OTlDMy4wMDAwMiAxOC41OTk5IDMuMzAwMDIgMTguNzk5OSAzLjYwMDAyIDE4Ljg5OTlDNC4wMDAwMiAxOS4wOTk5IDQuMzAwMDIgMTkuMDk5OSA0LjcwMDAyIDE5LjA5OTlIMTkuMkMxOS42IDE5LjA5OTkgMjAgMTguOTk5OSAyMC4zIDE4Ljg5OTlDMjAuNiAxOC42OTk5IDIwLjkgMTguNDk5OSAyMS4yIDE4LjI5OTlDMjEuNSAxNy45OTk5IDIxLjcgMTcuNjk5OSAyMS45IDE3LjI5OTlaTTE5LjIgMTguNTk5OUg0LjgwMDAyQzMuNTAwMDIgMTguNTk5OSAyLjUwMDAyIDE3LjQ5OTkgMi41MDAwMiAxNi4xOTk5VjcuNzk5OTNDMi41MDAwMiA2LjM5OTkzIDMuNTAwMDIgNS4zOTk5MyA0LjgwMDAyIDUuMzk5OTNIMTkuM0MyMC42IDUuMzk5OTMgMjEuNiA2LjQ5OTkzIDIxLjYgNy43OTk5M1YxNi4wOTk5QzIxLjYgMTcuNDk5OSAyMC41IDE4LjU5OTkgMTkuMiAxOC41OTk5WiIgZmlsbD0iIzM3NDA0RiIvPgo8cGF0aCBmaWxsLXJ1bGU9ImV2ZW5vZGQiIGNsaXAtcnVsZT0iZXZlbm9kZCIgZD0iTTE2LjMgMTUuOEMxNS44IDE1LjggMTUuNCAxNS42IDE1IDE1LjNDMTQuOCAxNS4xIDE0LjYgMTQuOCAxNC41IDE0LjVWMTQuNEwxNC40IDE0LjNIOC45MDAwMlYxNC40QzguODAwMDIgMTQuOCA4LjYwMDAyIDE1LjEgOC40MDAwMiAxNS4zQzguMTAwMDIgMTUuNiA3LjYwMDAyIDE1LjggNy4xMDAwMiAxNS44QzYuNjAwMDIgMTUuOCA2LjIwMDAyIDE1LjYgNS44MDAwMiAxNS4zQzUuNjAwMDIgMTUuMSA1LjQwMDAyIDE0LjggNS4zMDAwMiAxNC41VjE0LjRMNS4yMDAwMiAxNC4zSDQuNDAwMDJDNC40MDAwMiAxNC4yIDQuNDAwMDIgMTMuMSA0LjYwMDAyIDEyLjFDNC43MDAwMiAxMS40IDQuOTAwMDIgMTEuMiA0LjkwMDAyIDExLjJINi4wMDAwMkw2LjMwMDAyIDEwLjJDNi40MDAwMiA5LjY5OTk3IDYuODAwMDIgOC41OTk5NyA2LjkwMDAyIDguMTk5OTdDNi45MDAwMiA4LjA5OTk4IDcuMDAwMDIgOC4wOTk5OCA3LjEwMDAyIDguMDk5OThIMTEuOUMxMi4xIDguMDk5OTggMTIuMyA4LjE5OTk4IDEyLjQgOC4yOTk5OEMxMyA4LjY5OTk4IDEzLjQgOS4xOTk5OCAxMy44IDkuNzk5OThDMTQuMSAxMC4yIDE0LjQgMTAuNyAxNC42IDExLjJWMTEuM0wxNC43IDExLjRIMTcuOEMxOC43IDExLjQgMTkuNCAxMi4xIDE5LjQgMTNWMTQuNEgxOFYxNC41QzE3LjkgMTQuOSAxNy43IDE1LjIgMTcuNSAxNS40QzE3LjIgMTUuNyAxNi43IDE1LjggMTYuMyAxNS44Wk0xNi4zIDEyLjlDMTYgMTIuOSAxNS43IDEzIDE1LjUgMTMuMkMxNS4zIDEzLjQgMTUuMiAxMy43IDE1LjIgMTRDMTUuMiAxNC4zIDE1LjMgMTQuNiAxNS41IDE0LjhDMTUuNyAxNSAxNiAxNS4xIDE2LjMgMTUuMUMxNi42IDE1LjEgMTYuOSAxNSAxNy4xIDE0LjhDMTcuMyAxNC42IDE3LjQgMTQuMyAxNy40IDE0QzE3LjQgMTMuNyAxNy4zIDEzLjQgMTcuMSAxMy4yQzE2LjggMTMgMTYuNiAxMi45IDE2LjMgMTIuOVpNNy4xMDAwMiAxMi45QzYuODAwMDIgMTIuOSA2LjUwMDAyIDEzIDYuMzAwMDIgMTMuMkM2LjEwMDAyIDEzLjQgNi4wMDAwMiAxMy43IDYuMDAwMDIgMTRDNi4wMDAwMiAxNC4zIDYuMTAwMDIgMTQuNiA2LjMwMDAyIDE0LjhDNi41MDAwMiAxNSA2LjgwMDAyIDE1LjEgNy4xMDAwMiAxNS4xQzcuNDAwMDIgMTUuMSA3LjcwMDAyIDE1IDcuOTAwMDIgMTQuOEM4LjEwMDAyIDE0LjYgOC4yMDAwMiAxNC4zIDguMjAwMDIgMTRDOC4yMDAwMiAxMy43IDguMTAwMDIgMTMuNCA3LjkwMDAyIDEzLjJDNy42MDAwMiAxMyA3LjQwMDAyIDEyLjkgNy4xMDAwMiAxMi45Wk03LjUwMDAyIDguOTk5OThDNy40MDAwMiA4Ljk5OTk4IDcuMDAwMDIgMTAuNiA2LjkwMDAyIDExLjFDNi45MDAwMiAxMS4yIDYuOTAwMDIgMTEuMiA3LjAwMDAyIDExLjJIMTMuOEwxMy42IDExQzEzLjUgMTAuOCAxMy4zIDEwLjUgMTMuMSAxMC4zQzEyLjggOS44OTk5OCAxMi40IDkuNDk5OTggMTEuOSA5LjA5OTk4QzExLjkgOC45OTk5OCAxMS44IDguOTk5OTggMTEuNyA4Ljk5OTk4SDcuNTAwMDJaIiBmaWxsPSIjMzc0MDRGIi8+Cjwvc3ZnPgo=', 1);
INSERT INTO micadoapp.mixed_icons VALUES (3, 'data:image/svg+xml;base64,PHN2ZyB3aWR0aD0iMjQiIGhlaWdodD0iMjQiIHZpZXdCb3g9IjAgMCAyNCAyNCIgZmlsbD0ibm9uZSIgeG1sbnM9Imh0dHA6Ly93d3cudzMub3JnLzIwMDAvc3ZnIj4KPHBhdGggZD0iTTQuMSAxNi43SDEuNVY2LjY5OTk1SDQuMUg2LjVWMS42OTk5NUgxMy41VjguNjk5OTVIMTQuNVYyLjE5OTk1QzE0LjUgMS4zOTk5NSAxMy44IDAuNjk5OTUxIDEzIDAuNjk5OTUxSDYuMkwwLjUgNi4zOTk5NVYxNi4yQzAuNSAxNyAxLjIgMTcuNyAyIDE3LjdINC4xVjE2LjdaIiBmaWxsPSIjMzc0MDRGIi8+CjxwYXRoIGQ9Ik0xMy41IDE0LjZDMTQuMDUyMyAxNC42IDE0LjUgMTQuMTUyMyAxNC41IDEzLjZDMTQuNSAxMy4wNDc3IDE0LjA1MjMgMTIuNiAxMy41IDEyLjZDMTIuOTQ3NyAxMi42IDEyLjUgMTMuMDQ3NyAxMi41IDEzLjZDMTIuNSAxNC4xNTIzIDEyLjk0NzcgMTQuNiAxMy41IDE0LjZaIiBmaWxsPSIjMzc0MDRGIi8+CjxwYXRoIGQ9Ik04LjMgMTEuN0M5LjAxNzk3IDExLjcgOS42IDExLjExNzkgOS42IDEwLjRDOS42IDkuNjgyIDkuMDE3OTcgOS4wOTk5OCA4LjMgOS4wOTk5OEM3LjU4MjAzIDkuMDk5OTggNyA5LjY4MiA3IDEwLjRDNyAxMS4xMTc5IDcuNTgyMDMgMTEuNyA4LjMgMTEuN1oiIGZpbGw9IiMzNzQwNEYiLz4KPHBhdGggZD0iTTE4LjYgMTEuN0MxOS4zMTggMTEuNyAxOS45IDExLjExNzkgMTkuOSAxMC40QzE5LjkgOS42ODIgMTkuMzE4IDkuMDk5OTggMTguNiA5LjA5OTk4QzE3Ljg4MiA5LjA5OTk4IDE3LjMgOS42ODIgMTcuMyAxMC40QzE3LjMgMTEuMTE3OSAxNy44ODIgMTEuNyAxOC42IDExLjdaIiBmaWxsPSIjMzc0MDRGIi8+CjxwYXRoIGQ9Ik0xNC4yIDE1LjVIMTIuN0MxMi4yIDE1LjUgMTEuNyAxNiAxMS43IDE2LjVWMTkuM0gxMi40SDEyLjVWMjEuOUgxNC4yVjE5LjNIMTQuM0gxNVYxNi41QzE1LjIgMTYgMTQuNyAxNS41IDE0LjIgMTUuNVoiIGZpbGw9IiMzNzQwNEYiLz4KPHBhdGggZD0iTTkuNCAxMi43SDcuM0M2LjYgMTIuNyA2IDEzLjMgNiAxNFYxOC4zSDdINy4yVjIxLjlIOS42VjE4LjNIOS44SDEwLjlWMTRDMTAuOCAxMy4zIDEwLjIgMTIuNyA5LjQgMTIuN1oiIGZpbGw9IiMzNzQwNEYiLz4KPHBhdGggZD0iTTE5LjcgMTIuN0gxNy41QzE2LjggMTIuNyAxNi4yIDEzLjMgMTYuMiAxNFYxOC4zSDE3LjNIMTcuNVYyMS45SDE5LjlWMTguM0gyMC4xSDIxVjE0QzIxIDEzLjMgMjAuNCAxMi43IDE5LjcgMTIuN1oiIGZpbGw9IiMzNzQwNEYiLz4KPC9zdmc+Cg==', 1);
INSERT INTO micadoapp.mixed_icons VALUES (4, 'data:image/svg+xml;base64,PHN2ZyB3aWR0aD0iMjQiIGhlaWdodD0iMjQiIHZpZXdCb3g9IjAgMCAyNCAyNCIgZmlsbD0ibm9uZSIgeG1sbnM9Imh0dHA6Ly93d3cudzMub3JnLzIwMDAvc3ZnIj4KPHBhdGggZD0iTTYuOTk5OTkgMTdIMi43OTk5OVY3SDUuMzk5OTlINy43OTk5OVYySDE0LjhWOEgxNS44VjIuNUMxNS44IDEuNyAxNS4xIDEgMTQuMyAxSDcuNDk5OTlMMS43OTk5OSA2LjdWMTYuNUMxLjc5OTk5IDE3LjMgMi40OTk5OSAxOCAzLjI5OTk5IDE4SDYuOTk5OTlWMTdaIiBmaWxsPSIjMzc0MDRGIi8+CjxwYXRoIGQ9Ik0xNS41IDIyLjRDMTUuNCAyMi40IDE1LjMgMjIuNCAxNS4yIDIyLjNDMTIuNSAyMC40IDEwLjYgMTguNSA5LjUgMTYuN0gxMS43QzExLjkgMTYuNyAxMi4yIDE2LjYgMTIuMiAxNi4zTDEyLjggMTQuNkwxMy44IDE4LjhDMTMuOSAxOSAxNC4xIDE5LjIgMTQuMyAxOS4yQzE0LjMgMTkuMiAxNC4zIDE5LjIgMTQuNCAxOS4yQzE0LjYgMTkuMiAxNC44IDE5LjEgMTQuOSAxOC45TDE2LjEgMTYuNkgxOC40QzE4LjYgMTYuNiAxOC43IDE2LjUgMTguOCAxNi40QzE4LjkgMTYuMyAxOSAxNi4xIDE5IDE2QzE5IDE1LjcgMTguNyAxNS40IDE4LjQgMTUuNEgxNS44QzE1LjYgMTUuNCAxNS40IDE1LjUgMTUuMyAxNS43TDE0LjYgMTdMMTMuNSAxMi41QzEzLjQgMTIuMyAxMy4zIDEyLjEgMTMgMTIuMUgxMi45QzEyLjcgMTIuMSAxMi40IDEyLjIgMTIuNCAxMi41TDExLjIgMTUuNUg4LjhDOC4yIDEzLjkgOC4yIDEyLjQgOSAxMS4yQzkuNyAxMC4yIDEwLjkgOS41IDEyLjIgOS41QzEzLjMgOS41IDE0LjQgOS45IDE1LjMgMTAuOEwxNS40IDEwLjlMMTUuNSAxMC44QzE2LjQgMTAgMTcuNSA5LjUgMTguNiA5LjVDMjAuMyA5LjUgMjEuOCAxMC42IDIyLjMgMTIuMUMyMy4yIDE1IDIwLjcgMTguOCAxNS43IDIyLjJDMTUuNyAyMi4zIDE1LjYgMjIuNCAxNS41IDIyLjRaIiBmaWxsPSIjMzc0MDRGIi8+Cjwvc3ZnPgo=', 1);
INSERT INTO micadoapp.mixed_icons VALUES (5, 'data:image/svg+xml;base64,PHN2ZyB3aWR0aD0iMjQiIGhlaWdodD0iMjQiIHZpZXdCb3g9IjAgMCAyNCAyNCIgZmlsbD0ibm9uZSIgeG1sbnM9Imh0dHA6Ly93d3cudzMub3JnLzIwMDAvc3ZnIj4KPHBhdGggZD0iTTIxLjkgMTcuMjk5OUMyMiAxNi44OTk5IDIyLjEgMTYuNDk5OSAyMi4xIDE2LjA5OTlWNy43OTk5M0MyMi4xIDYuMDk5OTMgMjAuOCA0Ljc5OTkzIDE5LjIgNC43OTk5M0g0LjgwMDAyQzQuNDAwMDIgNC43OTk5MyA0LjAwMDAyIDQuODk5OTMgMy42MDAwMiA1LjA5OTkzQzMuMzAwMDIgNS4xOTk5MyAzLjAwMDAyIDUuMzk5OTMgMi43MDAwMiA1LjY5OTkzQzIuMjAwMDIgNi4yOTk5MyAxLjkwMDAyIDYuOTk5OTMgMS45MDAwMiA3Ljc5OTkzVjE2LjA5OTlDMS45MDAwMiAxNi40OTk5IDIuMDAwMDIgMTYuODk5OSAyLjEwMDAyIDE3LjI5OTlDMi4yMDAwMiAxNy42OTk5IDIuNDAwMDIgMTcuOTk5OSAyLjcwMDAyIDE4LjI5OTlDMy4wMDAwMiAxOC41OTk5IDMuMzAwMDIgMTguNzk5OSAzLjYwMDAyIDE4Ljg5OTlDNC4wMDAwMiAxOS4wOTk5IDQuMzAwMDIgMTkuMDk5OSA0LjcwMDAyIDE5LjA5OTlIMTkuMkMxOS42IDE5LjA5OTkgMjAgMTguOTk5OSAyMC4zIDE4Ljg5OTlDMjAuNiAxOC42OTk5IDIwLjkgMTguNDk5OSAyMS4yIDE4LjI5OTlDMjEuNSAxNy45OTk5IDIxLjcgMTcuNjk5OSAyMS45IDE3LjI5OTlaTTE5LjIgMTguNTk5OUg0LjgwMDAyQzMuNTAwMDIgMTguNTk5OSAyLjUwMDAyIDE3LjQ5OTkgMi41MDAwMiAxNi4xOTk5VjcuNzk5OTNDMi41MDAwMiA2LjM5OTkzIDMuNTAwMDIgNS4zOTk5MyA0LjgwMDAyIDUuMzk5OTNIMTkuM0MyMC42IDUuMzk5OTMgMjEuNiA2LjQ5OTkzIDIxLjYgNy43OTk5M1YxNi4wOTk5QzIxLjYgMTcuNDk5OSAyMC41IDE4LjU5OTkgMTkuMiAxOC41OTk5WiIgZmlsbD0iIzM3NDA0RiIvPgo8cGF0aCBkPSJNMTQuMSA4LjcwMDAzSDE4LjJDMTguNCA4LjcwMDAzIDE4LjYgOC41MDAwMyAxOC42IDguMzAwMDNDMTguNiA4LjEwMDAyIDE4LjQgNy45MDAwMiAxOC4yIDcuOTAwMDJIMTQuMUMxMy45IDcuOTAwMDIgMTMuNyA4LjEwMDAyIDEzLjcgOC4zMDAwM0MxMy43IDguNTAwMDMgMTMuOSA4LjcwMDAzIDE0LjEgOC43MDAwM1oiIGZpbGw9IiMzNzQwNEYiLz4KPHBhdGggZD0iTTE4LjIgMTEuNkgxNC4xQzEzLjkgMTEuNiAxMy43IDExLjggMTMuNyAxMkMxMy43IDEyLjIgMTMuOSAxMi40IDE0LjEgMTIuNEgxOC4yQzE4LjQgMTIuNCAxOC42IDEyLjIgMTguNiAxMkMxOC42IDExLjggMTguNSAxMS42IDE4LjIgMTEuNloiIGZpbGw9IiMzNzQwNEYiLz4KPHBhdGggZD0iTTE4LjIgMTUuMjk5OUgxNC4xQzEzLjkgMTUuMjk5OSAxMy43IDE1LjQ5OTkgMTMuNyAxNS42OTk5QzEzLjcgMTUuODk5OSAxMy45IDE2LjA5OTkgMTQuMSAxNi4wOTk5SDE4LjJDMTguNCAxNi4wOTk5IDE4LjYgMTUuODk5OSAxOC42IDE1LjY5OTlDMTguNiAxNS40OTk5IDE4LjUgMTUuMjk5OSAxOC4yIDE1LjI5OTlaIiBmaWxsPSIjMzc0MDRGIi8+CjxwYXRoIGQ9Ik05IDEyLjRDOCAxMy4xIDYuNyAxMy4xIDUuNyAxMi40QzQuNyAxMi44IDQgMTMuOSA0IDE1VjE1LjRDNCAxNS42IDQuMSAxNS43IDQuMiAxNS43QzYuMyAxNi40IDguNCAxNi40IDEwLjUgMTUuN0MxMC42IDE1LjcgMTAuNyAxNS41IDEwLjcgMTUuNFYxNUMxMC44IDEzLjkgMTAuMSAxMi44IDkgMTIuNFoiIGZpbGw9IiMzNzQwNEYiLz4KPHBhdGggZD0iTTcuNDAwMDIgMTEuNzAwMUM4LjUwNDU5IDExLjcwMDEgOS40MDAwMiAxMC44MDQ2IDkuNDAwMDIgOS43MDAwN0M5LjQwMDAyIDguNTk1NSA4LjUwNDU5IDcuNzAwMDcgNy40MDAwMiA3LjcwMDA3QzYuMjk1NDUgNy43MDAwNyA1LjQwMDAyIDguNTk1NSA1LjQwMDAyIDkuNzAwMDdDNS40MDAwMiAxMC44MDQ2IDYuMjk1NDUgMTEuNzAwMSA3LjQwMDAyIDExLjcwMDFaIiBmaWxsPSIjMzc0MDRGIi8+Cjwvc3ZnPgo=', 1);
INSERT INTO micadoapp.mixed_icons VALUES (6, 'data:image/png;base64,iVBORw0KGgoAAAANSUhEUgAAAlgAAAJYCAYAAAC+ZpjcAAAAGXRFWHRTb2Z0d2FyZQBBZG9iZSBJbWFnZVJlYWR5ccllPAAAKDRJREFUeNrs3UFy3EqCHmB0j7xwhCfIG7A65gBkzKa1U/EELJ9A9XwBURcYlU7wqAtYpRO80s47Fnfyxk0ewNHFjddizER4Mw4ZKWa9Yb/Wk0hkAkgA3xeBKPXMKxBIJIC/MhOJP3z58qUCACCfPyoCAAABCwBAwAIAELAAABCwAAAELAAAAQsAAAELAEDAAgAQsAAAELAAAAQsAAABCwBAwAIAQMACABCwAAAELAAABCwAAAELAEDAAgBAwAIAELAAAAQsAAAELAAAAQsAQMACABCwAAAQsAAABCwAAAELAAABCwBAwAIAELAAABCwAAAELAAAAQsAAAELAEDAAgAQsAAABCwAAAQsAAABCwBAwAIAQMACABCwAAAELAAABCwAAAELAEDAAgBAwAIAELAAAAQsAAABCwAAAQsAoBjPFAFNPT9dzOqPmZIARmr36XKzUww08YcvX74oBR4Tpk7qj3lcQqg6VirARNyEsFUv27DUoetakSBgkRqqzmOoOlIiAF/dxrB1IWwhYPGUYLWsP1ZCFcCjwtaqDlprRYGAhWAFIGghYNFysJrXHxeVcVUAqcJ4rfM6aG0VxbSZpkG4CsHqUrgCyCJcSy/jtZUJ04I13WA1qz82ghVAa0Jr1sJUD9OkBWua4So8HXgtXAG0Klxjr+M1FwGLkYerZXX/ePGB0gBoXbjWbuO1FwGLEYer98IVQOch672QJWAxznB1EsMVAP240F0oYDG+cLVVEgC92ncXzhSFgMXww9Vh/bGudAsClBKyNvHajIDFgK0qTwsClOQ4XpsZMfNgjVicof1SSQAU6dSM7+OlBWvc1ooAwDUaAYtMnp8uVpWXNgOU7CheqxkhXYTjDFdh8OSuan9g+111PyP8VqkDIzOvl5OOrqOzT5ebz4p8XJ4pglE6b/GiEC4G67DUF4RrRQ2M/AdrCFnLuLRxXT2I1+yV0h4XLVjjvCDsqna6B9+Fi4BfWsAEr6uHMQS9amH1t/V1daaUBSzKvggs6o9fMq82tFotPO0CuMZ+fTp7U+Vvzfqv9TV2o4THwyD38VlmXt9NdT8+QLgCJi9eC2fx2ljytRsBi8zOMq4rtFzNdQkC/E3ICtfEeb3cFnrtRsAip9g9mJNwBfD7ISvrNbeFazgCFrkCUcZ1vfWUIMB3Q1a4Rr4t9BqOgEVGJ5nWE5q9LxQnwA9dVPm6Ck8Up4BFmV7kumDoGgT4sXitXBd2DUfAIpfnp4tZxtV5VBjg8XIFrNzXcgQsMsh1Ut7Uv8h2ihPgceI1M9e0DQKWgMVIbRUBgGsnAhb3cg2O3ClKgN6unQa6C1gU5jDTekzNANDftfNQUQpYAAAIWAAAAhYAgIAFACBgAQAgYAEACFgAAAIWAAACFgCAgAUAIGABACBgAQAIWAAAAhYAAAIWAICABQAgYAEACFgAAAhYAAACFgCAgAUAgIAFACBgAQAIWAAACFgAAAIWAICABQCAgAUAIGABAAhYAAACFgAAAhYAgIAFACBgAQAgYAEACFgAAAIWAAACFgCAgAUAIGABABA8UwRAH56fLubxn7O4BIfh/1Uv/yUu/7le/jFeq/4Q/5sv9fLv9fKv9fJ/6+Xf4vKpXj7H/2YXl+rT5WartAEBCxhTiDqJ4ekkLiFAvciw6v8Uw9dDf/6dbdj/8yoGsOu47Orwde0oAQIWUHqYmj8IU8eFbeI+2J39JnzdPAhdW6ELELCAPgPVPAaqeZWnVaovx3F5+SB0hdaubQxcW0cbELCAtgLVLIapRfw8GPHuvojLm3q/72LY2sTAtVMbAAELSA1VIVAtq/K6/LoSguRZXEKZhC7FdQhcwhYgYAFCVR6hTH4Oi7AFCFjA90LV4YNQ9UKJNApbVw/C1mdFAwIWMN1gNas/VjFcHSiRJPtxWxd1uYbxWiutWiBgAdMKViFQnVdaq9oQgmp4IvFlbNW6qIPWRrGAgAWMN1gtq/sWqyOl0YmvrVp1ud9W9y1aa0UCAhYwjlAVxledx0U3YD9CoH1fH4uL+vPrYpwWCFiAYEUe4Ti8CcdkH7YELRinPyoCGGW4Wlb3r355I1wVHbSu47ECRkYLFowrWM2r+6kCjLEahn3X4ar+XHotDwhYQFnBahaDlacChxu0LuNTh0vTO8Dw6SKEYQerw9j68dcRhKvwpN1PCd//Ka5jyMIx/Gs4pnEMHSBgAR2HqzCX1X6c1dC9q5eTlGkM4ndP4rqGbj8+a6GmwzDpIoThBavQshHCxFmPm/H/6uUfMqznrrrvEssyEWd8Ii88obeNZXRQ0L4+Veg2/KXel4+xjDxtCAOiBQuGFa5Ci8aup3AVXmz8ul7+Z6bAEdY3b2OW87jOefwbqf4h7vPrTOt7qnCsd1qzQMAC8gerMNZqXf/zl6rbaRfCmKa39fKnOrScxP/bnzOGq+u2NjyuO1fI+nNcZyiDP8Uy6XK8VzjmoTVrbWwWCFhAnnAVbuohLLzs8M+GbqnTOlDM6uXrS4vjk4o/ZwxXrXd5xb+RK2T9HMoglEUsk1Aep7GsuhLqwHWsE4CABTQMV6v64y9VN/NahfFQ+9aqxTfmZFoPKVy1FLLWv1n3NpRV9R+tWncd7FKoC3+JdQMQsIAnBKvQJRjGEXXxhGDo6grji35trfrG9oTX7aROA3HXdbj6RshKDUAvYln8dv1fW7VCGcay7KL78E2oI7oMQcACHheu9l2CbQ9k/zrvVOwG/N134sUb+Gqo4aqFkPW7c1SFvxHLMgStLublCnVElyEIWMAPwtWy/thW7XYJPgxW60f89+GlxKkD68/bHND+hJAVtuE8cTUHsUx+9LfWHQWtUFe23mkIAhbw7XC1qj/eV+09JbgfY/XoCT1jy0jq4PoPKROIthCywrZ8SFzNy8e2Gj2YALXNMVqhzrw3LgvKYaJR6D9Yhe6mi6rdpwRDoDhv0EV3kfh3w8Dy8wKL/TyGnuOEdYSymT8yZIVyD12LFy0f6zfxac9zE5NCv7RgQf/hatviDTcEnDDdwpNnAq+3LYSH1IHtRc5AHrdpmbiaF7GMnvR3w7Go7qd3aGvS0lCXtga/g4AFUw9Xxy2sPnRFvQ4TY35juoXHSm29elvCuKvvhJ2wbW8TV3PR8G9v46Slr6t2ug2PhSwQsGCK4SrcXHcthaur6n6c1UXC9i0Tt+02TltQtLiNKQPQj1MGl8djdBKPWRsha+cJQxCwYErhalvlH8y+b7Waf2suqydKDUfLAR2SZZ9lFefQmlfttGaFOrYVskDAAuGqmTCeJ6nV6sE2hsCRMk3Ex4Ruyc7FbU153c1RjikSHrRm5R6bJWSBgAXCVQNv41irXab1nff8/T4Usc+xNWs/pYOQBQIW0EO4Ct1JpznHOsWn4lLGXr3NGPQ6E7c5JdQcP/WJwh9sTzimp1XeLkMhCwQsEK5+YN8luM28uSlhLYSBiwEfqovEQLPKuTHx2ObuMhSyQMCCUYSrWQvhKkwaOs/dUhS3NWXeq4shT24Ztz0lIL6IZZhzm8IxnlfpM89/K2TNnKEgYMEQw1WYg2iTOVy9bjJp6COtEr479NarX0NiVVAr1j74xclJX2cOWRvzZIGABUMMV9sq3zxX4ab/U46nBL+zvYuUYDKGV7NkaMVatBVa4rH/qco3LstkpCBgweBcZA5X85ZfmLysmre0jaX16uGxaxpiDqoW5wCLdWCeOWRdOF1BwILixRf65nq34D5ctf3KmZRpBi7G9GLhDK1Y5y1v33XmkPUy1llAwIJiw9Wy/niVaXX7JwWvW97m8ERZysSi6xEeypR9Omr7Kb1YJ3I+Yfgqx2SpgIAFbQWV9xnD1byjOaVSWlw+DHHeq0cEmLBPH3oq06ds4zxjyHpv+gYQsKC0cLUf1J4zXHXV7ZYyuH094sO67qlMnxKyPmcOWQa9g4AFRck1HUOn4Sp2CzXd7pshvXOwQXjZJgSXg6663DKHrINYlwEBC/pV30hXVdoEnXth0PKi4wHjSVMzTODwXvRUtk1C1qLKM/D9RazTgIAFvYWr0HLwJlO4mnc5nil2BZ0lbO8UWjo2CaHlrMvutgdjsnKErDc5360IAhbw1ICSI2R0NRXDb6W0sGzGNDXDd0LL58RjvOh4e3NO4WCmdxCwoBfrKs+4q/MewlXqzX89oeM8mID1IGTleIrxYGLHGQQs6FscwHyWYVWvW56h/fe2P6V78HbMg9u/EVhCwLpt+PWzPlqBYp3K8e7CM/NjgYAFXYWTWZVngPeHtt4t+AhJ3YMTPOyDasWKISvUrQ8ZVnUR6zwgYEGrQutAatdgmOKgz5YB3YPd7fOir42OdSx1+gZdhSBgQbvqX/LhZpk6JcPXQe0970rTv3/b03ixXsV9vu24rHMe69RB7y9i3QcELMgerg4z/ZJf9PkEXrxRNm2Bm/IklE33/aDPcPJgjqxUa08VgoAFbVhV6V2DbwsYID5PuclO+PiveyrzHCEr1Lm3ias5iOcAIGBBHnHSxVeJq7mqb3Ql3KCatmZMsnvwQUhJ6SZcFLD9oe5dJa7mlQlIQcCCnFKDURgDsywgKM7qj6OGX9+qBo3L4KiQJ/GWVfp4rJVqAAIW5Agl4aaUOrB92eVrcL5jnvBdLwFOK4N53xsf62Bq0H9hbiwQsCA1XB1m+MX+MU5WWYKUm/xWjUgqg3kJOxDr4sfE1awMeAcBC1KEV44cJXy/iK7BB5qOBbqawrsHHxFOQhk0Hcc0L2hXllVaV+FRled1PCBgwdTEX+ipN5HzUoJJHANkeoZ0TcuilHFY+6C4Sq3bWrFAwIJGN5AqbVqGqz7eM/gd84TvblWHLGUxL2Un4qt0Up4qPKi0YoGABU+Rq/WqsN1qenO/m/L0DN8IJqEs7jo+Bm3+iEj6vlYsELDgqTeelNardwWGkqY3963qkK1MigpYsY6+S1iFViwQsOBxMrRehdaNVYH7ZP6r/gPWUYEtPqsqbcC7ViwQsOBxN4wqrfVqVeATd/MewoSAlf9YZJdhwLtWLBCw4NEBq6nbOHi4NCcJN2Djr/KWyUmB+xPq7G1P5wwIWDB2cYbqpNarQndt3vB7V2pF9rKZF7o/KXX3wOzuIGBBWzeZ28KmZXioaavJVpXIXjYnJe5MrLu3PZ07IGDBWNW/wOdV2qztq0L3a1Y1b5XTPZi/bA5KmXA0cx0+iucQIGDB30gde7UudL9SWky2qkUrZTPWVqylagECFvwqtiic9fTLv9SAdev9g98NI58TwshJwbuWUpdfFtw6BwIW9GCR8N2SW6+CecPv6R78sd3YAlaGVqyFagECFuyldA+uC9+3mYDVmu3YAlaGOm3KBhCw4Gv3YLjZNR3cHmbAvih8F5vum4DVXhkdFb5fF1Xz2d2P4jkFAhZMXMov7k3J45QSn+oSsFoso5KfuIt1epOwiqWqgYAFpIwZKb31apZwk92pGq2W0azw3Uup2wIWApYiYMqeny5CuGo6R9TNAF4j0/Qmbgb39suq6IAV6/ZNw68fxHMLBCyYqJSbwHoA+9d0LMxO1Wi9rIYwTmnd07kFAhYM3HzkAWsmYBUbsA5HHrDmqgYCFkxQ4tODHwcyCedxw+8Z4N5+Wb0ofcdiHf/Y8OueJkTAgolK6cLYlL5z9c0tpYXEDO4dlFXiMerKpqdzDAQsELCK1Lj14NPlZqt6dFJWQ2jhEbBAwILHiS0HTbvPhtI92LR15E4N6azMim/BSuwmPB5IKx0IWJDJvKdf9F1q2jpi/FV3ZTaUMUqbns41ELBgYFK6LrYD2cemLQfGX3VXZkNp3dn2dK6BgAUD0/RX9c2AZjjXgtWdUbdgxTp/M+Z9BAELEsUxIU2nZ9hOoIi0YCmznHXfOCwELJiIecJ3NwPaz6bzLGnB6q7MXgxoH43DAgELvsv0BdBt3ddNiIAFE9D01/RgXoD8/HQxEyKHET5SjlUPrjo+50DAggFp+mt6SMFj5jA7Vi3YdnzOgYAFQxBbCw4afn0KY5NMMqrs2jgHDgbWUgcCFjxRykX+egL7aYB79/VjNoF9HNp+goAFTzRv+L27Ac1/5WY2ndDfqXgO3HV87oGABSO+mU2lZcccWMqurXNB6EfAAgHr72wHtp9NJ3bURdh98BjaJJzbjs89ELBgAJpO7Lgb2H56asuxastOnQQBC/q+qYBz4d6BokPAghF6frqYJ3x9Kl1nugiVXWv7mXgOgoAFY/PpcjOVAcwGuSs75wIIWPAkTceAXE1oX3Gs2jwn1EsELBihwwntq/EujpVzEAQsKPriblwSOCdAwILf0bR7YkpjTnaqibJr8ZyYqyYIWMDkDOx1QMoOKNYzRQA/9Ob56eLNFHa03s8vtt22A+m0YDElBtgCIGBBZseKAHr1QhEgYAEAIGABAAhYAAACFgAAAhYAgIAFACBgAQAgYAEACFgAAAIWFOhWEYBzEAQsyGunCMA5CF14pgjghz7Uy3pg23zZ8Huntn2y2/4Uy3p56dIAAhYk/er+dLnZDmmDn58umn71ut7Xz0Pc9r6PUb3dh02/O8D6NXdZgO/TRcikgpIi+KETRaDsnIMgYEEXF3e/1iHPOSFgIWABACBgwY9cN/zeELt+rhxux6pFTc+JrcONgAXj03Tw9oGiA+cECFjwbU1bsMJTU1MZwDxXTZTdD86FeR/nIAhYUKjE6QdmShC+OuzpHAQBCwp20/B7Q2vB2jnUjlVLTjo+90DAghHfzKYSsA5VkcZmApbQDwIWUzWlJwnt5zAC1lTqiPFXCFgwYk1/RR8pOloymHFJ8XVATc8FAQsBC0Ys5UnC+YD2c9vwe7oImzvsuk72IKWFc6eKIGDBSH263KTczOYTKKJjtUTZtXEOJJ57IGDBADSdOXtI45M8Du9YteGk43MOBCwYkKa/pOdD2cGU1oIJTaqaTUqZDaxlZ97xOQcCFkwgYB1MJHwYh6XMfi9EHnR8zoGABQOy7eEXfB+aTuw4U0U6K7MhTb457+mcAwELhuDT5WZXf9xNIGA1HdsjYHVXZkMaf9W07t/Fcw4ELJiApr+ozwa0j01varoIuyuzIQWPs47PNRCwYEIBK4xFWYw8YBnk3l2ZDSJgJdZ5AQsBCyZkk/DdoQQsXYTdmXV8jLq26OlcAwELhiSOCbkdecBq+uSW1wJ1V2ZDebquaZ2/Nf4KAQumZ9vwewcD6SZsfGOr92+menRSVrsB7F+o6wcdn2MgYMGAjbqbMLHlQMDqoKwG0rqjexAELHjSzW0K47CadoPO1ZDWy+p2IPu36OkcAwELBuxjw++NvZvQVA3tl9Wu9B1L7B78qGogYMF0pfzCXg5g/5oOojZVQ/tltR3Avi17OrdAwIIJB6yzAQwG3wlYxQasoqdoiHX7rKdzCwQsGLJPl5twk0vpylgWvospL7bWTfjjEBLKaKwvQE6p2x/juQUCFkzYWsD6Jq1Y7ZbRmAPWWtVAwIKJi086NX3589Hz08Wy4H37XE3jxdZ9aVpGdyW38MQ6fZSwb7oHEbAUAXw15sHuTVtKZqpFa2U05tYr4QoELPjVRcJ3X9S/+OcjDFi6CNsro2IDVqzLL3o6l0DAgjH5dLkJN7ybhFWsRhiwjtWM1sqo5BaslLp8E88lELAUAWT55R1asUpt8Wl8wyu8Za5XiWVzXfA+ab0CAQvyqX95r6vmA8JTf/m3uV+eJGzHvKdj0qaUOnwXzyFAwIKsv8DPCm7xueo6REzAScfHolVar0DAgjal/gJfFbpfBrqXE7DG2HqV49wBAQvG6tPlZld/fEhYRalPFDa9qR8N4HVAnYtlctTxsWhzf0KdTWm9+hDPHUDAgtZ+yZfYVZJyU5+rElnLpMQWrIuezxkQsGDsMrRiHZc2u3scVG1G9/4D1l1pA9xjXU2ZkkPrFQhY0Nkv8osCX5a8FbB6D1jbknYi1lGtVyBgQTcytGIdFHjjMQ4rTygJZdF0/NW2sN1ZxbralNYrELCg81/mrwob8J5yc5+rDlnKopjuwVg3X/V8joCABVOToRUruChofwSsPBY9HYPcUuum1isQsKC3X+hhwHtJv/KbTnK5UBWSw2YxE4zGOnnc87kBAhZMVfyF/jZxNW8Kek/hpuH3Dgp+12KXwSSUwUHHZd/GPrxJXM1brVcgYEGq0JVyl7iOdSH7sk347lJVSCqDbSH7kFoX7yqvxQEBC1LVv9Q/1x/niasJXYUXBeyL+bDSNC2DIua/inUwtWvwPJ4TgIAFycEk/OpPHUNTylOFTbuqjqc8XUPc9+OOyzzn9oe6l/rU4FU8FwABC7I5z7COTQETkG4Tvjvlwe6Lnso8R7g6zBTyzl0GQMCCrGIXT+qA94Oq/7E4KTfa5YSrwLKnMs8Vqg8S1/G2tNf8gIAF4xHGsNwmrqPX8Vhx/MxNwrbPpnbQE7sHb/ocs5Rp3NVtZWA7CFjQcjhZZljVq55fCL1O+O4UuwkXPZV1argKdexVhlUtDWwHAQvaDlnb+uNdhlW973FuKd2E3e1zL92DsW69z7Cqd4XNQA8CFozYqmrezfbQto+QFSeJ1E34uKAS9jWle3DXU7jKEYpuKjO2g4AFHQaUXF2FYeDxuqcnC9cJ353S02TnPZVx03B1GP/uQYbV6RoEAQs6D1nhiarXGVYVWke2PYSslK6rKY3DWvRUxk3D1bZKH9QevPbUIAhY0FfICk9W5XiJb7ghrjve9l3VvJvwqL6Zjz5kxX08avj1ProH15nC1VWs24CABb0JN+G7DOs5q2/o6463PeXvLSdwbJc9lW2TMBj+3lmGVd1V055QFgQsKEEcozLPtLqXHYeslC6sszEPdo/7dtZT2TYJVy8zrW5u3BUIWFBKyApjVX4aWsiKXVgfE1axHPFhTdm3j111D2YOVz8ZdwUCFpQWssKN7sPQQlaV1tJyXsC7FdsILWGfznsq077C1QcvcgYBC0oNWcsqz/xY+5DV+suh40216RiyMBXAGMfrLKrm0xzctR1UQp0IdSNjuLqJdRcQsKBY84whK4wB6mIKh5RAsBrhMVz1VJaPClfV/VQMZ5lWeVPlG0MICFjQjgeTkN5lWuV+nqxZi5ud8kj+Uc/vVcwdYMK+HPVUlj/atlmVb56rKtZRk4mCgAWDCVnXsVUgZ8i6buu1OnFAdsp8XqsRHb6Ufblqa3B7PPbXmcPV3KB2ELBgiCEr5ytlwpigbYutRZNvxSq19Spu17bK8/qbvXPhCgQsGGrIWlf5pm/Yh6z39Q33ooVtDYOmbxNWsRrBIUvZh9tYhrnDVTjW7zOHq588MQgCFghZf+9VfeNtY/B7SsAYdCtWhtarVebtCU8KbsOxzryrwhUIWCBkfceLetnVN+F55u1MGTe2GuK8WHGbUwJS1qkZ4jHdxWMsXIGABXQcskK30WV9Q15lXGfSWKwq77izrpxXhYy9isfyssrbJShcgYAFQlYDb+ob83WmqRxCWEhpxTof0jsK47amhMK7HAErbEc4huFYtrCbwhUIWCBkNbSfyuE8cfs+JwaGg6rFuaBacFGltRZdpM4jFY9ZzikYhCsQsGDSIesu86pDUPg5DoBPmTMrtRXrrP77xb9CJ25jyozoSa1X4RjFgew/V/m7BO+EKxCwYKoha95CyArC4Oi/hPE8TQadZ2jFCtYlD3iP25YaPhq1XsUnBFfhGFX5B7Lvw9VcuAIBC6YasvYzvt+29CfCeJ7rJq1J9batErfroGr5vXypAbBKazW6jWX01HAVjkVbY62qeMzM0A4CFghZ9Ufozrtp6U+Ep+N+adhtuEr822clzo0Vtyn1ZcmrJ/7NfXfgL1XaE4vfE+rQiXAFAhZwH7I+10sIPx9a/DP7bsP1Y5/yi11MV4l/96Ktdyg2DFdhW1K7P68e2/0Wnw4M/21b3YF7H0Id8uJmELCAvw80y/rjdct/5mW9/PUJQSt1XqvQDbcpYTxW3IZNlT6g/PwRf2sfrP4ay7xNr2PdAQQs4HdCVmhdOa3aGfz+5KAVu5veJf6toxhs+rap0rvn3n2vC67jYBXqyGmsM4CABfwgZG3rjxB6rjr4c/ugtfnOa3dWGQLfixg8ehH/dmoX3V31O2OvQtmFMuwoWFWxbsxiXQEK80wRQLEhK4ylmcfH+d908CfDoO8wKD0MlA4tIpv9eJ7wGQeG/5Ia5ur1VF13Z8VwlSP0LB+OcYpdjuGpwNBleNzhLr1t8gQj0B0tWFB+0Ao30tBleNvRnwxB4X11/yLp9X6Aer0doXXmY4b1v+yyJStjuPoYy2D/RGBY7y6WVVfhKtSBU+EKBCwgT8jaVvdTObzr8M8exGASnjzcxde5/EuVZ2xYJyErY7gKweZfQhmEsqjunwh8WeWfff17wrE/0SUIw6CLEIYTskLX1Hkc5xOCw1GHfz78rZ/jv/93pmDxMraOzXNPLRC77kIQydWy9O9Ve/OUPSbcLQUrGBYtWDC8oBVutF23Zj30TxnXFQLQ7juD65uEq7CuXZW32+6feiprrVYwUFqwYJgh62Fr1kXV7QDr3EJr2GW9L2GS1VVCsJrF778cwSEOrWXnghUIWEA/QSvcgE/i+KhV1e2YoNxCMFokfP964PsffJ0GwrxWMHy6CGEcQSvckGdVu6/a6cJBT98tQegOnAlXMA5asGA8ISt0Gy7jvFnrqt333pFPmDA0DGLfKQoQsIByg1a4Uc/jYO+VoFV0sFoZZwUCFjCsoLUVtAQrQMAC2g9aYTD8mVLpRZgF/0KwAgELGF/Q2o5sOoMh+Dr9hDFWIGAB4w5a4Ua/jFM7LKv7Vq0jJZNVmH09PA24zj1LPSBgAWUHrc8xBFzUYSvMPxUWrVppQmvVZv9SaEDAAqYdtkIg2MRWrRC0wuexknmUmxhUN1qrAAEL+FbQCgFhHZY4ViuEraWw9c1QtY6haqc4AAELeGzYCsFh34UYwtY8Bq7weTCx4givsNmGQBU+hSpAwAJyha11XKo45cN+Gev8WlcxVG1NrQAIWEAXgWsbw0f1m8B1Ug2zhWvfQnUtUAECFlBq4Dp8ELZmcSmlpSu0TO3i8jVUGZwOCFjAEALX5xhetg//7w+C1/6zevC/g3+ul39s+Gf/tV7+V/x3+PvX8d/X+/8tSAECFjDm4BU8aa6oOpz9t/rj/9Tr+B9KEhCwAPKEs/+uFICh+KMiAAAQsAAABCwAAAELAAABCwBAwAIAELAAABCwAAAELAAAAQsAAAELAEDAAgAQsAAABCwAAAQsAAABCwBAwAIAQMACABCwAAAELAAABCwAAAELAEDAAgBAwAIAELAAAAQsAAABCwAAAQsAQMACABCwAAAQsAAABCwAAAELAAABCwBAwAIAELAAABCwAAAELAAAAQsAQMACAEDAAgAQsAAABCwAAAQsAAABCwBAwAIAQMACABCwAAAELAAABCwAAAELAEDAAgAQsAAAELAAAIrxTBEwRc9PF4f1x6JeTuIC5HUdl82ny81nxYGABeMPV6v647xeDpQGtOZF/Lyoz7mLOmStFAkCFowzWIVWq229HCsN6Ez4IfOmPv9Ci/FcaxZTYQwWUyJcQX+O4zkIAhaMRewWFK6g55AVz0UQsGAE4Sp0Db5RElCEN/GcBAELBm6pCMA5CQIW5DVXBOCcBAEL8tIdAc5JELAAAAQsAAAELCZlqwjAOQkCFuS1UQTgnAQBCzL6dLkJL5y9UhJQhKt4ToKABSOwrJc7xQC9uqvMgYWABeNR/2LeVfdz7whZ0F+4msdzEQQsGFHIuo4h60ZpQKduYrjSNchkPFMETDBknTw/XSzrz0UMXAdKBrILLVbbetnU591acSBgwTSCVrjgu+gD0ApdhAAAAhYAgIAFACBgAQAgYAEACFgAAAIWAAACFgCAgAUAIGABACBgAQAIWAAAAhYAgIAFAICABQAgYAEACFgAAAhYAAACFgCAgAUAgIAFACBgAQAIWAAACFgAAAIWAICABQAgYAEAIGABAJTomSKA/J6fLmb1x6JeDuvlJH5CKT7Xy3W97Opl++lys1MkIGBB6cFqVS8vlQaFO3tQbz+EeitoQT66CCFfuFrEVgHhiqEJdfY61mFAwIJiwlXoBvylXg6UBgMV6u4vsS4DAhb0Hq7C+KqNkmAkNrFOAwIW9Oq8Xo4UAyNxFOs0IGBBr5aKAHUaELAgk/jUoNYrxuYo1m1AwIJeuAmhbgMCFgCAgAUAIGDBdHy63GyVAuo2IGBBfh8VAeo0IGBBXheKAHUaELAgo9iV8k5JMBLvdA+CgAWlhKww8/WVkmDgrmJdBgQsKCZkzSstWQzXu1iHAQELigtZ4df/n+rlQ73cKhEKdxvr6p+0XEFezxQBZA9Zu8q73AAmTQsWAICABQAgYAEACFgAAAhYAAACFgCAgAUAgIAFACBgAQAIWAAACFgAAAIWAICABQAgYAEAIGABAAhYAAACFgAAAhYAgIAFACBgAQAgYAEACFgAAAIWAAACFgCAgAUAIGABAAhYAAAIWAAAAhYAgIAFAICABQAgYAEACFgAAAhYAAACFgCAgAUAgIAFACBg8V2fM63nRFEC9Hbt/KwoBSzKcp1pPTNFCdDbtfNaUQpYjNNcEQC4diJgcW+XaT3Hz08XM8UJ8Djxmnlc2LUcAYscPl1ucp6USyUK0P01M/O1HAGLTK5yXSzqX2SHihPg++K1MlfAulKiAhZlyjU48qhezhUnwA+dx2tmSddwBCwy22Zc15v6l5kpGwB+R7xGvin0Gk7P/vDlyxelMK4TPucBva2Xk0+XG/OyAPzttTZ0De7q5SDXOutr7R+U7HhowRqfjxnXFZq9t8ZjAfxduNrmDFeZr90IWLRgnXl94dHjXX1BmStaQLj6ei3cVfmmZWjr2k3PdBGO8wIQTv6jFlb9rl5WugyBCV5XQ6vVql5etbD62/q6OlPK46IFa5za+iUULiyhNevCAHhgIsHqJFzzqvtWq1ct/Zm1kh4fLVjj/aUVLgYHLf+pu+r+seKtUgdGZl7dv8C5i+voTM+AgMVwQtaqyvv4MAD5va3D1UoxCFgMK2TtqnbGYgGQztirETMGa9yWigDANRoBi4zqX0bb6v7JPwDK8i5eoxGwGKhVvdwoBoBi3MRrMwIWQxWfTFlU90+qANCvcC1eeGpQwGIcIWtX3T9yLGQB9Buu5vGajIDFSEJWmK/qXEkA9OY8XosRsBhZyFrXHz9VWrIAuhSuuT/FazATYR6sCYqvudlW7c9QDCBc3XcLarmaGC1YExRP9BCyPF0I0J5wjT0RrqZJC9bExZeYvlISAFmFea6Me50wLVgTFy8Ap5XWLIAcwrX0VLhCCxa/en66WFb3k995fyHA09yG66eB7AhYCFoAghUCFj0ErTAQPjRzz4UtgL8JVdt6uTCAHQGLHGFrHpdZvRwrFWAiwriqXQxVW6EKAYu2Q9cshi2AMdp5rQ0CFgBAIUzTAAAgYAEACFgAAAIWAAACFgCAgAUAIGABACBgAQAIWAAAAhYAAAIWAICABQAgYAEACFgAAAhYAAACFgCAgAUAgIAFACBgAQAIWAAACFgAAAIWAICABQCAgAUAIGABAAhYAAACFgAAAhYAgIAFACBgAQAgYAEACFgAAAIWAAACFgCAgAUAIGABACBgAQAIWAAAAhYAgIAFAICABQAgYAEACFgAAAhYAAACFgCAgAUAgIAFACBgAQAIWAAACFgAAAIWAICABQAgYAEAIGABAJTj/wswAPj4IDVGP8krAAAAAElFTkSuQmCC', 1);
INSERT INTO micadoapp.mixed_icons VALUES (7, 'data:image/svg+xml;base64,PHN2ZyB3aWR0aD0iMjQiIGhlaWdodD0iMjQiIHZpZXdCb3g9IjAgMCAyNCAyNCIgZmlsbD0ibm9uZSIgeG1sbnM9Imh0dHA6Ly93d3cudzMub3JnLzIwMDAvc3ZnIj4KPHBhdGggZD0iTTE4LjkgMjEuMTk5OUg1LjA5OTk1QzQuODk5OTUgMjEuMTk5OSA0LjY5OTk1IDIwLjk5OTkgNC42OTk5NSAyMC43OTk5QzQuNjk5OTUgMjAuNTk5OSA0Ljg5OTk1IDIwLjM5OTkgNS4wOTk5NSAyMC4zOTk5SDE4LjlDMTkuMSAyMC4zOTk5IDE5LjMgMjAuNTk5OSAxOS4zIDIwLjc5OTlDMTkuMyAyMC45OTk5IDE5LjEgMjEuMTk5OSAxOC45IDIxLjE5OTlaIiBmaWxsPSIjMzc0MDRGIi8+CjxwYXRoIGQ9Ik0xOC45IDEzLjc5OTlIMTguN0gxN0gxNC4zQzE0IDEzLjQ5OTkgMTMuOCAxMy4xOTk5IDEzLjcgMTIuODk5OUMxMy40IDExLjk5OTkgMTMuOCA5Ljk5OTkzIDE0LjYgOS4zOTk5M0MxNS43IDguNTk5OTMgMTYuMSA2LjY5OTkzIDE1LjYgNS4xOTk5M0MxNSAzLjY5OTkzIDEzLjcgMi43OTk5MyAxMiAyLjc5OTkzQzEwLjMgMi43OTk5MyA4Ljk5OTk1IDMuNjk5OTMgOC40OTk5NSA1LjE5OTkzQzcuOTk5OTUgNi42OTk5MyA4LjM5OTk1IDguNTk5OTMgOS40OTk5NSA5LjM5OTkzQzEwLjQgMTAuMDk5OSAxMC43IDExLjk5OTkgMTAuNCAxMi44OTk5QzEwLjMgMTMuMTk5OSAxMC4xIDEzLjQ5OTkgOS43OTk5NSAxMy43OTk5SDkuNDk5OTVINy4wOTk5NUg1LjM5OTk1SDUuMDk5OTVDNC44OTk5NSAxMy43OTk5IDQuNjk5OTUgMTMuOTk5OSA0LjY5OTk1IDE0LjE5OTlWMTcuNTk5OUM0LjY5OTk1IDE3Ljc5OTkgNC44OTk5NSAxNy45OTk5IDUuMDk5OTUgMTcuOTk5OUgxOC45QzE5LjEgMTcuOTk5OSAxOS4zIDE3Ljc5OTkgMTkuMyAxNy41OTk5VjE0LjE5OTlDMTkuMyAxMy45OTk5IDE5LjEgMTMuNzk5OSAxOC45IDEzLjc5OTlaTTkuOTk5OTUgOC42OTk5M0M5LjE5OTk1IDguMDk5OTMgOC44OTk5NSA2LjY5OTkzIDkuMjk5OTUgNS40OTk5M0M5LjQ5OTk1IDQuNzk5OTMgMTAuMiAzLjY5OTkzIDEyIDMuNjk5OTNDMTMuOCAzLjY5OTkzIDE0LjUgNC43OTk5MyAxNC43IDUuNDk5OTNDMTUuMSA2LjY5OTkzIDE0LjggOC4wOTk5MyAxNCA4LjY5OTkzQzEyLjggOS41OTk5MyAxMi4zIDExLjk5OTkgMTIuOCAxMy4xOTk5QzEyLjkgMTMuMzk5OSAxMyAxMy41OTk5IDEzLjEgMTMuNzk5OUgxMUMxMS4xIDEzLjU5OTkgMTEuMiAxMy4zOTk5IDExLjMgMTMuMTk5OUMxMS43IDExLjg5OTkgMTEuMiA5LjU5OTkzIDkuOTk5OTUgOC42OTk5M1pNMTguNSAxNy4yOTk5SDUuNDk5OTVWMTQuNjk5OUg5LjQ5OTk1SDkuODk5OTVIMTguNVYxNy4yOTk5WiIgZmlsbD0iIzM3NDA0RiIvPgo8L3N2Zz4K', 1);
INSERT INTO micadoapp.mixed_icons VALUES (8, 'data:image/svg+xml;base64,PHN2ZyB3aWR0aD0iMjQiIGhlaWdodD0iMjQiIHZpZXdCb3g9IjAgMCAyNCAyNCIgZmlsbD0ibm9uZSIgeG1sbnM9Imh0dHA6Ly93d3cudzMub3JnLzIwMDAvc3ZnIj4KPHBhdGggZD0iTTYuNjAwMDIgMTdIMi40MDAwMlY3SDUuMDAwMDJINy40MDAwMlYySDE0LjRWOEgxNS40VjIuNUMxNS40IDEuNyAxNC43IDEgMTMuOSAxSDcuMjAwMDJMMS40MDAwMiA2LjdWMTYuNUMxLjQwMDAyIDE3LjMgMi4xMDAwMiAxOCAyLjkwMDAyIDE4SDYuNjAwMDJWMTdaIiBmaWxsPSIjMzc0MDRGIi8+CjxwYXRoIGQ9Ik03LjIwMDAxIDEzLjdMMTQuOSA5LjVMMjIuNiAxMy43VjE4LjNDMjIuNiAxOC41IDIyLjUgMTguNiAyMi4zIDE4LjZIMjEuNUMyMS4zIDE4LjYgMjEuMiAxOC41IDIxLjIgMTguM1YxNC45QzIxLjIgMTQuNyAyMSAxNC42IDIwLjggMTQuN0wyMCAxNS4xQzE5LjkgMTUuMSAxOS45IDE1LjIgMTkuOSAxNS4zVjE5LjNMMTQuOSAyMkwxMCAxOS40VjE1LjJMNy4yMDAwMSAxMy43Wk0xNC45IDIwLjRMMTguNCAxOC41VjE1LjlMMTQuOSAxNy44TDExLjQgMTUuOVYxOC41TDE0LjkgMjAuNFoiIGZpbGw9IiMzNzQwNEYiLz4KPC9zdmc+Cg==', 1);
INSERT INTO micadoapp.mixed_icons VALUES (9, 'data:image/svg+xml;base64,PHN2ZyB3aWR0aD0iMjQiIGhlaWdodD0iMjQiIHZpZXdCb3g9IjAgMCAyNCAyNCIgZmlsbD0ibm9uZSIgeG1sbnM9Imh0dHA6Ly93d3cudzMub3JnLzIwMDAvc3ZnIj4KPHBhdGggZD0iTTYuOTk5OTkgMTdIMi43OTk5OVY3SDUuMzk5OTlINy43OTk5OVYySDE0LjhWOEgxNS44VjIuNUMxNS44IDEuNyAxNS4xIDEgMTQuMyAxSDcuNDk5OTlMMS43OTk5OSA2LjdWMTYuNUMxLjc5OTk5IDE3LjMgMi40OTk5OSAxOCAzLjI5OTk5IDE4SDYuOTk5OTlWMTdaIiBmaWxsPSIjMzc0MDRGIi8+CjxwYXRoIGQ9Ik0yMS4zIDEyLjdIMTguOFYxMS43QzE4LjggMTAuNCAxNy44IDkuNDAwMDIgMTYuNSA5LjQwMDAySDE0LjVDMTMuMiA5LjQwMDAyIDEyLjIgMTAuNCAxMi4yIDExLjdWMTIuN0g5Ljg5OTk5QzguOTk5OTkgMTIuNyA4LjI5OTk5IDEzLjQgOC4yOTk5OSAxNC4zVjE1LjJWMTYuNlYyMC44QzguMjk5OTkgMjEuNyA4Ljk5OTk5IDIyLjQgOS44OTk5OSAyMi40SDIxLjNDMjIuMiAyMi40IDIyLjkgMjEuNyAyMi45IDIwLjhWMTYuNlYxNS4yVjE0LjNDMjIuOSAxMy40IDIyLjIgMTIuNyAyMS4zIDEyLjdaTTEzLjYgMTEuNkMxMy42IDExLjEgMTQgMTAuNiAxNC42IDEwLjZIMTYuNkMxNy4xIDEwLjYgMTcuNiAxMSAxNy42IDExLjZWMTIuNkgxMy42VjExLjZWMTEuNloiIGZpbGw9IiMzNzQwNEYiLz4KPC9zdmc+Cg==', 1);
INSERT INTO micadoapp.mixed_icons VALUES (10, 'data:image/svg+xml;base64,PHN2ZyB3aWR0aD0iMjQiIGhlaWdodD0iMjQiIHZpZXdCb3g9IjAgMCAyNCAyNCIgZmlsbD0ibm9uZSIgeG1sbnM9Imh0dHA6Ly93d3cudzMub3JnLzIwMDAvc3ZnIj4KPHBhdGggZD0iTTE4LjEgMjIuMjk5OUg1Ljg5OTk4QzUuMTk5OTggMjIuMjk5OSA0LjU5OTk4IDIxLjcgNC41OTk5OCAyMVYzLjk5OTk1QzQuNTk5OTggMy4yOTk5NSA1LjE5OTk4IDIuNjk5OTUgNS44OTk5OCAyLjY5OTk1SDE4LjFDMTguOCAyLjY5OTk1IDE5LjQgMy4yOTk5NSAxOS40IDMuOTk5OTVWMjFDMTkuNCAyMS43IDE4LjggMjIuMjk5OSAxOC4xIDIyLjI5OTlaTTUuODk5OTggMy4zOTk5NUM1LjU5OTk4IDMuMzk5OTUgNS4yOTk5OCAzLjY5OTk1IDUuMjk5OTggMy45OTk5NVYyMUM1LjI5OTk4IDIxLjI5OTkgNS41OTk5OCAyMS42IDUuODk5OTggMjEuNkgxOC4xQzE4LjQgMjEuNiAxOC43IDIxLjI5OTkgMTguNyAyMVYzLjk5OTk1QzE4LjcgMy42OTk5NSAxOC40IDMuMzk5OTUgMTguMSAzLjM5OTk1SDUuODk5OThaIiBmaWxsPSIjMzc0MDRGIi8+CjxwYXRoIGQ9Ik0xNi4yIDE3LjZINy44QzcuNiAxNy42IDcuNSAxNy40MDAxIDcuNSAxNy4yMDAxQzcuNSAxNy4wMDAxIDcuNyAxNi44IDcuOCAxNi44SDE2LjNDMTYuNSAxNi44IDE2LjYgMTcuMDAwMSAxNi42IDE3LjIwMDFDMTYuNiAxNy40MDAxIDE2LjQgMTcuNiAxNi4yIDE3LjZaIiBmaWxsPSIjMzc0MDRGIi8+CjxwYXRoIGQ9Ik0xNS4zIDE5LjVIOC43MDAwMkM4LjUwMDAyIDE5LjUgOC40MDAwMiAxOS4zIDguNDAwMDIgMTkuMUM4LjQwMDAyIDE4LjkgOC42MDAwMiAxOC43IDguNzAwMDIgMTguN0gxNS4zQzE1LjUgMTguNyAxNS42IDE4LjkgMTUuNiAxOS4xQzE1LjYgMTkuMyAxNS41IDE5LjUgMTUuMyAxOS41WiIgZmlsbD0iIzM3NDA0RiIvPgo8cGF0aCBkPSJNMTQgMTMuNkMxMy43IDEzLjcgMTMuMyAxMy43IDEyLjkgMTMuN0MxMi4zIDEzLjcgMTEuOCAxMy42IDExLjQgMTMuM0MxMSAxMyAxMC42IDEyLjUgMTAuNSAxMS44SDE0LjJWMTAuOUgxMC40QzEwLjQgMTAuOCAxMC40IDEwLjYgMTAuNCAxMC41VjEwLjJWOS45OTk5OEgxNC4zVjkuMTk5OThIMTAuNkMxMC43IDguNzk5OTggMTAuOCA4LjQ5OTk4IDEwLjkgOC4xOTk5OEMxMC44IDcuOTk5OTggMTEgNy42OTk5OCAxMS4zIDcuNTk5OThDMTEuNSA3LjM5OTk4IDExLjggNy4yOTk5OCAxMi4xIDcuMTk5OThDMTIuMyA3LjA5OTk4IDEyLjYgNi45OTk5OCAxMi45IDYuOTk5OThDMTMuMyA2Ljk5OTk4IDEzLjYgNi45OTk5OCAxMy45IDcuMDk5OThDMTQuMiA3LjE5OTk4IDE0LjUgNy4yOTk5OCAxNC44IDcuNDk5OThMMTUuMiA2LjE5OTk4QzE0LjkgNi4wOTk5OCAxNC42IDUuODk5OTggMTQuMiA1Ljc5OTk4QzEzLjggNS42OTk5OCAxMy4zIDUuNTk5OTggMTIuNyA1LjU5OTk4QzExLjUgNS41OTk5OCAxMC41IDUuODk5OTggOS44MDAwMiA2LjQ5OTk4QzkuMTAwMDIgNy4xOTk5OCA4LjYwMDAyIDguMDk5OTggOC40MDAwMiA5LjE5OTk4SDcuNDAwMDJWMTAuMUg4LjMwMDAyVjEwLjNWMTAuNkM4LjMwMDAyIDEwLjcgOC4zMDAwMiAxMC44IDguMzAwMDIgMTAuOUg3LjQwMDAyVjExLjhIOC41MDAwMkM4LjYwMDAyIDEyLjMgOC44MDAwMiAxMi44IDkuMTAwMDIgMTMuMkM5LjQwMDAyIDEzLjYgOS43MDAwMiAxNCAxMCAxNC4yQzEwLjQgMTQuNSAxMC44IDE0LjcgMTEuMiAxNC44QzExLjcgMTQuOSAxMi4yIDE1IDEyLjcgMTVDMTMuMyAxNSAxMy44IDE1IDE0LjIgMTQuOUMxNC42IDE0LjggMTQuOSAxNC43IDE1LjIgMTQuNUwxNC44IDEzLjJDMTQuNiAxMy40IDE0LjMgMTMuNSAxNCAxMy42WiIgZmlsbD0iIzM3NDA0RiIvPgo8L3N2Zz4K', 1);


--
-- Data for Name: picture_hotspot; Type: TABLE DATA; Schema: micadoapp; Owner: -
--



--
-- Data for Name: picture_hotspot_translation; Type: TABLE DATA; Schema: micadoapp; Owner: -
--



--
-- Data for Name: picture_hotspot_translation_prod; Type: TABLE DATA; Schema: micadoapp; Owner: -
--



--
-- Data for Name: process; Type: TABLE DATA; Schema: micadoapp; Owner: -
--



--
-- Data for Name: process_comments; Type: TABLE DATA; Schema: micadoapp; Owner: -
--



--
-- Data for Name: process_produced_documents; Type: TABLE DATA; Schema: micadoapp; Owner: -
--



--
-- Data for Name: process_topic; Type: TABLE DATA; Schema: micadoapp; Owner: -
--



--
-- Data for Name: process_translation; Type: TABLE DATA; Schema: micadoapp; Owner: -
--



--
-- Data for Name: process_translation_prod; Type: TABLE DATA; Schema: micadoapp; Owner: -
--



--
-- Data for Name: process_users; Type: TABLE DATA; Schema: micadoapp; Owner: -
--



--
-- Data for Name: rasa; Type: TABLE DATA; Schema: micadoapp; Owner: -
--



--
-- Data for Name: ratings; Type: TABLE DATA; Schema: micadoapp; Owner: -
--



--
-- Data for Name: settings; Type: TABLE DATA; Schema: micadoapp; Owner: -
--

INSERT INTO micadoapp.settings VALUES ('pa_tenant', '1');
INSERT INTO micadoapp.settings VALUES ('translationState', '[{"value":0,"translation":[{"lang":"en", "state":"Editing"}, {"lang":"it", "state":"Modifica"}, {"lang":"es", "state":"Modifica"}, {"lang":"de", "state":"Modifica"}]},
{"value":1,"translation":[{"lang":"en", "state":"Translatable"}, {"lang":"it", "state":"Traducibile"}, {"lang":"es", "state":"Modifica"}, {"lang":"de", "state":"Modifica"}]},
{"value":2,"translation":[{"lang":"en", "state":"Translating"}, {"lang":"it", "state":"In traduzione"}, {"lang":"es", "state":"Modifica"}, {"lang":"de", "state":"Modifica"}]},
{"value":3,"translation":[{"lang":"en", "state":"Translated"}, {"lang":"it", "state":"Tradotto"}, {"lang":"es", "state":"Modifica"}, {"lang":"de", "state":"Modifica"}]}
]');
INSERT INTO micadoapp.settings VALUES ('api_token', 'eyJ4NXQiOiJaalJtWVRNd05USmpPV1U1TW1Jek1qZ3pOREkzWTJJeU1tSXlZMkV6TWpkaFpqVmlNamMwWmc9PSIsImtpZCI6ImdhdGV3YXlfY2VydGlmaWNhdGVfYWxpYXMiLCJ0eXAiOiJKV1QiLCJhbGciOiJSUzI1NiJ9.eyJzdWIiOiJhZG1pbiIsImFwcGxpY2F0aW9uIjp7Im93bmVyIjoiYWRtaW4iLCJ0aWVyIjoiVW5saW1pdGVkIiwibmFtZSI6IkRlZmF1bHRBcHBsaWNhdGlvbiIsImlkIjoxLCJ1dWlkIjoiYWMwYWQxNmQtMWRiNy00NzhiLWFhNjAtZjE3YjIwM2JhMWRiIn0sInRpZXJJbmZvIjp7IlNpbHZlciI6eyJzdG9wT25RdW90YVJlYWNoIjp0cnVlLCJzcGlrZUFycmVzdExpbWl0IjowLCJzcGlrZUFycmVzdFVuaXQiOm51bGx9fSwia2V5dHlwZSI6IlBST0RVQ1RJT04iLCJzdWJzY3JpYmVkQVBJcyI6W3sic3Vic2NyaWJlclRlbmFudERvbWFpbiI6ImNhcmJvbi5zdXBlciIsIm5hbWUiOiJiYWNrZW5kIiwiY29udGV4dCI6IlwvYmFja2VuZFwvMS4wLjAiLCJwdWJsaXNoZXIiOiJhZG1pbiIsInZlcnNpb24iOiIxLjAuMCIsInN1YnNjcmlwdGlvblRpZXIiOiJTaWx2ZXIifV0sImlhdCI6MTYwMTI3NDc4NiwianRpIjoiODMwNmI2MTAtZDNiZi00MTU1LTk1ZTgtNGFlMDc1NWZhZmE1In0=.OrP14B2bqfsLKjrtCAjfqkuUXLpQCd8qooU3suDOEPsCGW1k4H7OPBFB2gTzkubbhBD6XaS164qSuNlMxzE7nyfse0vglJJBLPszVTo4v0swx7dI2Eu3eoK9_AnQca_VELdMJOSlLda-xIKQR20cFNfc6U3qm5En_m6t63OA9MXUDk2--kmApyHdJI56KVZh-vEmFkE7ms2chYUJuYvWlaxeAF8YDjyHMZbt-FtrDu8CueMrMFPL3ENvXQMMrSVt8cX6PMfOl2S0HSmsNs-mMlUGar4K4vZCgtWkVFkfl5vQsaHP0wuFQEUx4Us0NeHbFrSj2X2ERUbcUQ6vNWpc6g==');
INSERT INTO micadoapp.settings VALUES ('migrant_tenant', '-1234
');
INSERT INTO micadoapp.settings VALUES ('pa_logo', 'data:image/png;base64,iVBORw0KGgoAAAANSUhEUgAAAJYAAACWCAYAAAA8AXHiAAAgAElEQVR4Xuy9CbBd13UduO583/wn4GMeCWIgAILzIJIiLVE2pYiyZCd2u2MrPcQdd3pMpbsqqe6uSlVXdycud9J2daRE8ijFlmVas0WJFCVxAEFxAEgQIAkCIAgSM/DHN93xnK61z73vP4AACUBSKyrzsR4/8PHGe/fdw9prr21prTXev737EdApwLvcLHO3+NNeuFsWeCCH73x0DkAVz+KjzbM1LPktH60G/+dvyruGAxuuvINT3uXFNaAzwCrfyQYsPsKGtszzeeNvfpY3633DuozDr2kevA8Z1sDAeOrfaVDl1Vr+LI3KPLowkNIMLS3mtWBqfD1jLKX5yt9Kw5LPUr4yjdwYeGlY5XMu45v91B7yvmFdxqG90KVf7O+XcvuOBqzSYkoLHBhXYWD0PnJfcIiKhmLzF0O/ljehxxp+t9J7mgcOmdtlfLOf3kPeN6zLOLa0i9JflQ83p/z824W/E89RxsJho7rQCssnlj9LtzZwb5fxIUsLvMyH/rQf9r5hXcYRzgBckGGd70mGvUrx58HLvpdhXcwaB56L70yzZh5V5nMLb0D7HDy99Gb0WfLLK7XKyzgQV/CQ9w3rMg4WbYOneNixDEWthWRcQlRxlz+bRylY8p84FSZC4r2GLEorKKXB/6QusC3YEhrLXKpM0B0pGoYj6+BziGGVqX+Zd13Mr17GF/4JPOR9w7qMgzh0uoaMq6zsFKDyIu8xVZ7ci3CnXQexeI/SuMzPgaHRLLWG0sZcWGzy7vLPKjOvy6rPcgF40JZ1YepualN5v7LI4Ivw8e8b1mWc3p/lQ8osq7CWPAOUAhyecLqzMlAOeSs5pxZyGpbAAca3WFLpmTsNSSkF2+bvNTSrT23+7kkmXhiohEFXDIzebzjfWwA9mNQPe6zyPX82x+19j3U5xz2PgKxnXAmNqfQE/HvO08zfX5DTFJVbYtlIbGfImIZypUEmRKMw3saxTHY0wKFyeiwbsOnD7PPCYJmvG+MqjbpAzcQY3/dYl3N6f3aP0Qmg+gu1vE1PVdy1hSTLYTnmxKdKIcuZLVmwbBuWY5u8uzjNZRZGhychr7BN2hVt06NFaTrEHJbW8Dy+LpDlORzbARGIXBnP6VwIR/xHAzYwl3wfeX9vg81jQMeA4xWou4McNhLFsGQMp0zwyzpO8vOh2qxMuIehKNuWACePY65OI+Pfy+cy4oaMgIVRGsiUEc/kXjZfQDoABvU3AdU8/mdbE75vWO9tVHLiNXLeNZBrGzlbJ/QcBQxxls7MX0i5+gBOzgHHjgMn3z6JqNNHRk+WMUk3hkCjYH3nOTaWLZnAqhUNLF0MNGtM0c29Sk+VAZ4N1GhD9GRxhIpbeivi9cZzKsm/BuCEGOjPLhC+b1gDw2ISfalbZtuCYyUaSAs3RM9EA5pJgdwDjpwEnn3pNF5/8zimOzFSRcOzJXzRkzA88k7DsixjWK5jwXMtpFEbedpDveJi9col2LrlWmxc5WJ9E5iwAb/0aDlQdzVces+hilFZHpTtCSTCb0HPJs+5rMvmp/Og90NhcVxpWJfKCrpw0OaJcgxQOhcDb50CXjt6CkfPzuGl14+ijwARQii3Cu3XoB0fuUWoIUdu0ec5RevZhtKsAFnfKTiWgmczf8rgFLmczmJU0i5+ad0SfHDzWqxf2UDFApquRssHrHgetmZeR1jBg6ZR2YEYFr0oDSv4GYfDnyvDKlEi2oKpeYpqarjMliyZgcARDHKYXVBwAIrruni1onrL8xzasqFsFxkc5AUQyefPMLRlwLlZ4OixCK8feRtHjp/BTD9F5lTQSSEGlbsVpPAQaxuZptmw35dLDmbRc9nGuHKlkDM5p7kxY1cZbORwLS2GRlzMT3uoTh3DurEAt+zYhDtvWIVVo0ADQBMaVZXDTsm6YBnpSNWY2hbyIrkKwNcfrhv///VfP3eGlRTJLnMQhwalIkNpIZWkTFvtELBCOchxgZrzeIeCBhEr4mOZAPN5LM/4Q0G5ARJU0IcrYY5e6uwcsG8K2HUMeOPNt3F2agpxpsRw4Phww5p4Joa+RGn5vaYROR4cx4GTR3ByfuqySVzQa+hsBmk2jcuGpW1jKJrfLUfTz+CoNpDPYv3SOu69eQNuWxditQWMMwfjl4tyU0oSIdUpdMVDqhL4dknWKUk3hcVdrFv+U7C5nzvDKpscvPZ5lYuRCJA4jN+wlPIkwR6u0kxCq2AxjFgMfbkAjpnSiLQDuIEY1CyAQyczvPrmcfFMB6c1DrcD5ArwghCO5yNKM8QpMQIXtheIQUlyTz/EmGnbAnS6eQpHFQCqhMQCtSgAVAFKFQ3KAcSwaGA0uRyW6qBW0Yi65+Cks7hu9Tg+tO0a3HXNCNZXgbEUsPs0LBsCgOUxdCVArlO4VnmhlbVkgYy9b1gXSyoF0SlCWfnvw9izodAN/4vw4fgMix4lk2Sap5dhKoNGCgv0J30NTMfAkdMpDp44hz0HjuLIyXNI4CEPx9BBVYzQdlxJwOM0g7Zt+GEFSa7k9ST0MZwW3Ci+r6tz8T6mtjT0mAVqS4HEFwZVGha9Fg0rjqfRqLtwrBxW3EbdjrF5oor7tqzGBzdMYC0ryCinbYMAl0pTWJVAuF2OfKsyaRiCXN83rIsZFr1SVBgXr0DmQy5T4AFzssSOaD6ueDN6tVzykJ4ViOGVbAUe+i49VAK8cRp48eAJ7HntTZzpZsi8GiLloJcaI7RcXxrFbBDTeOidbNuF6/tIskx+x2SKPyV7Y2QqEPF3UgEXzF+ofIWXMobFv/M9ctSaNjrdWeSpRs1zgX4HrXQWd6yfxKfu3IxbVtuoZRohA77jIo0zOCEDPnNQesnyaAyh/e8b1sUMi0bSBcTN8zL1kSAcVENlmCnatfAl/0pMLmUH6NoNCXU0KKYn8wAOnACef/U0DhybwrGZCGe6KSIrBPw6tBfC9kL4Vg6bLR2GUgElbUHC4zhBkmYIq6FB2sWwhtikBWZlKAvm0xFNN37VGJe0o+Vk8ycBMlOWKCtDYnXg+h6y1IOT26jYLurxNMbULD5x22p86u6VmPQAP5+H7/hIUwuOx3qQpUuZNJTw6hBkeqFx/W3PsQxrgB4rLyo/47GY1wwj25Kush0iRmW8VmpX8FbuCXjOpPzVY8BLh07i1ben8Na5Ls71gMStQweNonR3DBgKC66KEOq+NIzFB0j+RM9kmdZL0SccnC+eKPFYNBB6U2JZhg1hDEuC5RBhtLRG470kVFs5ci+SQiCKArg6RM2toBpPo5VN4a4NPn7tvg3YPBHAU1Oo2CEs0MD5XqZ3aI7KMMHnp4NZXexVf66Sd+MLDAPAkN94uhYOYQlHnMfyFbwI6Ng2TgJ4Yx7Y+fxRPLf/ME61MyReC4nbRDu1oYMmtFtBL8klj3I9XzyKq/uoWPRx7DnnYmAEOQUqoJMRgzMeqcTC+O/8x8zy2Fo2n5JtGMnUFOzicy1w4A1Hy/gy5oQ5MrcP5XhIswY81OHmPoL+GSxy2rhuoo2/e+9q3L5+AoGeQtWqwkHFIPFFe8i80nDG+b5hXfIIlPi44R/xZBQkEuFEGQyLqBAzDOUaJJqB80QCfGnncbz69hm8fXoK3dxFZFcQWxWkTh25HSBnJSlAZnmdm9Ns6wyWQBTlbVDbSYgzoWzwgYqwZzwWXzOXaZshw9JKoJLSl0haX3g4gTfFceWIdRtwfWg9AiuvwNcVNPUc6slpbJvsSyi8fcM4KnoGvvYR2A3jHQeGdanD+NOPhT9XHouHY66nUanSi5hUyyZGRBwnS5HEKWy/Ah26aGdA5ACJBex+TeFvnn4Br83GONdPkRAzChsCbqZWAHhVpGwoSzUmfS6BMoxXoTcyLNB3GlaRN11ocPJQ48NyEPZwYRe5FV9T7mJopocsSLw8w/gzoTDYCl6QotuLkOU1BE4DTuahEp9FMzuHe6+r4YGbJrFleYhxP4Vv+7A1YdFg0My+eOo0dFGc581+sonWz51hMfHOWJHlQFCcA5LudJaasGPbmNNA1wFePw384Lm3BTqYyWycUyTduXCCEJYbIlbEsCy4fgW5VgKS8oSbE59J24QGRuPIaIBiXMWJKc7DEDJVulDzszAuJVxQ1n583aG7JGHGcxQB3kAWLADYoGbBgC4810Ge+VCxgq9tjNk9jOTT+Ngty/GBa1tYXs+xYiyECxeE1SynKm8tF947omBpVBfzWKX//MmEy59PwyJYro2jYroVJyaXZ+ibz4Ej08Dzr89i16tHcfDkHHrKh640kXgVaSST3sscKslMMu75DDcsDHgyS4/CtN14rRw+MlaKQ55pOFEvuervrOQLXpZUfOcbVYmv8SUNK5Rh0xiWEuZDjgp60GkE1w1QIa8r7mORE2Hrkho+tG0ZNowoLK5oLB+rCkdLKDxezXynSxrWQj44uAKGq1deE5If/ni3nzvDilINxzNfnHlUrIC+AlIHONcHXj2aY+f+N7D/7Smciyx0lI/cq8IO6ogyEubKyq7gLFlaIo8QfovQZwLfwkwyYQ1FXoyg6hfJtEpEXRyaufLLxy2EvWHDMuG2TNRpENIttG1khcdiDjbmJujPnoHraLQqDvy8i9V1G/fv2IAbl7WwCD0sbQao1TyoNAYCX9pSWW4hKNmFQ95zYcCxyFTPM6gFj/W3zrAYNPI8FaplpGz0lY3MBaa1waP2HDyDvW+exqFTs5jlP1RHkDsMeQxwHvLMgI+EojyHkzAMfynyLDHGJQZSouOF/xEIyoGtDCV5MGRjUCmTaBd/XjC6hXqMqDvvAgGI11qYTS2fZ4oNG6Tn5Da5VTYzM9T6M2h6ObTqwsnnsGZxFR/YuBI3rZzAKt/CMs/CaD2UfEwmenzTPGex4GTFuEZ5IcjETwHKDLvLAqAtyxUa1d9Cw2LTuYM46aNvVZAETZyIgF0HpvDUq8fw2sl5nE18JG4VXeVCOT6coCK5S9xLEdoVQXkseibN05kZHJ4AapkzFSQ+JVAGDYk4FuALHbj83YIxGchj4fcmZyoMi4xQlUpbpzQogT+LMCVVoyYkYQwrFcNyoWwLvs7R6M6iqjqoBDFWL63g5s1LcMPKCSx3MyxWGisC37BIWRmT/Wfn6COF69ZgpWY83+R75ShZMQl0Hr3UYGf/ERnWxaqLy4vLJSNzQVRjgU7LEGFIbGzDsEFbkMMdD/1cI3IcacMQVTp0EnjqpUP40StHcDZ2EDk1zOUeUibxLq9kBxltkeiORaaBmY9hyGMDWvCkwlOVcIF8K/FCpddhBZpLe6jsA5LNwLvkQ4UwSFlNlkm6waoI0qZw5LkOtO1K6CYLgo1sx/WQZRlUlsCxNVxSZvJE4I0aZ/PPHsfK0Qo2rluCresXY/2SGpaEGiOIMOY6GPG9YpDVAoIAiVLoQyPwPDhxDIucMNe0sGTkQ7CXHBUrgSvdCGklSBdDKUcwM/71QvTrPIrSeRoWpCYZjJ8vLS3LgS1fNee9HDe6PGMafpSyFDI53ayYTNedH0gY5Zx6iTqAW1yJ7LBaNmJtoW9XMOMA0wBePgQ8/IPncPjkFHTYQk956GQct6rISWciXDC2ikLe5DhXk5aSgMemrrwuHGQk1lm8s09p+nD0SMyLxAgVw5/BqlydwMpTpLaH3A+RkEHBatR2YZORQAOPu6jZGepWDCeah5P20HRyrB+t4cZrV2HLuhUYq2jUdA8tN0PDydCqhXADzyD1/BxuIBcb805Gxhp9l+2jox1EZF3YhjYUaKCuFBzFyzMDElKHHCivAcUiZkixhgZWziwaulFJT5IMH7D4eE9aZDRe1s0lZ//HSN4Lj/XOUui9Lc0ig5zNXYKRC4I7PDlMdpFEQoRzAh+57YEjVO0EyH3glVngB3tm8NyelzHbT9HTLjqpJU1j+FVpHIsnKZrBJnc1EIIBJa/8A5vqMC9e17RpaGBluCzzJ7aRxKB44orqUjAwUprFIF0oP5AknbQbqBT10IOTtOGlXfhpGzXEWD7WwDWTI/jQ9esxWbVQCxz4OkHFStGsuGhUPAmBjuOKcUesjOmVbGNYQt+Jgfm+xnQnk0Y6j+VoDRipAOMBUNPG0CxObMiV7QqXXwJ+mTcWIdv4tKKZLyZUVARkrwogbTyicOR+Ih7rKk6Sed/SeRrDKv2IeBNGgyyGTTaBbWGeF5VrrohnDnTwrWdex/63Z9GNUtRGJ9DNbZxrR0BYhyOVH/tsC4Cm8VA84SacXY1hlYVVkaGUBIQB2l6GPRoWvaIYcAGIJtqTNhHDYD8lOKvg+sZbMRwFNIXeNMKsi4kQWD85gh2b1mPHusVY7kWwelPCH6tVArTqNVTCEK7rGv49G+qkAxWN9ak+8NKrs3j14EGcm56WY9TuJQKrOJ6HRiVAM3CxZe1yXLNsHNuvWYzFNWMMLCoJ3wTFVJA5agudRplolFbasJyTGeRYOJs/qVB4tYZF4puIh/FbmAnfYeguy80BS21Da+kAeHjnSTy99yBeO9kDqhPiMWY6fcCrwK+PoJPkiHgAfcM0oEuXlLrwUqY6Y8J+5R5L+pEk4g3EzkrkycAS5fuYxLzoXsrbWOipUBB+0m0yZQzbdy0EroKTdqE602hYEdYtauCmjauxbc1STDYD1BGjlZ5CxYpQrdZQHxkTxioJiZ1YI3VJ5TEkoleOA089fwCvHH4Lc70YkXaROCFyyVcLIy9mGDlipuMeRqsuNq9egju2bcANGxqYYAOCnkkZ4Lm8CfO5xHtLclIpozQYPVsYOxsUoVc/V3jlJ2jwadmGoXGJUdGdMrE1CWA5nzevgA7Jdznwl989hB8+vw9dhLCqi9FJLGnBkLmZ5Bb6mYLtG2Yn2aDmVjZizIEVjsFVeiwaFeEKA2UK51SQcXoSw3+4sLVjYA2eksylF7WRpbEYVMWzYKU96GgWQd7D8laArasX4cZrVmDDklGMBZAcy0nmsKQao1XzYNdbgEXadCiGxDvpPwemgEeeOoAf7X0d091UUgGGxg77oF5DPhe9tMkE+TmNiQSBj7g7h7x9DhuXNPH37r8dH755FHX2GBOFJguH0pgK+MGWnGrB4MpI8M5U3/zLj5FjvXcqdclH0KjYNJaGqyssTkJMdO1ZwVMngv7aceAL33oC+07MQTcWYTax0euzV9iCGwToxynS3FRYNE7puQnuVFJTTOVXhqWSUXCln1zCtaaaAlkNfE16HoPMLwCpBTGmZJBKiOeIl48szWCrFFUWcXEXiGYxUbVwzWQTN1yzHJtXjGP1WAV+2pXkvRE4GG+GCLxUplgz7aFHo/JCzGvgRJvV8Ck8u/8NvHWuI4WLHdalBxrnGrFdQd+tw1YZPB2LcTFgMdHmmFicW6iEgeRsTucUJjCLD2xail+++3psWeKiwmBSUHtM1Vyo1wwJu0laZphjBRGAxlhMh//sDIsYgDIJY0ELZp6QWkBsmfGqZ1+dxbeffB6vn4sw77TQdWpI3RoCQglJKtRgku5cP5BsM5P2DKeDeV2W1JTCsIbIwFdqVMb5kTHATISGVcpymNfWlHlk7kHKs+Qb9A2Gg8VDz6Q81DGqroWQXfP+LMYCjZs3rsYtm1djzXgNVR2higg1O0crsFFjtee7gOugDxu93EHftjGbAXvfTPC9Z/fjlaNncLav0VMu7LAhoGgvTuUic6stzKWO8GtZK/IoM+/LbBIjPaROBVGnB8fRmKzkcGffxKTbxafuuR4fv/1arCryLjY4bBZRYl1GN2JYQmkw9STVIhuVnE0z6ftP1WOVQ6BCiqNUjyirmGEBdkypxJI5kAQ9J/OW9JYZ4LFdB/Dcq0dw6PQ8onACaX0SXauKbmojVCk8zapy+Fb66CLfKao4c9WZQyF8Bcs0hK/0JlACSfOF5qOohRK1LzAvek3LK+b7ZPSL72qQ+gk1hVY+CxV1hNG6be1y3HfzVmxcMYo6EvhJGwxydRcYqQUIQ7aOzOed8WvoMs9UwJtngJ0vHcGufW/grelIoJeE7AxKG9nEn1zDbtWcFGJryGdbGp6KimpYIbFDxHYIFY4gZpHX76IRKix2u3DnjmFFLcOn7rgOD+xYg7oPuafdriT9luMgzRQs19DA+d3NkB3/QkIlDYsu2QAOP5ZhvVeWRVJcOfXLT8Irm/RdQlVMhThBXOYMTNBfOgTs3L0Pz+17De3MQezU0PeamOf1bFXgVZpwozZcVQ4KlIVZIVhW5kDn9fwM1MkTTezJ4E5XdnO1hksGRREKFFs/A9In6cA++kkqZb7jmquW+a1jWVicHMOEOoclow1sv3Ytbtq0FstaPuz+PJyki7Gqh4rvol6twA+IBGnESYrZ1EKn4eHgNLD3tSnsee0I9r9xAuf6Cl5rEtqroZcb5F7YE0UKpFUu700+PoFWSTRK5Rt6LA62unW4lTr6vQ4Qz6NlRwjTOTStHm6YrODT99+KtZNVTFQBP8uEAO6zD0mxE5fH8IJR/hLf+kkY1nsZFU9dmUfTk/K7cVCTN15RxFwiG+goYCoD9ryu8chTz+K1o8fBPBRBHXa1hdiuSm4VaQ9+WIOfdOARpCluZeJcJusmwS6bLAuOm9gTuVdX47EIeHqK6DkZCMSxzF1YEsy0cgU/DOQ7pkS8ibg7NhyV4RrvLO5YU8NNWzdh5aIRVHSEUMVoekDNd1FlW8bzBSPLGE7J0OgDb8/l2H3Owq7XjmHvKwcx00uBoIbUDtFXrngpQhiMBPTXJLM6Iu7AsbEctlCASj4ZawkbKTEny0cnA6rNEUH9484caq4S7+RmfYynZ/HgzRvwsbs2yYDsCA2230HgGykl2L5AP7yXsz8yhSRtMXqsHzMUXo5hlSe/fCztihzxnnaQeib0vXEO+NFr8/jOzudx+NQ0qqOLkWgbCb0aP6jHSsdDknM03YKvinaESX6KtzCd3YLUa1zxAMAwD6HHMgzRq/FYTILZKxiithS67vwMPjlTUU9ymooD+DpDPfCweKSOezY0cePqBhY12b/rwc9jLGpW0Qg841lcD6nry7GICtrPS691sGvfITz3xixmUg9JpqWHSP/DNJw9UPH4cuWab8SmOj0kK1WBGDjZLRRn49HMSJq5GHiBkyrEf0nTWPJS32NbR6HRO4N1dYV/8OC9uHWDj6U+UGMVn3SBgIPARjpgaDxY+ifGsBaaOlcdCt/LsDjcOUzrEa/FL5przHIuzwXemgf++tHX8fjeQ5jJfSReTcbThRWV83DY0k+zmBQrS/A5fiViUwPCnbGiob8vfDLDNihoLEYpQQ7sld4IUxDMNGh7iezztBimqep3MVZx4Wc9eEkbq8YbuH7jOlyzcgk2TFgY93rwLY2KY6Hq0lN58D1WaC4Sy0PPMVjdq+eAR549ij2vcwQtx3SP4TuU/EnmGfluUvkWA2UyCc5PpcVjGVYqf2fYqWIAbPcUAx0FOUc+Q570BKSlrheHqdn+YY+1mbUxks7iF7avwqc/uhlrKsCEmzHZMsfYq0Jb/kDsl8dSWnGSYy0gXj+WYb2bcUmixyukEHl1icyJLI/CnGVj95EUD+/cjb1vncXpxMesDtGTsXhPAplvO2BVYvGqZN4gB4tX3PC7Fn8uDGvIfxUisAXaIj2KAl+5UqsS0zSMKcPwLJvPptRmKT9ecdE78zbGvBS3bFiJ2zatwtrJUUxUHYR2H1YyJzpXk2MjqHA+kPma0lBeDX3HwhszwOP738YTr7yNN+ZynImAdmLByh2BK2yO7MuxZEphqD1yfQgAanA0iuHytBpxE1JfXKkC08LD8LMTevB0hLqdIO1OI/BsoXJ3cgep30BkVxHE8xjVPayp9PBPf/MXcf0iYIkbwbITIE1kLA52KGh/icwbP1Ue/RLHIvjzjqt+gfQ1HHCGz4lxwguQ//nPMF+QFpxSz0C0dQzi04uAHx08i68/+RJePHwcSTiKfjCG6dSVfp9iniFVmIKdm+EunzIJPHwsmQcqxOd/GhpcOVBVBkVx/UXGVfqtgkU1FEbNH99pducDreQ7ScYyNJTK3MJXMfL5s9i6Yhx3bFqBm9YsxobxACN2AieeQ6ozVBtVNOsV+C6HShNYrOK8EG0FvHj4HP7mmX144egUzuo6zqGKeR3A9moIMja0TTXN786y39hTAdcI65VGRo9lRvpNkWSq0tQOkFgcEjEXg6/6CHUXLbsP3ZtB4Fkk2WAud6Hqi9BGFVZ3DmNOhuXONH77wTvx0e0jGNddBJ4JsZzPpC5GOkgFypUspZmZ82LprDQsPmlYYYmJYXGVDJ/D4uIvUXIZDhUr09I8huJUbmFxHlEUH32beAxwsg88tfscHnn2AF4/05PGrHJYbDsC7jE0lLqKpk1STraUJ740nou5HfPFBv5s6IubHIvehp92QAQuwFOjYOzaHmzNkEtvUoCf9AIOT5w5NmmuZEA18AN41MzqzMOK5nH/rdvx4Zs2Yk0DmLB6qPXPoqa6mKh70K1xZLWWzAdOd3M4NUobAUfOAY8+8wZ2vnRQwt5sRq3SUKo2akiwutRpKr3HhZGyMqU8zzcPAPGFIG+GX5mbiseyTRpPj+XrPqq6J39mXsTUI3ZryIOWQDphFqOZxxjRZ/Dgndfgl+9Yg42jNhpSv9OgCYeYoVgiMKZ1xptB9hdkx5OirOB0gsUEjMZlNOU0Ld90K8wJK9xSSa0guMm3cUWX1XTrBT8v9cktF7HfFJrLgTng8d1TeHLPYRw620fHqsEmj5vJJBPNYnydcMT5Kz3ON6Irz5DM8xkomG+Ix7KI9RfGI+PtNlTG5NeDw3yG3k8gDfNdHEchz2PkWYpWoyEedPrUcawYb+DBX7gLN17TQBhlWBrmcLtnsWbEg8vBWicHRpdhNnURWS67MtL7/N5LKR579hUcOD6Nsz0t3DFF/hiNn/JHirOLOVzhvl/5TapETQ48pY28gkvPpjdDYQw/78G1UiiVGuaqW0fmN+wpBx4AACAASURBVESCoJKmaOYJGvo07tuxDL9677XYvriCJiJycI1hCU3b2IOoAsh/7MMaEV/jsdLCsOSqlKZKAX3RY5mwNFjdUsa7grNDryVMcHaNBUooAmSeibvOq8SggAPTwKPPv4nHdx/CG6d76Dt1ZEGz0MzkSSyiMV09Pc2g3/fOgyof4b0qh0ucC0MlZoimHAiTYH45owGhcpYKNCwzXErDUvS+OobOU9R9D62qh9kzx9F0c3zw1u248/oNWNpwMR4CowHQPn0MKyZHUfUsaafYnos5XUUSMuQAB08DX39sN77/7H6p9qz6BLqKlW8Fll8x6DZThzRBnmfweeFduV2J3ybSTsMid0yGNOiVGfh0Ak9RqImGlSNhQeBWkHl1EY+rpBFGVIqGPoObr2nhNx/YgeuX1zAqQZMeywU0Hc97GRZDoZwtc8BNG9gwcKSjfwnDMkYUwxaksJDgEd2g3OhE+R4iD3j1VIaHd+3Dky8fxal5IHaaSMlDZ/O5UNETLKaQTyR6rETi+uI3uR6uwrDKsS5+TxIN+VHFlZNdrumlAkA58pmk5eyQXUpEOYadJPByEuxSLG0F+MC2Nbj9utVYUtPws3k4eReNaoDRESLaonVk8hoHiCzgZAd4+oXjeOTJH+HwyVmgOibj/J3MgfJryBiCi9F6ZuUiyS1EV1bAV/5l+V2Z/5WkxHKsjAUIq1tHxfBExkkhofySGyJ3q+hrH7Wkh1Edo67PYseaOn7zozfjhtVNjNFzi8fiuS7ofAM5L35GZr/DHmuQvPMfhzYbyKi2MazhWznYYUmm0DPsMukRVcA5B/6WnpIuf++bKb698wU8ve+IHNzcG0Xujch4kwjE8iQUb7BA4pf09JKGdbXeyrA5TQ4pwrRUOhbAk9hW4d6VA4sYj60ROESMYuishyBLsSgMsWXlGO7ecQ1uXFtBQJ5U5ySWjvioVV1Y7FmGTbTtCnos4SnalgEHjwK7XjiAZ154CbPdBG5jDIkVCief8o6KgCM5aES1Oc9Ijj0xKara5AzZV2FYTPSlijVwgxkrcwZzktKUtk2kEOVBJ5ChE1JyalEbY3kXNT2F27dM4lMf3Ioda0Yx4RtjNfz4gs5X5Fjsa5i1BkOGlWum6OWt7NaXydQFYl3lr+WFmI53zVWuK8jtqpSg1GRpk5lwDHj4qefx/edfxlwWwGlMIrUoDRQUHyIzlWMhskHDkn0y9F6FfvmF1lUa1dWEBzIbPMIWbBpbWlgUBkWnYbmwtAtXO3B5UqjCp7oIrAShm2HlSAO3b96EGzYswbImMKLbqGbTaNoR6g0PqFdBekbHriGu1HFSETkHnn1lBo8/tRvHT89K4eCEdfQShdleImyEoNpAlBZ0FoKbJQ5VCMkZVsGVx0KyXR2q+0kINPx83suCSFrkNFzmYYxINkmVHhIFNOI5tJJZ1DGLj91zPe7euhw71oxL45zHZhirkhxLPl9Zyg0ZVlqUHMZmyqbtUJZ+4TeTRizLXBrVPODUkeRUwqtKQ/l4G9h3VOEbP3gKB09O4fh8jNxvwqqMItMhUuWLJ6A7LkOgiGtIa8QIbsjkyUVu5TG+imNt9Az4sS2F3OZdbMFolfIKTBVC20HIpD6el2HR5RN1bFq3FNtWLxU4gVwpL+2grtsY8WJUKtTJrshrdLoZ9OhiHI2AJ1/rYee+N/Hy0bOYnunKoAJlbuiZ2IphCydl1cbFAzzh5VS9GBbDjZEgojFeDUufIc+RrM6AwgYgHdK3IT9N1HIIZRh9VLZi0izHSD6P0Wwadd3Bb33yfmxeVsP160bQZDenTEPKEzAYvFjgkA6S96TwWGVePgC6Bh54obRlssdKTqZsVB8670C7DWRWQ0h5lKZ++uUYj+9+FU/s2YeMdA7ShTU5QKwpyJsKhMpBoE72D/GgFoZkPJZpVP+kb/zCTM7JpVesgB06cLMTh9+IfjQgih23UVF9bF41jjtu2IQt65dhUQVoWpGQ9Ow8EgrMCOf5XCaxNlLHwUwGvHJC48l9R/HYnsM4Ppugp0MRf5cxr1yZJrXjCtrNkX6mAuKcS80sGe0vePmkAhWicld6LIxQLpPzYiiWBipKhrbIXfIzyIXMCSGpPgnEMrdNMapmMZJNyXTQ3//lX8TqUQ9rF1UwyutnGAMdRK8S0eS3NIMlktfH2khhlAjE+ckxqwAqb5hSzCjacaSKeE4EP7AxG5FH1YAKgO/vjvHQIzvx5nSE6VQj9arIqc9J7QPlIpehTx8BcRRlhMyu9DY8iXyx51461+XVX0Wap2IPns8+WQc67aPm26hQRjLqYrLqCFfq9uvWYPVkAw0vQ4g2alYPYViBH1L3oQJlB6JSTP4YFQGf2jOH7z2zH68dm8FsRsS7Iu0ayhHRS8ptAMQaDGfQxRuIsZUT2KZZRL0IpsxXemO+I928UhuCbAuhf7MlxDUsrpkIVxoedVItJUREGTuLT2FF2Mc9N23HfbfswNKGh1EfmGgWYXkIGVjQrSj96lBLJ9F0yryaTWlbHgOD1zOrJOApPIxCi8o0IPvU3XQ89DQw1QYOHMvx1999Bk/vPQSnNYnUrzDgISkaIqwyLYt9Pxdu3odDtb0rvV3AYHzn040c0MUNzkWSMtEmJz5Clswi8BJU7Ry6P4eqTrFu8Sju3rEFH9h+LcYChax7DnU/x0jdQcXPYPvCoEJKQREY2vThEzSqt/Gjlw7izVPzsIOmGEQvSmG5BDuNiJpcxecZ0LBe1sIUY+kWZC+P5Re8rot+o0t+V5PSGBys3L3DhjUnaiiLxOEKRgX+GxkYFKjjEJdLb5ycxB2bF+GBe+7GirERLKmFmOAAFCNLsfHFDMAuaKnKdzPfcOFPqebEHpMuVg0XUARFc5xAnzEsU3AaeWf6G+qfM2Hf+1qOL37lezh8qofIqiJ2Ksj9ABFxkoxXLKscirS6xjeqGPYwp+oKDOzdPNa7j0gSo2oiS/twrAi+1YGdz6BmxVhc93D9+tW4dcs12LJyiTSS2Y6ZaPqYaBEF11BOjoRkQx0idh0BfZ89ADz69AHs2nsQ2msgIYcszuE6rjSZ8zRFylaQXfDvS+G1QcgzsMJCm6n8k2kdkZh4aTbGpS8i4wk5msmzykjD3FWbzobLStQ1+R315HmpqL6AphSXu3api4/dvQnb1m+Al6RYMTqC8doQvCkzeqWwyJAhDRmVmFime9Suk/xjwOAqUQACiTqC5RvKBeV8KKyRaxdtB5ixgR/tzfCt7zyBw8fn0E48aCK4HGKu+EhVjpxAIZcRsZEqExMLWxmuwJ5MJBlSVLy4WzIo8MVujnZRcWpIerMI3RhVpwM7m8KaxXXcfeMW3HXDNtRpAP22eLHxRohWzYdtpVKS921Sehn+gMOzwPeeO4EfvPA6jpztyUaK3PIJ4cG1LCHusQqNum3kzGfI0Chyp1Jzy4xTGZBwEBiHJqvfK2mXb3kJ90xvJBcxjz0HPkgpYiUsAdKGE1YxMzMr7Oelo1Wo9hmozllsWDaGB+7ZiFu3TCDUDuqOj6XNEdQKoF2Oq2PYs4Y/W670LACtoarKynVHy9pFgk8lNXBAEcygdF/wMOVYiHMHNvML9v1S4InDwJe//jheP3wSYWMxuomLLkWaJImhIZi2CYkN8uV4LDMluIpooV/prUD83z3Purhhse3k9FOMVG3oZAo1p4Obt67AB2/ejNWLG2h5NnSvI6tFli0aR7XC42Gmidju6FqQBP3lQzEe/dF+7HrlKI63cwE62eylqjIXBjBXUUlfyv3QZTgLkGp66iIxH/JachmwaSzDtfRQhitfkhEZHy4NkL4L1gcHju0DFDtRqRnfd8wICCkymeXA9Wj8CVR3CjXVxpaV4/jgTZtx2/ZJjAQzcFILKyeWok5OXKLgBEYW0wiQ0LAMBcFk5wXeeb5hzWtbAMJgYY60NCzpLvcRqwQRoQA7RBjWwPnQnYfa+Pff3Yv9B0+g0VyMc7Mx/OqolNJRmiBTfdgOifhmiphutwjNhsk4GMa+MusqG58Xe9a7KaUEuUKLPcneFFYtq+Hum6/Bjo2TWNJy0fIydKfOYbxew9JFi2FzoUDUh+s5CCqBeKu3+8AzL87hOz/YiZfeOCmCJKiNYT5l8SKrDIQ0Z6kEjaqLwAHiXheJrkLbtcJjFdqjRa5lokcJCcjIgwl/hCBE9yGWkbWLf1dDR774jbicJ20lGjh14ukheUHTY/WVRrPVRB53oDpncMO6xfjo3Tdi25omGn4bnjqFkaCJRfVxBGSrxjks2X5Bw2JPedhjXdKwIgmFYnVlCBQAni/AmMbNB+ySGzR5lpDCC4fx9Z0HsPNIH+DcXKyNJ7M8hJUKZudmxWm5xD7YJiKtN+eX4+AJERYPqfToLrzqFpAqo8hikj5hFxTuVMa8hkkuZaXFakeksgnYFn1ASTDJVc9RyWI0OrO4ceNy3HXbZjGq8VoCEEGPmE+NoFmpweGSJSJtypJJbBayR2aBr+08g0d++BSm2z14zXFM9xLMRTnqo+NIycTMUllpw+Ofp33Rqwp8VoU1ZAIKlyNpJmkvgzYbH8NYE43KeKzSsEzif2FoLC8ic8TO10EVUFR7krwLu5O9W6L4TNYJmTgKU2ePYbRq4aP33ISP3HodVrQAP2GjeQpjrQwj1TF4mgMZweA0CevDMxMEBm0vdlszpJnIOAB0rayYWDWOzczM8dRbXADE1K6TQHlN6JqD0xnw+lngD/7sa3jl2Dx6zoRwoA24SWzLnGUS00orXWhJLBwaEQORyeIyCRyqKGggUkiUmE4Cy2JtGctMn+MySTYTvgT5CMyojGoyvkg+KmWjG0XSjfIqHGbtINV9rB2t4MHr1uLu69dh0agNN5tCxZoVMY5FjQoCrw6gIoBvJ3Ywxyu1Chw81sEXvrMbj+2fL5YDmMR6QPUVSW6zj8fcFqAEwwopd9kUjfbBYxZ8zQKPzByH8hwZP2g0UEuB7cGzTJJVCJ0szE7y2bnjIQ9qiBMFV6Z1XKiU3quHqhcD0UmsWxLgQ7dei7u2rcciXwOdeTRsG62mgxrHv6iFodlH9WG7ZuEVN3A4ZJ2W43X8CNJ0LfCrBRiLybuppUTmRoAEsqMyWNzAmFF8gm0YW7TR950GPv/Vx7D76AnMZ5TIGRPkVl5BJmbNn1mBXAo9l0Mn3ooftjhw0qspdZrMDF+p12lZ3AFPo4rNGpCUW7QCuK5TaENx8oj8I+N1NSekrRwczVNoox+dw5o1i/GxO6/Hh9dNwE3mkakeWg0PjaoNX8cYrfJ7BohmutB+C1ZjVHS3Hn/xBH6w51XsPjyDM2njXVDwd+sFDF3GVxD1Sw9XeqtSdnyBmbYwmLsw1m+8InW2YgKx8MTjVFwfVpJCR2dRc7q44dpR3HvLOtyyaSkq2TzszixGQ8IKLTghQ41k6YP1xAZcZdFmepmGhFQ4ClnBUfR2CnlyOce5MtC7cbhmGYig70SF2YJJXKgQ2Pcm8GcPP47v7d6PpDaCTubBCjjpYfb82UxciXXJTmRymBbAsguPpxiWeCxOvhgAsZg1KYZDmSOYhVbkTtmChtFz5cgyIteB1Olpzg4+l016Ylw8lBWX6i3zUP0pLB13sGPLcuzYuhrbljWwNJ+Gz/q+2kClNVbErQShncFNI3iECODjzekU3939Nr761H68fCpG7tYFEL1U4+7dLqKravYVB8xw+82EjfFkC3dDOxn67QC9J6wA5MxsMo1aUIUVRcg786IIeOPmpbjnxtVYO+lj1I9h9dkX1BivN+ERdyvlmVhNurYM5hgqtNm8MUDWxREY7zyoTkUywXx4S59nWEzKjO/iMAMBzTiF0F3++KHH8e1nXoZqLcapfga/Poo0H9jtFVyLfFN+WhoWG6WlcZnrQEpQeh/xWmZZkdEdEOV28VbMIZI8QyIxn5iRD003nSQIdY66amNF08J9N6/DPTetw3hNwe2fwaQboVJhl2AUmdeADuipzOWUZwqua+PQ6Vl85dFdeOS5ozgZ1dD3l0joY3V4Kb8kud0lb1fnsUpk/kKPNaBbl8TfkvU0ECdhdySHH1CYNUXa7qHhaGxZuRR3bF+LGzcuw+J6Djs5h7qXYXK0iTqnb9g85bH3iGwZQrDJkVOovCfGQ5Fd4WJJxCmyO3FWhjUi6EKZ/2qOfQg3yfSVBsIcBUNirgv89Xf34a++8ySO9yxUlqzGWzNdNEfHkUSxlNjCAhUQjq6SkzWO9MEuhSmxYqFxaSuBtpNB28N4LRqWb0Kbog8q98+YoQHyxdnMTVnw8vt5ZrcyE1RPWjIebl47gdvXL8Kt65tYWU/gxWcQootqi56uCoSTgDUiLZnEAXqWmXHcd2QK3/jBTjyx5xBm0lGoYDkia1zo1p7mHM2VU1jOy2iv6PIr87XCxKR6NB6j8BNFj7HwEEOG5VoRAqsN1WujFfi48ZpVuO+mbdi+ZgJ1i9IqHQRWhGbNR63ekBwpTYnEE9g2vBU5E+yda1Kj2vCpbsM9kBk9N1EE47zEOwpxkkTAQDo4xmOZ4TR5Jc6gDTZjFWrE3995HH/xje9jOvVxbD5FGo7Aro+i2yO9NRcCfzmNU9KLGRokob3EeaBh0eppVMa4Cq81ZFhQND7y0A1/25g84yMNK4dFGSA3R5y0oRKOijtY3qzg1o3r8As7jP5AMz+HUbuDsTCDyxn2CiEVXoZNIA2gYg+9AJj1gGeOpvjy4zvx+MsHkDoN2HYLOglgZ4GEYDhD09cXGMh7iyJeDR9j+E2KAdmFzGawYuX8NpFJ4gPdRk2fw+K6j1u2bsZd2zeLqg0VAUdDjUbFQeCZZZ3kYnG6mfw47rvukTRrm0NF/JFqhnY2K+NrLASgqgaa4tkoQm5pWB4CWe5SGBZfzlQdLK9F4roQ6jh4HPj9zz2EV96agttahqnYQo8vGjaQJn34NIySU+WYxUU89yKS8S4XtwmFPMFx4bEYEk3rx4RCfgF6LW5bMJz0skTnFE+WJ/C9HJ4TI+6dkW3M165ahDu3bcItG9diZd0Vnc4Rq4+G1YPvpsBIXaolekGb0oCJL4nIdAb84PUZfPG5vfjh0VOY5cGpjUJ3yP12MJrbiLJILtRLfqWrcWSX4b2KPRnnIfPl02RSZyCrVO7mMcyIup7DhtEYH7pjB27dthnjgSUT5HWbFGsLHoVDSIUOSUc2MuZvnMjxxrEpdNoai8YmsWEdsGQCaPoaFavNDilsktiGDIsRg+LUTJ8UUvhgBTowrFirJJf5MvFWFKHQwOl54AtffQ7f3bmbQQSZPyLyOAk16ETSh6Kt7BiaBFMQjQKxK2ffLumxhFhHwK0MhTQs4k3GsBS3dJHIwpBYxGYJBI4Z2JT3VvNw81mM1zJsW78Et29bj+tWLceYb0si3vIcLBmrS57AUBbnKeJGS8gaIzTegt7/tV0n8FdP78GPpts4ZgeIq01hxNqdPlqpxkROBoNCz7lUYL8MC7mqh7C/WswcSL+vaP0UQnKeawlmxtyPGJXIFOWpyBNdt7yGX7t3I9ZONtEMHejePJq+jYmRBkLmUMpD7nnCynjhwDwefXY/Xnz9bXQyF3W3BvQzLB7N8LGP3IBfuGMVRj0uUongi5iLZ7rRudHYl7kKh+2iGOF5hqUinSc5HL8qrpBKemxf7Ho5xee//E28dmIGMcl8dhWZXUGmfRGllYk0i/Z+5ZerNL3pRyUUphIKyUOX/EESdx8uKSMiYqJQ5bpcG+j32iIaRs6E7p/GaNDHndtX4EO3bsG6RTVUmLjb1OysoF6pmo0ThcuObEvWoLAYqRJU6QHPPH0GX3/6Bew7M4/jtovZsIKYhYACwlShnuRokv5jAz33akjCV2VRgydlaS6VKvNYExmKulBn0udDFiNPughdHlGzSOq2m2/CJ+/dgXWVWVjxrGCS4606RupVeB6JlhSy9UHq/SPPHMHDT+/FKyfm0NWByJjXtY1qxqGLKaxY5Ags8Vu/eg/8LEHL82RCUBi+zHNZEDLAyIpkSiYRkC14DlpHpj4t1G+55YHh4U++sh/ffOJZzGpfJmTpqViKC/1FMCM2qOmxLm5Y74pjFewvqSakKuS9mJihgm/uwMo5De1Ln4ty1ezb+RyN5mh41saqRSHuu3Uj7tq+EitaHqo5ZYI0mmEF1QahBJbOcvFJ6c0DwE9LR8V+2e59wB998VEcPHkOWVBFQn6WQ+ofO2o2fMuHo3zYqWGPZ6SfXtXtyi+88m3SRCEMAqlcOXrG1phLDCZPoOIOJlpVobucOfEm1iyfxCc+9kvYtmUlRq0ci/VZhE4Kz3dQbzSEfwW/KenOiXnga4++gq9871kcbyvktQmkbhWJ48PqzmLUVhirAdMnDmJJQ+F/+R/+C3xg24SRkZRFCAtK3uUoII+OmYgeUIQiFpJQFOqg8JkG9r0N/Os//gZePHoaaXUUfbZgyP5UNsgSIDecU2uKhelVTTeUpDEzvFES4Qy+xaBNDIBDDY5My7DcVdRFsFMEaQfrl43gw3fdgLtvvBZjfox87jSatpK2jOdXAeJclBMi45jeRkEYF5y0Ygr+4pvAH315F5595TQc2ULPAqEHh3LYfIRgfiQph8g0m+5E1i+dvL+7vQ1quCs0SxmjFbpRTkMisdIxewKsPIKVdsy4vKew5ZqVuP+Dd2DT+qVQ9HL9aaypKYyMVGEFFMK1MNtPYFWbONMGvviVZ/DE7sM4dLIHf2wZnOY42kmKSCs0XI1s7iyy7hxWTpCPZaNz+g38wf/1T7F+0ix/4qg9ET/PCwQFKCC1QkrJLFa3Et3Vtngjo37LpdvfePwMPvfQwzgZK3S5G1kYoDZsZcNVVHwxJG2OmF3q9q7XKaENIX+V7Q/DiaFh0al7HEEn+Bn3KQ+LSshxrAR5fxp3bVmF++/Yjq3XroGO5uCmHSwZaWIkCAQopQBsAcUJw4LwTKw1OsyVXGDfCeBPv/okHn/xCDrOBIKwJifDTdsgNTEk10hr9Jm0kw7jN4SZIYTHq7pdvWHZZKAK0zODx26Co+Fz5C7rwknbGKvZuPm6dXjgvjuxYeUopk6dkkmka1cuQSXrw3ItKN/BbKqR+FVJcb741T34y2/uhFVbisRq4swcuw0eqq0aelFH+pyjrRqydoT2mXNYMdKEE83in/xXv44bNo3gmkler5x46sIDG93Mg4v5R2E8GwKnleieJr+KX4K2NtUF/vCh3fj6ky+g7VUxyxDJGUCe8NyCpzR8kRiykEkP6eKldFktXuxcaJ68AVWVEaus/Dh+ZUOzF8hp3JCfq41e5xRGWh5u2roan7rzOqwfrwjnyeJgZSXEaL0lV5LY6vDHEf6WgTT6dh2vdYAvP7oXX/jKd2C3lqHvNBH1c4R+FU4SI2Sp7nBgVglDls0kHYTSxtBscV3VrViec6XPJTXArRitB50hIA8q7cLmMIeXY/WiOj5461bcddNmtDwq3syIzhXD42i9bnbvUTHRczCd22hbFp7edwaf+4uH8eqb8/AbK+AEI+glicgHCFU76yCmEdeqyNoEnG2saI0jmTkDJz6FP/hX/y22rjY5aoC2UQNKaVjFAKu0jZl3C+e9r6kHXg0bssHgyAng333pUZEWmveq6HgVKdPJGgi4ByhXCDLmIjYiSutcwrDeDbnh9lDeTX+w8FSi8+kKoSLtJ6j4Fqqehmu30Wzk2Lp1Ne6+ZSNumrBlLzLljVqtcVSrBPiMBLnwvviqHOoWwJuWRmCzizaa+PwTJ/FXjz6DQ2+/BZ95mF9Fr8fhghpsFcrVZ6499u5TWfitHYJ/bFW9i3t+V6MpduBdhWEFQQP9bldyq9DNoWMCnhpb1izFPbdswfZrlmE8zOAlc6i7GUYqNurkTRFKIKTi++gpjTnbwutnI3zmz7+NF14/h17eQpRXYTkhQp/IUw8qn4dr92TXY+xXULPHYUc+nL5Gw7HQOfMqfuWB7fid/+xuLA4z1NAWzMpLK2bsnkmWJGDFUvZYad2PE/ihL7SYFw908Nk/fwR7jrQxZ1UQBTUoZm22gs+JjkzBT0hKs5F5Qsoo0nfTuyqL8uENUiXMX3qTshI0+4uZr5VtHIZbyjLmqJOZ15/CqsUhPnLvDdi+eRXGauRUTWPUV6hWm3DdEK4dchBGbqVyoGlHmU68cLOzFHtPxvif//iH2Hv0DNzAQTfqI6gS7DP9UBd1Af7YxBabdLhrhl2BfiE1YFgcV3YztB+DmZg+X7kQaZjrYVRiin2JRYqgMoXAr5p1cVkXnupisuXjluvW4Zbr1mPdkjGMBkxiODWkMD5SRSXk8WSOaCps5VQwnViYtYDHdp/G7//JVzGXV6DcJrRVEdGXLKWQSwLXUXA5Fue4sl5GZT4cHSLrpwgshdFKiqp1Fv/jb38c9960DCMc880zBKy/iDnw0PiMREUojCPNeUVETMUtG0/sfQu//4eP4Y2zdUT+KPrkJ/kdwOFkTQpqcLmpEekniC0aCEMU2wsPvJwKGcY0P42fjCQ8cQKZdGcZC5NClZu2UnhZHw30sHY8xC/dsRV3bFmFiRrXfnQQBCmqVQ/1sAWXnnTAdjWGIKCrlARsfZgdyd0+8KfffgW/9zd7EPtVoVvbkktRn5OuPIBF4I+jRlLbMHzFgM0t8v2ipjZo8xXfij6a4QOUK16IT/HPRueKrRNWvjqPpPLlRZHEkXQcuO4E/XNY0rLxkQ9sxz03bcZkzYUVR6haFkaaDTTqFUktmfqmJFXqCJ4dIUYDHfiiY/q5h17AD5571WxNY95mAZ5rw5XiQDYfS29YBtryrNhCxilqJRoWFTfBqJ9i8/IG/qd/+HFsGAeq3HKbpCYHZajwCZUWjZx+T2sKnUQ6k10v3999BL/7mYdx+EwNSTiO2K9DeV1YbgTfzuBrLmSkZCC9lhKUna2cgTqVKKQYtTvzHhcmPqaxKUp4qrdv9QAAIABJREFUVL8qJpHL9bacQubVef26xfjF27dhy4oGJvwIY1VLcougGgg+5TvhADwVW6WyS9EiMl1FFuLc6g6cnQb+yf/xp3huto4+N2JRbcUhgZCNZWb4zNcq4rGkKyCGxYqXnQFegUbn/eo9Fi8+M5pujMv0/MQzsiVGGcqMDI5U8CnSfoQoSOxt5hS2XbsCn/ylD2Dr2kWo6D5GfIXRahVV10Xg+wICi2yGJp5EjnsC34rQ1VX0rQDf2nUKn3vocRybTUUkWNo3JF5aSi5OYopakZ1C5FzD4n5tSlg5nEe0keUxHA5b6C4mggSf/uUP4TceuBYNDdREuZGN5cwUS8WVZ/W6SvskxFFdxfHxwz1v4V/+27/BwVMhuk4LfUoDemSKxvCcHIHtItQV074RxSHjsYwhLdSCw6FwYF/Fm4oKMXlbhS46f4pxiMhajDVLm/jlD9+GG9Y3MeamGHW7qFh9tKoO3EpTgrlsWS6+jwy9UsfKyZHqSF6XI6g9VrI28PKrbfzX/+v/g7nxHbINK03bcNlrdIhZuYbPRW8lbaQC4hNJJ97pAY23uXLDKi8sMydoDKuknhS0E+kkGHzKZe6p6LnIVU9QszLcvmMT7rvrBqxd0kBFt1Hn5q+A0t111KgXUTARaCz0FjJ0LZOckXRM+nDw77+yF3/2zV1I/VHMpy68aogkS2QBKNF9kXHKOXJPbXgWTqksIuBx5CAJKdc66SDUfYz7Ce7YshL/7Hf+LtYvMsueBFtjCHYMVdQk73GiHd9FL6PxVLFr3yn86899F3uP5JhDHV2rApB16JrqgShwQOiec2m0LVGSMzpXkm8VCjIXbuk0xmUMz1eULTQszFKB2EijpXKlrVsxgv/0E/di7YSHZc0ck9UYVTtG4GrkHI5FaMi7hn5dJFg0LI1ExaJDYJoc5kt+7dv78Ht/9C20x29AR9lIknm4HpvYNCxDEbKlP2laTSZwc/zdLGARvPsqtEuHw6YxzsKoxHuVvAcOmaTSnqHHSqIuHOY0VQ+3bVyOj957C9asaEL159BwY4zWPLRCB6FrmASiYSZ7pC2BVgQJYl9PRYjthmyx+OxfPoW/eeoAkmAEs7GFsFEVKnWWRabiVRYIxmbUHOAASU7uCEkCvmi/cvyIQHXDU3CTaSwKU/z3/+BT+NjdazDmAaFw6mlYBj2Q76Z0LKleP0uh3Br2HZrFZ77wQzy++zTm0MS8VWVSBTiZuXPaRhMoFTKXbKJi24E/TRPapO9GScbczDlZELjwc0IXhpVoZK1NVkRw0kUPdS/GndevwSfuvxkbl1expJ7BE+oGd+jUoVBZmNwunKS8BnFVnUl4JdArjA0Af/qlXfiTrz+Nmfp2WUOXZm1jVI5Rc6FsktAEyw0UwqYoaXVm0InH98e5LXiqYlRKBGnNULrKYvhy1XMVTIJlSydxw6Y1+OjN67GomslsIzG8ihtj5eJxaHYf2O71KNZm1sawuyADHfIhuWQhQ4QKXjzcxucfegK7DpxDz66io8jDZyg0wnLCCFUWkoTicvSizDtT4b0xttGT8YWZfjRDG+n8afjJlAiG/OPf/Ci2rKBKtBbNLWqTDoiAWnelrUnXR8WY4+eAP3noKTz03Zcwo+qYRx0pWymC18s2PFN1UPI5Y5zm3jxHOFjyk0xSUeljDmP2sAzf+Usvs+HS9Q7W4/JgGKt3OX6ft7G4oXHvrRvxyY/chmWjNkZCDUclsJ1GQTYrdMZLHl0xkmSoP2Z7Qqn29dSzJ/Avfv9LOO1tQcStWKoPy+ZVyfyJgvtcusQTTjzNhAZD1SmWgsvCgKsBOotK0LxS4bEKC5UFA0aUlplzIGu5UkHXb9xxPR68fyu2jAKjzJ+SOZnGrgcKabctWJtX5eKmkiVC4Q/zfXlnV4TlUAQXu/bP4rNfegzPH55BhxCwU0E/i2UXtvHKPJ0isSz6ohy0EPMUgTUXiowG7rCzHSksSOX2kimsWeSJYf3qh1abBZvkxJD5UlzoltbzmgK07OhTpYDi/V/65iv4wy9/H2eTEDOqisQLkTFDZIIsiVoqUzyOoMKsGox34nADPZdTeC8h40iYNMKr/Ekj42e3aVgSYow3MzQ2No4SBFaM3tRRLKoDv/bgffjVj92NZgiRkebKM2kriiCLkrBRakuIt7Rs9Diu5HPi13gsduF/5b/8v3EkWy/MUaXJqkiRqkgkDuU7Fa9rjKowLtkfzc94PqB7RZ5LBNVKhmlhaMUiKaIMXCRrAFBbwiDD4m233Ixff3AHluQJVrQUJidCaG4MIzha5ckrOnPkR0l16UBLflNO8OXQ3JThh3j+tR7+zZ9+C0/tP4UOKEobAuS1M9mWjRJKQp2wQv2qUJFFyZBrji12M0LkKdMFkyFWODKaz0J3T+A3PnYr/vk/vh91G0LJcYRnV0QppWdEFqTf0/DCEelY739T41/92/+A5w6eknCY+i04JPd15sw1QS9J5Rl6rJIuU1h+qfBLDrwJg9wab8MrQiaNzshRG60lY2yst80uaLYkqEvlZl0R5IjnTuE3PvlR/L1P3i4bQombVOVk8OGRYC8y8yZ4Uam2ylV13IRlIsXZ6Rx/9LWd+PwjR5GHY0jJb6/4yHSKftyFLSNRBlA1hsVVvAUDQ/KhkrK9ENYH4V2S55I6VGZOC3k+T4iRxy6ovOVD6ARIniuWSjFpJu2Fx4D6EkubHv63f/hxrB61sHSRZ6Zs2LWlQrLMExTeSkIhiYALY6GEdxWHJ/wAu/a38buf/xqeOzSD2Guix+ye+AbN0GI6wA1lnJri6jt+OIrAyBSt3IVsScqxxYUD/F2KZphBdU7g3htX4L/7rV/C5pVVjPq5IAYFiwpWlJ7WAYcFlI84ccVwSfz6868/jS9+8wm8NUfq7giak2sx88ab8NeuRJLMmVExbuAqkqiyOiwT9HIxUwk2mFWzLGmF72pOogjJEr9l+DTaEbJKNo0wVg8QzZ/DokaI0Erx4AMfwS/etwor67w6zJVu9qiw7iHUIJhDoTZn1gdJ8GIjOuem+zn8s88+ikMn2ggqVcTULvAoi82lSgyLphkuJch5hkXQkbCKCRtlrljUPsOp4wWOrFxus6AxX5K1ByCyFDNDC4xJ785SwZdGQ2ASZ/F//vP/BmtXVczm05xVOStqpiA0rGJgpXgL47EKPdhcIXUDPLN/Hv/vn38XT+07hdncR0addl6Vcg7MhKaEQplBKIYhRLNDGJtCOpDpRO5/JkiURCLNTfLf8nqE3/n1X8An7rtOpJ5Isx8YVj89q323JjiOLE9i6HCAvYdm8C//3V9g/9vzODbjobZoA2Y6sXwop25Ls9Jmgi5wg2nclpk6P6xwiGT8jznM+TCEFiSfvzNfhmrFlMMmWOdZVHbh2qlY8okm3XYaicbngx/5IH7tw0swWQUC33h0JprMvYS6zANTlkb882AcSWFa2fjfv7AHDz28E65fF4Y2q2CW6AnjKvWyOD5e1JILiTwN6/zF6gsFYuGFymkaHoCFr2oOR9G2Kn+YvLJYACDdAlMoGIdJilAmxQR3CbbyKSwfdfHpv/8ruP66VZgcMRPu9NhyCQ0PyAyMKxWKDRv5PXjYeyTGZ7/0PXznmYOYzQNZzJ7xInEZ6piwc8yvOBdOKOIvpoXCHYtcHmrG9ShpKQJuMm8aS74X9N/Gb//KvfhH/8ldWBQAlaE01Mp0Vyexgm/VpTXCY9i3gbmMqny78Zn/8G2cbreQesvQjh3BP7yGizRiZUVgrdjXV06NFMm6MSz+G7UuhwxPjna5R5UJc3GlCPfKlQMScIw6y+BKYpugWQ0xPzuNNcvG8cCta3D/7RuxbUsotsl2Td3jNUX4eOjKG4ScHCqP0PNq+P7BBJ/5s6/j8JFTUE4TcFvoxAkyJu4eDcuEB3mq6EybfMv8/dKZlekuFreiKi7/Kps1Sq8uJ7+kDC38lLSAs5h8nGwxyWHnMXTnNBY3PVT9HL/6iY/ggQ9dj6WcWC7acoKSF63IwaCQlYjqssuNZNrHWzOkQD2Kv3p0D9JgFD3mMUIeECENkx9LyUuZKV8WP4lrLnYWUbtVEEYZC+OxYB6SwVU9NPMpfPrv3IF/9Gt3YzIEWkPtVCvViWZy5g+AQSBxckR2ghNdC7/32b/CI0+fwlSXUy0t2GGIKGuLmrAbMDYzTJQoexkpynyixALOPyusWkznWNL7gSS2hLJil2HIpdqU4WFpHEdG1yrtYkRN4Rfv2opPPngfNq13RbepKqT/XPTmyRWTMyTJPdE7us0e5pWH006Abzz2Ov76q4/hxNkUdjCJnAsMtI3UTpELPZJ389nEuITtahl16KJBPWxi/GaUDShxusHPAhUWrj49ejHTTNG6IcEAOXakHXP8TOQseQxo6Bxv686CwoEVL8d43cLH7/8APv7hW7F+idlAHxbyl0yLBAeTKBCLKInN9byoiZDJv/mTXfijrzyJNBwVoTy/VpXhUy51l+hCmpKoHQohRrZ8SVtItCPM2F0qi5n4b57kp+ncFMbcDj5173b855+4D5uXOhgxqxbNdRSpVHuWK0gCc0eq7uRehNjqCUD62rE+/sXvfh3P7pvD2JJNODk1A2UTMM1FB2AYcR8GQc+bXCl6hcWxNpf/YL8N0/9S19m0gwhhZEks087EerhPOQwDpP02GrotCPRtN1+LT//G38H2TS1RiHFzhQrzuFQmwqTo4ZXrcx2Xk2KmnyCqNXHoDPC1b+zEoz/ci5luCL8+LltHYysRw2K1aCpfHp4FOg+HOsqDNvzdSh1ViYKDLRJFN0LCiIFnaFrceiHSTrKscsGTyZXAtIJakuIxmD9xCJgjWakIwFWJYU1UcNeNm/+/9r4z2I7yTPPp7tOnT75ZKIEQIsjI2CLKgMnBgwm2yTbGcXftnbhTNTu7NVv7c1NN7czUuGbGsxNcyxhPgceDETZIAiQkBApIBBEkEAgByuGmEztvPe/3fef0vQqMsVlgsKouF+mGc7r7/d74vM+D2z5/FRadnAdpq2SNltfMQiDPA9HRhuUisPtkg/3+FbvwF/cuw9ujPhrcJ/CIv1NDb6PKwdZCHCuFNBqPlbaRTztw2JJJI5kji2E5BeSKHqL6OLucuOniRWJY5873RCpPVaxEz8RRSjEgUS7XVVSECYS5JtroxzhKWL8lwR9/7yHs3NtBi0PoAtCiGpSoKPVmy3LD9doXq41szqVuvLr5ivCDLpVGpDrdWhZGfoStCWrp8TMrHIHmxpHwPZXTAJY/gYLbxNlnzcMtN16Ky5acKaeF95VDch4cGlfIEE9eglyERuCjWajJAsGOt2L88L6VeOqZnfCtEpxSP3x2vQV/r5Zo5Y9+n7ZApXsyRCqvNCm4IUBTn7sjLmM47Bel8hhld9PQaeiqR+U0HKbTqEKdJ7LAYXhyi6p/6I/BiidRTOo4oerg/DPn4+4v3oDzP1FFWe2kSEIv10pDiDriwmJnAOMx8NxO4E//fpkIF9jlYbQotsRoIDwMvPfsy/CFKBlnDItBk3RMbcG0UWiAEirgSI1SLHaKWjSGL1+9BN+86UIZSvfLhEmnEmT0Y8OHwBHzJ05D+VWxo1wp57IPrNiN7/2ff8TeQ3X0DY+gHlMOrQ8JgWJUUKARcAWG9TWNImdmbhpzJSJLpmFoFgOyVmnwpNr4xKh0NqhKF7HMfOSjv0jIro/G5D7MP2kYd958Ha64aCFm9ykQGgcECozG+6zCNgoldHIlkQnm4di4ZRJ/96Of44XXdyN0SeafwCmW0ZabbvjtLRTyBUQd0nNrojTNYKPIOpTXUYRwplevxizduaLwYenvNFSX08dDMrHoflGFQuE9YIx3SPYj10C2ac+iaHmMM+YO45u334gLP1WTa6UyhpeQgpMAM3rJDppBGSgMYX8b+P6PtuHv7n8YqAxjtD4Gp1ZFTLfeCYECm61FIGSoo4gUw6ASyCL9FD2tT9p1FlmVfkSToyiWbFT8A/itO6/FbVedjbkVoMbYLHB1zl5TsogyBGmFX1bw3NaJUqQuh9MqBdrfAH70z49h6cOrcXC8g4Y1jGZhHnK88X5bkmyTfUqfpasuoXIVmaDr/UWVvGteAvGbGaMSI+qywGqv10uMi9x9bNWRpCGGh6pIKd9hdfClG67CV28+FzNKajBKLtZkYlIB33hQxhvIzzhRtpB4xbyeNZvfxj88sBxb3tiD1KPXKsBvR3CrJDuxEDdbsAsltQETEhmpsyNpqCrDEt545Vd1q0NJqOj+RzYdO/r/G+po/dXujJWHMGL1SJfEcK68txwSKrTmAyyaP4I7rv8sPn/JPJSp8hqOYbjCQ0EapUnE9iAiawQdB1j/EvDfvvdjPP/GLkTFPHxWfVW2mQjLSYHiEBB7QGcf4EwqdlBdERIpQgFfthwcr4i4M46y42N2oYnfuetaXHPeqZhbAypMO2isbIYnKbcIGY40n4LiA0HAstdxkOSUBgU98/468IMfLsfSn6/EgU4R7dI8mVcFvg/HVfiipNNBrlRCLN1cvW/YTYTV35m8qwReR5zjUUBOmdGxZG2hUiK4z0K9MSoV31BfAUN9Hs478xR89ebrsPgUqlUR7QpEE6MoMS5SJ9D1ROyxSS+cB/ZOAo+tfx33/vRRbH/7EFrces7XEFsFpClVTB0QcEfslsifZA1LA/g0A1cGtWAMzKAYjlNOTjM1GX2Zmao8VFXckO1FHUNNNszOuD+GkT4XJ1QSfPnGy/G1L30G+TBCxVEeDUkTCcgUVBF5ZH78ZPke/Nnf/ANaXPp1C2iS0IWXla8BbhUIaRhNWG5HemZiCLpiJF0VyXF5NVzicOMJXHDqAP7drZfjnFOGcOKAjRL7P7pRLR5LjULZjlcJahwpIrEOhYLKJRno8oOJ/ctvhPinBx7B2hfexlYSZnHKTpqcXE6qfZLQi8vTHOgqmqmqqjd7O7phqZxs+t3O/D1NMXvGMPZs2ybhd2TuTDQa49L6KLqpwDrIzf7737kLZ55E0aQWThwqyYBX2OsIS8m5aPgRvFKfcNOTkW/5mjfw9/c+iO1vHUaupCgvbbcPrldBY6KtxNCYyHTRoMyFtNeVRm+GnF91arXH4v3UIfRYvkuHReOppsCNBAnLHEzJ7aWCNOX+YIiC5cOf2C951/wZZXz1S9fgW3d8VvJLUrJTJtgPOZWoyB6DXQbGOsCf/+2j+MkjK1EYmImxVox2K4ZTnSGJu8h1EIXKAoazYGlF6J0EaZ5aiANWik2UrSZuumQRvvmFi3HygI25Azm4eVaXCnVgpWmbKzPasLTrIO6ceB02Q6lebltoMHQKryiTX+Cflq3HD3/+NNqEWjguxurUDC6jf2QWxoms4xqWyRX0PoFwXolDV1wNOj/uhsLuvT8mkiAFmg0MjAyj3e6g02iI4acc0dgxym4CK5zEgll9+M1v3IYrL5qD5uE2Zo8URe0qjSbguS7aUYR2ABRLQ5Jzsaf6yEoa11K8+Np+oDCCQnUWJlspgsBCabCKls9xlsoNFVbHhEXFKN1rZJk3rw2sKzN8DMvK5FvTqS7p/ZXCAqsxreUoNku2P9Jnt+FGdaG6tNpjuPnzV+I//4cbBYySY/5OGtKUrQIbhG5x5P7arhD/80//Fk8/+xqs4ghKA3Oxf6yNILJgFcrCvKjlKtR1scAyGCsKP4Vt5KIJzKwC3/jipbjlysWYUQwws2rDojPRarCWLKwKbYhufpnuKV+AYTBkv6ogjb0mqw82xWPgxR3A/cs2YOnylRirt5AWqoicoijPtzj1lWOu+1LyOxX7HD+4pMCP4xrSUY0rBQxWnalsmxz0ORTyOaSE9gYNeE6IWj7ESNXCHV+8CjdffwHKHkSyI4+6JKQhK0xRXCcsuiANUg7fly57Cff+80q8suMQotwgYrsKnxsoXl6WWTMT1u7qmupSZ1rO5rh0GXinf+2I+Je5D2ZQpLH6LCT4UKX7qWgwuzMk0iqlIYZKOdQP7IITNTFv5hAuOu9T+KPfuR4zqVInZGnKLgNBdChI+fot+/DXP3gAj6x6Hl7/HHj9szDRZrHmIslXFFrW3H8WY+zOsxdFzgw7QMlqYfGpM/CtW67CkoUzMFKMMFBMQSgyZVrkgKSsCg0fjQagdV0JIbKRL4S1fHcBe2W6i1CnstU+Yp1WYPX6TWjxscUuRtsx7GI/EoHy6nmWvrfGsGLhxVLIoaP+mV41mYukBgyLJT9AzitLfZCGCcp9ffA7bUStSRSI6w9HMVihmoKNiy9YhK/fdSPmDgF9BNSkbQTtNkrFgnzmze4EKZxiPzixenTtdvzk4bV47tV9aCdFRHYZEyHLTM7YMk3SruFnDWuqkbE5+gsxPuhZpAqHMjjVjVca2vTcjaiEUNbsSzl6sBDticOYN/sEfPGqz+Lr1y/G3Fkak5a0kJLuJE+AZBEhili3eR/+6gc/w4YtbwKlIXQou5UkiAtDiHJ9um2klUmoWkEwYsrypo2hYowvXXMBbr7mAsyuxhguARWP6FUqdrjyVq00JdiGJVTGu5inLdWPgpQo41MtCRoxCwlWG6+/A/zoJ4/g0ac341A7FQ4ALnomdlF0jVldIWA32xGEAxPCkJWNyARPzZ96HuyYsVBuppPPIxaFJYYI+nh6LlJMK3GCQq6DNBhDGoyiv+rg8kvOx9duvQ6fOrGIKitqpj1hR7aKRbuHZJQx9QVdHG4B657fhft/vhqbX9qBZpQTyu06r4nEXKTdFnEAnmL+XXoBGa+lT1E2BB7rcqbn9d3vM9ggha7qeasefaOEK0qWsF/VaaGYs6VJOn74AE6fNYSbL70AX/vyORjoh7DtVJwm2mEdBbcIP6wJYmvrGynu+aflWLH2GTGswLIwHlHJbUBdj8u2juKIyFsxavkEbjyJuQMufusbN+OCRSehYjUwVHbg5bjhU5R7qHNpQXGpnkLG26tEWmOV5OL0g6QB8rCwQONrOsCrO2Pc+9NlWLn+BYyHNkbblvTAHK+GMLERM6HhwmveQxqz60xD6FWFylr1i8tLGfzSdH9m2hD6vUi4zUz5ZbIfwLbbKHkx0nASQWcUw4NlnHXKHHz7ps9hyVlzMVxT0tXcCOL+IhNiaS2yDedRlxl4YuNuPLZ2E55Y/ywOd/IYCyuSAuQ9YpbyaHcCdRMKJWVgpuemhzfdHOzdxH+O6baVx1J/sqHQwJszPRp5OkRJqM+FsIXZ+RR33nwpbvz8pzFvNlC0xhAFkyiwyAoqyOX70Kb8307gkSeewap16/H2/v2op1XUk5qYQj5P+HOCoN0QOZS+QooThzzZFrrjhsvR78XSdhioElITCV17zLirBuoZw5qeDnQVV9UgUnImMSxFJk+uhw4XdC1g++4E9z/0KB5etR71yEWDOshUR2felSsiCFKkAafqBVh5JvCKI6G7gGH6OZKvHMdjyXHgTc1CZEwlpgarbA7mmMHGLURBXYhuR8oFnNxXxe03fA5XfPZUzBxQWtasogocQMcBHJc7ddzHs3CgCezYdQgrn9qABx/dhHfGHLgFUo/HaPoxbLcImww98uwzDdHMJFB5suNcy7GTAW2oZtl1WqVpXs+QysqTVL+Mn4rcIk/aqHktfOH6C3D37Zdh1mAkDNEWwY0kLXaq0uhnIbjnMLDx+R14csMz2PjiTuweC2E5eanwiU4pelT1iOGlbVyxZBF++1t3oJA0UCvaKJM/y2NFyOVlaakew7CmXKyZ9puSmUYlMhXKydBj0bhYReaAt/aneHD5Gix7YgNe2bEPxf6ZAnceb7AK9OCVajLoJHJTvKHggLLxwODi9V3KfKmbZokzy5Tz3e0Z/R0yiI30ipnCkBOGm4siVFMbcwaruPqyJbjx6nNw+klAgex1bHMRMx5zw4ejMiXCRMHKw5MNrHjyFSxb+xpeefVNNLjAWWbj0ZOEn3uREo67eaEaN3c9mG63HNeGjvZFgVOYvQGT25nPxtD030VKvuflKbxUIKwpPIzZIy6+esuluOX6JRgili0XCWgwr/HywmZABbMm8Mbb43j+lbew4fnteGnbdoxNNhHF3HlPcfopc/CZT5+BCz99Ks75xHxE9YOolFwMD/YpORymFDLn1AbOZYpu5z3rseQbeGKYZBsD0GzH7HkIcjJWK1z0XvyuHLBzX4oVqzfivgdXYO9YgPG2hdTtg1XoR5S6MkGQ75ZEJ+OxxF6M+Sg3nz3r3SJFJ7jdWVv3nOqxj4DYVP9IlEY5D2MlGoTIxzbKuRQFJ8BnFi/AN26/HucsovglkOdsseOjVMrDp7KGliJhb2bvBLBuy2488ugTePaFrRhvcz+gLBK8StJESZWoh2u4GrRhHE9K412t7WjN1czhE+c+3ej4Foj0CFC0CfVuYVa/ja/ddi2uu/xszB5iWBQgjJYKpsKs4g1rdtTH27sP4+XX3sTB8Tp8jucsC6eePAeLPzEfA6KKNorZQ1V56WqtJsRPosWoNgLVE0l0u8FsIk/BHUm/xiSQClmpcjHeRIaPUPhAqeHX9mMEDAteDocb7As9iweWP4kNL+wAisPy0eB8iKLe7IQLqO4oHkoG2b0F9GzxJcbctb3sA9QPgAmzaKXpoS6btTYREoodLAlI+pHARRtlu41zFs7FV2+5Bhd8ahhD3NHwOZYA/I6PvNAHqEZxki/iUBPYvnMCj69ehxVrNmHHnjFETgWW1yfybxzQdvWBjLcR/LRWNX9XIzr+NxiuURNZVbWZvX+ZWMhfxXsRdDDMVa+J/Zh/QhV/+Lt346JzhuDEgTDVcPboU43CKcJxSmQnQuDHIgbRjCxMdmI0pfCyhOmmaDOcBkI3WS2SFt0V6TwqAwhkXuBLXcNqS9tS9Z2m5wN8wLRH45KNYRm7DCQG224OZJ/jqSXcl83UcR94YsObeGDFOmx+5R0caFpSuiPPYQvzIK6TscuDYL9vAAAgAElEQVSrJTg1IFCFx947yepAKx+Q5dbSHXA5ALpRqbdtFPOqXrTj+7JzSCUhClHIkwcqgNU5hBOHPXzj9utw5cWLMaMGcLTIhQG2NVgFtttN2IUq6npx5e29MR5/6nksX7MJW3fuRzNyEefKMiqSxdus4fM9/RKGpfBg/JUqlKh1CfX/amtIrc/1sivzVLUXC2N4uTyqdopw4iCuvXQR7r7tCpx3Vj8KTht5ixhTtZjSbpJ1p1+Se/as6qGNBr1YmKATRqoBnSMGrIOhWhmR31CbQlq7kYGooJe5jvBYR0+aaVjGg+ikWZLGBFHCJFlJvgoBl/AAWAjiHOK8Dfa6Nr7Uxo8feRKrNmzFgUkC/PskHksTihchwH59wmS+qGdHqrJQQgLdw6w2beXdmFaILAXoJFeMinMlxa7M3ThFiaS9mDx4PpwOHMJQLMUinAsnceVF5+IPfvsrmEUyQL3YSwNLQhKD2EhdEphBFjQ4Inlu6xh+/vg6PLHhBUz4FgI7j9CmcelhvjxwNYwnxNf8kUefXaw41gyrO2c1T0UrxetDRMNSQ/BjUFjy5ZkPc8KQc+BGHTjBftx244X4j797gzQ03XQcnsXGg17MIGtMyF3LBHBLCFJHRnmSd/L9RKT5jmHFAXLCBcCFFBcRR1okuenp2/PZMTryDBy9xDenpXcqVP5DaCtHM4rgX483BJDEo84XLUrF2ASw9S3gxw+vx88eX4uDEwFQGhCi3DCKpGMunV26CA6K2WU2EBUNjZd1Me3FlDqWeVe9cMgbrdIvXYbrnUVltDREdpPJOUHDagFJAzlQqd5CwbHhJClmDw3hz/7Xd3DabGD8AHDiCJcxI3Sa48g7NlxPiV1yAWP/YeDgZIxH1z6Dv/7h/XBqIxgLbEmC4fUDXp/iQ++Mo5C09DyRm1YE+rGtp9btBZ/GLRmRkxfRaHUNIkRuINHqOrswIrlO/fesSzdGqhmVHScvfUTBWiQhvKSBE6rAt+/8DXzr9nNkAFwjQ7lfF0pKvr6QqHGtTGPoTdrdy+Q0/t/I1PRUrKfUxpaW0vmFMwAFFVESsYp30iyymlyMsrOekOzSc3EEtGzV01j51CZs2zWBtlWVRmdEzLxjwfY8JDSwNrGzmm9JLlSpzwvvZUrstVopVydfHYkpKa6WlFVfz1QjvFmc4Mv7bABxQ4yLSDSXq+R+isFqP/oKNr555w2464szBB1RQISSw6qyLTc8DC3k3LIkuVz83bE7wM6D4/jTv/khNr6yE/nBk+DnBtHiRkriwXMjpM1RBJ023FIJhWIJnSAUQjW5AOLWGKYFSaAWQ+XkRhGsHFEn2qFPW5iVUNhNiE0INN9MmHMsYgsJh/9MN9IYbtTEYCHFuafPwn/9/a/LAeJihs10xmJu5cseoYiiHtElUa/RnQpMuevmCfTaLu/ZsKZasoK5qg+Nf+ccLs0J9ye5wKkA8c4BYN2mbXhg+UY8u20f2tx9y7mwPVKBK4V15XfNFEDtyCtckAqJkk11MXHZMrZ3NnqGpr8ux42Jk9agTZuCg+eH8HxaLmrlAYzu3odaKY+RmoOv3nw5br3hbNTcGLNqDpyYgEGyJShsOKuoXMERjtN6ALx1ELjvZ6vw8BPPYH+Dmz9FBOSX8jtygEhDwKE53ZVNeS0GHE4MJIXgdSqPJUYgxTLL955Y6PRN7KmGpQ5YzwqZQnDJVtPQcM2NCYQ/iWouRL/dwB9858u4+wufFDCky/w27iBmqPNqSpmte3CnBPH337C6jeasr9N7clKRCM2RjWYQS9PRKaqAOdEBnty0Bw89thnrnnkWo5Mt5MsDiKw82uzWkeipO8DW4dlYijRReyBBdfGZRQ6J0VPeUOYGKeit2sLhnJ+LBIHs5wlNJjNVK4f+koe0PYp+r4O7br0ad91yGU4cgnB28aU810MkPAfMMUn144rnYhebxLFrNr6Bhx59Cq/u2IOxRigUlS2Cv5g/OjnYOVcNGfh3s8Gj4rWCCgpcW73tbHZrknVzgao6NMbUvUHGZYl3lxYIkx+BoPKSJwRuU4pHcfk5p+F7//3fCqTb8gN4DnniiaurIGHfaIrH6h1gxYY9/UD/Cj1Wt8F8hGWra2CNKN0J4RQgrE86J5K4TwYuXnitgWWPrsZTG57H3sNN4bLyKeRNNIFoByp6SnWF3S6W1s04Bh+ozhazptU1NEncifvR2hvcAqYuowY4Jp0EXrGGgmujOboXZbuFGX0WPnf5ufjmHdfitNkeXNuSD+7WcYMoikie4QggkLK77KYwr9z+Vh0rHn8S6599EZveamLSHoDrFRByvshiQg6PNALVRoysfnE5lJ6GBscwZkkLQwSiJEnPeo7M34/glFAPWRmWBm8SRCCGRTrIAJVkDDVM4Gc/+nPMHwHsdoCSLGIQG8U5b1YEeurr/v81LGNcOkRJh0qYX4w6qmoUEEufpjF8u09C5Dt7IqxcsxHLVm3E9p0H0YqLCK0yQrskvSGVcHN8pD2XVERk2JtOjW1io7kJ+ilko4MA5ljmsdXBvroEX8Gnkx/LpiIDN7Ipi9eaEIhv6o+iVkhw2/UX4u6bL8FJc6qqzx8pBmPBdfKlGO75O1xXqsZWABw43MCWrduxdMObWPPybuzavQ85r4QCYUVtKmqlItpgEZUpEn6CFZVN6JSwHsdG6njddoJkksZL6XTgmB5L8lFSG/F6uTauORXChkjFFKNDKPgHsPz+v8S8QaAqyGf2U3hfuFuoqR+PckLf9xxriscyhsXqWi/7yD/JjeADVPrpKnEO4adFdNKS3LQDo8DGF3bgoRXr8NzL72C8nUOL+YnlISKVDvMM0x8yFZ0YRuZPd+dPvxF9vLPeXGpGyd04SqKMbQqXyNLU1vB8TRMpQO0YBTuUhiCJOE6o+vjmHVfgpusuw2Cf6teQ5DJHASNpgvJJa1iLFMYO2r4PkgZvHXOxassuPL5qLba+xpEQpxX0Crw2T8IO9wrZxOWqmxQw3EDmsFiLkKugl03W+RqZ/FFuRSY8GSg4BZhoWHLdLAhaKJYsuK19WDCSw71/8Ufwgg5OHi7AjttKoZ4tGmmZHPmnh2Z6P0OhpjJS1qOQhkZQ03RtTCCjYSlmE7p56gxa0vOxnJJEBpboW3e0sHzVZjyxbgve2t9A6JTQSl2keYLHWGGx78WH1wFi7rrxZXVpLmw5uiKRvEWHz2y+ZTaQDYks9/CksqV+Mr1NEbEfCUsN2x9EPhAqgrCNIsawaH4V3/03X8FFS+aiJqx5hAhyvZ8jDzYV+R7oGXQ57lhoBz72Nj2hp3xnbwfLHn8SK1ZtwMEJH4lTQZutC675axI6bpVTnk/uKD1Wl6wta1jqonpnKWtQ+v9T1rqKjU90b7p9C/KWdmDVd+Pbt16Lb996DSpoYM6gJ4hUkqOIFHNm5ndUC3tfcyzO++g5ugA0tUVrxq8mM5LHLWMavRpGA7FjJMIQ46EdKGV1tr7e3AWsfPp1PLb2WTy3dYfwZUY5Uj5q95fn6j1DITdBFMEI19GlnCQkVvpCU72WujHadxnRAtIfGTSrsAraahyTXcFizpNw/JPCjUfR5zXw5ds+h7vuuBSzq6q8IGSOKhGUlBJnymG0bNIkcvqDoIVOUkY7Zu4IHJxIsO3NA3j0yWexat0WTHSYR5VEuZ4+nQWBkkFW9E9Z1MTU9klvp1EvaWaeP2ejfHlFDJWIkSjAnpU2UUQLn5hTwx9+9ys4c24fZpSBwSIzTe4vsHHGXmJmgnBUy3o/PZaIh5iQpCAsijdFbXJ0Dct4DWEvUYRtBPn5Cbk96bUKqnqhgFIC7BsFtr7RxkOPrsHDK59CyIdVqMBPUiUiRbCd5tnqLRMrOiTRIM5sWJsA0ZupqZGIUGoRjSpdZUUBJAyEbBLyprKXwP6Z4LAjOMFh9HtNnLd4Pn7n39+JRacWZZevJMJIvlBnKjIuPYWl/k/SQQyOvCiZwrCuBLBYOb6+ixOJPXhw2Rq88vouJDkPqXgWfQhsranNiYE+FF3nq0OgkpXTeZfxSPLZgsWWRkRJkjw67KRTpN0mlfokam6A737lRnzp6iWo2G0Mlmz0c22LKFEeXE2LdGQfa0ruoUNvNrHn//8K+lha7ihrQlPopqeMzMwTNjsIToyIG82kMWJzMOUYSBVJNC4KK217M8DTz76Eh1Y8gR17DqIVJHDLNQEQEjwYBITDpHA9TwgwgiCSxUqbSwc6hPQqKfNu9EqaZvEhp7wMCixym9KwdCXKN5NyeJ2nGjtKaQOVdAxzZubx+793N847axYGiiTR59HgsaAOIhU19JDcTtGJGnBc5nEVBL4t1eKEr5ryr+4C/uSvVmDTS2/g4GSA1MkjzeUVa49OXiVJ5ga2nojoANhL4LvsSMZ76M69WscGoXdsW3CDnHDtKKwLnfal5y3E12++BmfMHZC2ykhfUZh8wiCQylXh648yNp6a1L5/hqXWNM1QNNsU0DmXCUmmolOgBbWLatIy/fZC3xeOS36BDoldbYbGsQaw+aVduOe+B/Hq6ztxaNJH5I0glQ66YW5RFIwEpcniAMcjRok0O6BVe/3qkCeWhEJ+yGjKoroXawuGd66ukSmPYdeGY3kYdDpw6+/gjNMG8ZvfvRXnnDULw2X6ZmqiOWjVA1QrhKWa9grQDltw3ASTdVuECuiQiLj9/v99DvctXYnDLRuHDkwiNzhTqjZRik/p4fgeFO+YRZV3oQc3yXpmmiDbO2prvIvbMqtmKcUr+c+kKUhQzEWIOmOiB/1ffu/bmFUFyjbnfgFOGB4QY6JoPMF9EgVNyDl6gvX+9rHofLRoiUo2tdpntzrpJtQqf+kuTOkDxlRLXXsHSeyjQryKEM3yAlm252S5QfR96sA99y7FU8+8hGfJTGfXUCqXRPbEDyOQwcXN87Q5wl+uRj6qoOjmV13DsmAbw+I4ifkeEySP5CNtNbcslNVGq8/xZRnVYAL58Z247nPn4s47rsQZC2oYIcwmbqFETikKEDAFIJqWkVpLJnOW6nMimQLPPD+J733/Hrzy5n7YxREcmIxQ7j8B4/WW8hLiKJheEISiuF3jiNzzqrnZbYjq6tCINkwd0KlQSAGAXOSL+MDY4b0o5yNcuuQsfOmaJbjygtNhkygXbQzWishXqM7B+2YhcTjeOoom0REG9j7mWIbhSjufLt5akYPqEY/EfJocbxWNSwE/5B5KWa9mz+QeVSYUynRd+i4syeGJcTU6ClWwduMO/PMT2/DiGwexb/8BBblxuCibCA6dfw+En1wLcxvD6vZ/1JBcDIv5NT2WiHCGiN1E8WPJg2POQcWKPHKph1pnFJ8ccPCVO6/C+efPw2Cfj8H+FLJRTqYXh1strjTT+T6FcJjMiPWD2DNZwdLHt+BH9y/FeIuA7LLMEUnOQWVbpavIB6VQFzSsHGnPbUKRyrKRfYRhqSM4NceS960Ni4jZoKOWeN0EZ39iHm6/6QosOXME6eRBDBcJgYlQGaipnDJxBBHLZQrm7/KKUzrv0y3rfTSsIz2WmYlmDUt1SlUrUVcp2rBYJPK9szjkKEEooFnuGnfOfkrCKlPJ3U02FD57y9spHlv3IlatXovd+w4hJlwFOcnLopRUl+ww6YqKSYZZpVIxcFrPSXc3hQ+ro/o49F5RBIeiVGxeBgnmFlPcecV5uP66z2DmCXm49jiqpRjVArlBY/g+i5YScoW8YCA53iH/1tObNuGepeux9Z0GwtgWddOUoqLsXQmASXaW9UFkS0apUzhMth1qXzOssy5lK0cnxlK5KhybVORSbZP9hWofDKMBilYEL2yJyNWVl1+ML153GU6eVQKFl4lD6ye/rRPDYk4pPPcWLKqvZtgnjhkFu1/I9nLM//cixHseQvcqrunGnX3B3tvrYUKnNJD1N5if0bM+PWvsdtwJqYpTCTPjETAZWdiy7U0sW7UeG194HQcmIjTjItoJCe8Zh4i/4mqYfgDSbSe/kRCcq5KaIYwjD54QnlqmMvVRaSL21TwUiNmK2pg13I8rL/gkbrn6IvRVbHi5EMMDRDC11YaP+A1PTjyXSg7Vgc0vN6RftXbDi3hzLELLoTY1iwHV2YsJnYmpUEtPywQ9c/1dIB+HyKRVYh7In6MREBnLbjrzUT2ZCBpAWEelGCJvt4TuqIwmhvPkbb0Gl11yEWaN9Iv4QiGXIm8nGKiVNEmbSXgNU87UAdq7G9exv+OXMqz3/MJHt73er5P8rAeIY0LNfhUJy3zbERK1RidFJy1g84s7ZCTE5Y1DkwEmOynsXEEoD1klEv8kjHr8fSynBX7G067naHyhfB523IEdtVF2QpSdACW7jdNPnoUbrr0cF5+9CGWS8jsx3FwqrCrlUk6ElNgr4mknxcPruxpYs2EbHl65Ca9s3wO4NfhuGW2yJQqFpj6O4pVVKDPwMXPxWeixw109rqYJPo0jKQ9wqCBbVuDFKIUdNFDidrLTRNDch3I+wMJ5w7jt85fhgrPPwshQP1qNCVhpgMFaRei8PSZSEu56nmZKL/k9P9jeD34whpV1d0e7iC6NkQ70QqeoKCnrfgfFCtUpgElCoJvA3kMRXnhlJzZv2Ybtb+3BgdEJjE42pVJkDsZmI3FJDBasfByukrMnFpJINkLOIdgvEQ3lmQMFLF54EpYsPg0LT5mDkf4Syo6FXBjCdW309XGJgB3yCLbroR0Co40IT21+BUuXP4VnX6EafAGWW0M7yiFkvqcxVqqCozGZBEb9XSFipwEzeF+kmSwMuL1ChHBrflDwxM6hRG78pAnLPyysf5de9Cl84TcuxZkLZgqdAH+UjMvlgosS17R4Ld2Nh3+NhnWcU5GlXxQbNAx6pFhkrypHb6Q2Q3jCmTCPTQJv75nEm7v24Z29B/H6znewc9ceHDg0ikarJRFQujtmsYLd95yNcqmIWqWIU+adgNNOnoVFp83BybMHMNznoswsNmqJZ+gr9cErluUhB9xTYAO1CDy9eS8eXL4aL2/fjR17x+FDreX7EdfcHGlOkp1YNXW7iHWFmMl6ZW1c2pVo4jV9AoXBVkOwZYqhqFVLpDf3G7CDOhaePIJrLj0fF563CKfMG4KVtNFuMUQWMDRYE8ULTihI9c2CqTdbVHnRvwqPdbxImE0De45N0TAKxx8HtJxLymFXuBz+L3kl6D3aYYqJpo8DY5PCl3pgdBxjkw20OzH8Dn2DIwsgfMiVSgkjw/0YGqhgoM/DCUMVzBgoICf8DmOyxVLybOTdKpxcH+w8uQmUcPnew8DDq57BT5etxhu7R+FbRbRictoQUFhU0BjpvpKHns1gGhlbL4ZCXV+pzrt6q2+6JOO1cc1cLlTpMJJKKWdxzJTAFVHSADXXwkVnL8L1V12EU0+cIUukHgUp7QDlkodysSAFkgJiUOxyasvVZFX/agzr3dKsrFGZU6yahqksXAojlfCHm2VaVTUxyW/4sVSJocUFCBtNP0SnE6LV4FpXXimWWSk8z1VbvE4Kv1NH3kmQ5+p/3JZ0rFouiDAUdwhDzvRsYP8osHrDy1i17gWseeZlhE5VwIsdloP5InL5IiIhqmVvzJMCwKZ2jRiVSpLVppGuoLqLpmaVy+RhVElXkdDJUf6Nc9mmoBA4nyzbKRadOh9XfuZ8fOr0U7Bg1iAGyqxi64IOcso5VMtl3TWQ/Sn5XRxy5zRKdXqq/q590V8g9/pAcqxMr/i4b7Wr4KBvjzIsIyWnmVDYSJLZBUttFnos7zgmcoS5j0bWCiLJtwh+o94P8ypuFsnp5X4kGVuKeeRdEpfwxOdEVkSUsZCgbZXRdoCtrzdw/0+XYe2mV7Fn1Efg1FAPSCJbFGk2RemoAdSy6h9L2MmR+lqYkrU36vJdafc1pWeke0Qphd1dMcokqcO2mvDcDiqFRNbaz/vkQlx3xSU469RTkKe+od/AQCmHatGBTVXWoitDesNtpTZgFGZdLdxlmse/gMH8S7/1Q21Y0y9CbkUW7ybeyiiSaby9PCRFaZ1YVFnlZqTOKJhwaw8nD1xGPMR7M9/ig8jBD2LBQkk3jltQeeCdcWDpmhfx058/hld37Aa8QbRiD5MdtjUou8ftH7Y2+AvZVyJPKLvopE1yRZdHQqDu5XXBi5qcn0sWYactC6YmsyZmvRCnCJoToCh9tZIgDg7h5DkDuOWma/HZ84jHd2CHPvJJiKpni46hoJDZ3spTokSzIqsSUP+3Z1RH9EB/hS7rAzOsf0koPNbpmGpcNCwDIjTDSKV2QcAaIcPST5dIoxqQhPEIzZwsyariK4wseIUK9uyvY2RWVZqFEw1g+xtN/OW9P8bK57aiGSSwKWVMLJUYVRGFgRnoUHRawqt+jZh6ziSwpmIquUx1k1MLf3bDoNmv1F6OYZcSviQL9qjXHHA5NI/AH0W5GOELN1wiChXyb/VJ5NMYJcdGJe+gnKcQlt4JoMUQMaG9kmF0NqHPmFbP3PSd/rgbFl16dwtSTr2Ru8uQl8goiV5LLXEIxklgPsrDScHOAospVWzBcasYnQhQ6vcEibBlG/D0ppfxs2Wr8Pr+wxhLbBTKVTHWNmXWRCOXsxu6B5HykrBqc4JAKiURUmII9BDLWEbnV5n5JavSopdH0Gkg7DSFr4vVG3ctC4Q+h5PSArn6qgvxlTtuwOyZDuqj4yhRR4h2ncToK5dQch2tJ8txmN5NVMSp3dc1jNVH9siPAOa82zznXxQNPxCP9W5trHd95xksu/Lwmc0dSSXUjFLw7OYwyvepeaRastVFdkIxbf4Lta8tycuefq6Oe368DKvXv4hm6CAtVAQTxgF3RF57OyfM0BLaWsQs0Go1Foo4f+7p6fYTKawVTs0If2aujiqncYBamQ1aH4nfENpvei72zxYvnIvPXfkZnLP4VPGAoT+OoiviJKgUiqiVy5KIc6xDphzbjuGSI0A69drop3itXq/MhMFepqVzu19R7vWBGdbUNa13NaWjf4OW5tXAXT0MMbmEdvwaKi6waT3sFRYaQ9xBWHDqoBO7siO4eWsD//v79+LpLTsRuwMInYr0o4hNd6iYRRAfSV6TUO0esdKLOPg0PPlsVikNRoEsC90jIUamX8QGqSpfmMk5hMp06ijlEgyWXFQ9C2csmIerLl2Ci85dIJCXOCLPVwPlgo3+agUF15UlW1HuYAGaRFS7EbF1xyGug22YqYbFlzfo3mwI7HWxpmGa3uMjMT/2wRjWe06wePEGgaBgMSohVrQlWTdvgL0Gjcwba5bGRCpNsMQKayFAQ8vBmA/c85O1+JO/uQ+TSQ0oz0A7zCHnVmCF7J1x3Ythl9tGASz2lPLkZuVvVgPjmOtrAnUhgzDhdi1BLfQuWTUcBGZEWHMaCIKTq+5nnTYPV118PhYtXICBCnm7WsjbvqjEe3kb5UIOec2ko9bgVUKghMpovjR2emQLuZRYrqmgPWFUyhiM8VaqE2iUN8yd++Us66NlWKZZKN0+hh4FhzZL/saZa/5nmStn1+5kDpcNo9oc2cGnHBH7kf/pf9yL+x55Cu7wKThIvRdCPmMXdkAlsghJ6sOyfLhuCpnlUY9R3gfVG0gT4AEJUQuc67FaHON0O5Md06Nw3SuCZ8eYOVDBogVzcNHZZ+LcRQswVOYJoIop4StjKLgRyuWCaDga3nUZQBObI8sSyn5EgF62OSnYzlaF/rpxT8ZjZYzLAIm7hqUm8hlqj/duXB+MYb3nJIumY1CrKqdRj+lI6pLuTcscUQNM7HqxDCVAZOeElfAfH3oBf/z9H+JgJ4+kNIR6SM5OokoLyHss4RNEpP6WnUk1Ccjp7WaloaNUPkQ3KE7gWQ14Fr1WIhUfedKrpTxOPvEELDzlRJzzyTNk2D13uCbsx1ZEYaRYOv6VChERSqqXq2FdPL9UI3pDyexyymcFbVYVr9mR6hlHd1dE/9OR+RVvVg+3/t7NShZopnA1/jK/60P9s1n8mFatVWhRmb1ZmGwEKPaVsL8J/OD+1UK9tHciQOSW0aBWH2E4svGSpRnXwgGiOqqQi1TBcJlXxYE0XivowPYnEQVt1CoeFpw8C2efdToWLzoNC+bNFMx5GjSFEK7AFgPIaZVDqUQZWXq8I7pNH+r7/MHmWB/AreFZZCbUXapin0FwWoqIhBSWDgUeHao3AMtWb8aKNRvx2lt7MB4maPEnbRdOLo+chDhXtpmpGUR/STVY6lnTI1HWjSgCjovs9gRm9Zew8IxTsWjhqThz4XzMmzsDxXwqwp5sK1QKjhgUF2irxYIM2cXgCbc+JoP0B3ATf4GX/Nh4LBVElUZXl89LJOZV99QnwlMWZLlMq3D2b+72sfX1t/DaW7uxdcfb2LP3APbvP4hmK4Dt5FEslGTFqt1qajVYlfEV8w6Gh/pxwsggFp8+H4sWzMNJc2ejWvYE00XgpuuwLdER4B3/3ZapAGk3mZuREJWUzpSX6DHO/ALP9QP/1o+RYZHNixWTKfxVomc0FDsUNCJRme0I3zupN4mWmKj7mGj4qLdjTNabmJhoYIKfJxsYG5tEo95APu+iUi5ioK+Kgf4K+vvUR61SwlCpwJReKkHyyhF2zF4aEQfFQg61sqemOAb8J4sVOtMWNuZfG9YHfkqO/wbor9h5VxO0Xl9JKXepIgDw/RB55ja6fUEDY0+UHYVWO0anHQhZHNe1zOZ1GAbCzkzazHzeVnNw/rYkhhvHcLlF5DooFT1pWfCjVi3rklXPlGSdSxYB1WUwnxPWl+6M4UN+f6e+vY+NxzJbMAoxYRY8DD8C9xnJwWCL2Lc4kDRGGHQE+xXHNup17ugpym0aIY2LiAlCn1ktslIMQx9xQuxVKkaWc2yUHFdtBNkWyuUiHGr6iYoWUQsxXIY+gWJrMSaDABQilCMru4+KdX3MDEvRHynvZCgBVKvClN4CtKRMnTxTEW9UUGChOdKOKKKCmIJK0yCCMAj9ry8AAAIlSURBVIBNZKbQP9B02UTlmrwFN3XgEvQnWoOa9ZA51BTe825J0fOk5Jb4iCbuvE0fI8MyPTBjWCr0ZSdkpjVIyIrMFbv0l4xtWqyxCyHWbQANvREpXxpVhtWYv90RJQ9jSIaKSK32E/intiuN55zaGTeN3o+Kl8q+z4+RYZmsaWqfOXszxLCkocrRkYHiaFFs1cfPTP5157VrWMqolHH12GDsJKeblYabXRuVHGv+8JFGZTyoUZb+tWF92O+AfmLGSx0xN8uOe7p8qqYbrZPo7EByyj6gCoMkGDEc7DREm6tfeqcrS1Cr/mnKCLhbMJiv/NqwPuwGpd/f0WbfU1Kd412HscZjfY+mxxZKpAxFOIVFpryGGJT6ZVMRntOqqmn+8SNyi7tv82MVCo/qbLpZlolyva3gbP5l6EYNPHrKg86AmxQEuZe7yeRtygubZavpu+FHWSz8aE5z5NZ8bAwrayS9LEvj5A2hRpc3h/1zBcXpzvvNcrZBr06Po73IdgSEx9AC9ezEmJ7+rDJ5ZdlmFVoTfByfnOPD68c+doZlakLV19JrFoYrQkNGyIyjPtR3sTqTfEcXdd0UfponUkc1wzhpwtl0V9mV9dWm2zWsLl+R7mtpBMOH136O+c4+NoZlMhv17I3/mg4PNMm0Ag9Ob0V0I97RkjVzi/U3Hc3mek8hm7BlRQ+mxb4sv9dHzLg+Vob1EXs2H+m3+2vD+kg/vg/vm/9/GsnGRt6RJdwAAAAASUVORK5CYII=');
INSERT INTO micadoapp.settings VALUES ('feedback_email', 'testmail@csi.it');
INSERT INTO micadoapp.settings VALUES ('father_topics', '[25,13,7]');
INSERT INTO micadoapp.settings VALUES ('migrant_domain_name', 'carbon.super');
INSERT INTO micadoapp.settings VALUES ('default_language', 'en');


--
-- Data for Name: step; Type: TABLE DATA; Schema: micadoapp; Owner: -
--



--
-- Data for Name: step_document; Type: TABLE DATA; Schema: micadoapp; Owner: -
--



--
-- Data for Name: step_link; Type: TABLE DATA; Schema: micadoapp; Owner: -
--



--
-- Data for Name: step_link_translation; Type: TABLE DATA; Schema: micadoapp; Owner: -
--



--
-- Data for Name: step_link_translation_prod; Type: TABLE DATA; Schema: micadoapp; Owner: -
--



--
-- Data for Name: step_translation; Type: TABLE DATA; Schema: micadoapp; Owner: -
--



--
-- Data for Name: step_translation_prod; Type: TABLE DATA; Schema: micadoapp; Owner: -
--



--
-- Data for Name: survey; Type: TABLE DATA; Schema: micadoapp; Owner: -
--



--
-- Data for Name: survey_answers; Type: TABLE DATA; Schema: micadoapp; Owner: -
--



--
-- Data for Name: t_settings; Type: TABLE DATA; Schema: micadoapp; Owner: -
--



--
-- Data for Name: t_settings_translation; Type: TABLE DATA; Schema: micadoapp; Owner: -
--



--
-- Data for Name: t_settings_translation_prod; Type: TABLE DATA; Schema: micadoapp; Owner: -
--



--
-- Data for Name: tenant; Type: TABLE DATA; Schema: micadoapp; Owner: -
--



--
-- Data for Name: topic; Type: TABLE DATA; Schema: micadoapp; Owner: -
--

INSERT INTO micadoapp.topic VALUES (13, 'data:image/svg+xml;base64,PHN2ZyB3aWR0aD0iMjQiIGhlaWdodD0iMjQiIHZpZXdCb3g9IjAgMCAyNCAyNCIgZmlsbD0ibm9uZSIgeG1sbnM9Imh0dHA6Ly93d3cudzMub3JnLzIwMDAvc3ZnIj4KPHBhdGggZmlsbC1ydWxlPSJldmVub2RkIiBjbGlwLXJ1bGU9ImV2ZW5vZGQiIGQ9Ik0xMiAyMkMxNy41MjI4IDIyIDIyIDE3LjUyMjggMjIgMTJDMjIgNi40NzcxNSAxNy41MjI4IDIgMTIgMkM2LjQ3NzE1IDIgMiA2LjQ3NzE1IDIgMTJDMiAxNy41MjI4IDYuNDc3MTUgMjIgMTIgMjJaTTE0LjA1MjQgMTYuMTE1OEMxMy42NjAyIDE2LjIxNTEgMTMuMTkyMSAxNi4yNjQ4IDEyLjY0ODIgMTYuMjY0OEMxMS45MjcxIDE2LjI2NDggMTEuMjc1NiAxNi4wODQ3IDEwLjY5MzcgMTUuNzI0N0MxMC4xMjQ1IDE1LjM1MjIgOS43MzIzMSAxNC43MzE0IDkuNTE3MjUgMTMuODYyM0gxNC4xODUyVjEyLjcyNjNIOS4yODk1NUM5LjI3NjkgMTIuNTQwMSA5LjI3MDU3IDEyLjM5MTEgOS4yNzA1NyAxMi4yNzkzVjExLjkyNTVWMTEuNzAySDE0LjE4NTJWMTAuNTY2SDkuNDIyMzhDOS40OTgyOCAxMC4wNjkzIDkuNjM3NDMgOS42NDcyMSA5LjgzOTgzIDkuMjk5NTdDMTAuMDU0OSA4LjkzOTUyIDEwLjMwNzkgOC42NDc3NSAxMC41OTg4IDguNDI0MjdDMTAuOTAyNSA4LjE4ODM3IDExLjIzMTQgOC4wMTQ1NSAxMS41ODU2IDcuOTAyODFDMTEuOTUyNCA3Ljc5MTA3IDEyLjMzMTkgNy43MzUyIDEyLjcyNDEgNy43MzUyQzEzLjE5MjEgNy43MzUyIDEzLjYxNTkgNy43OTEwNyAxMy45OTU0IDcuOTAyODFDMTQuMzg3NiA4LjAxNDU1IDE0Ljc3MzQgOC4xNjM1NCAxNS4xNTI5IDguMzQ5NzhMMTUuNjg0MiA2LjYzNjQyQzE1LjMxNzQgNi40NTAxOCAxNC44ODczIDYuMjg4NzggMTQuMzkzOSA2LjE1MjIxQzEzLjkxMzIgNi4wMTU2MyAxMy4yNjggNS45NDczNSAxMi40NTg0IDUuOTQ3MzVDMTAuOTQwNCA1Ljk0NzM1IDkuNzEzMzMgNi4zNTA4NiA4Ljc3NzIxIDcuMTU3ODdDNy44NDExIDcuOTY0ODkgNy4yNDY1NCA5LjEwMDkyIDYuOTkzNTMgMTAuNTY2SDUuNjg0MjNWMTEuNzAySDYuODQxNzNWMTEuOTgxNFYxMi4zMTY2QzYuODQxNzMgMTIuNDE1OSA2Ljg0ODA1IDEyLjU1MjUgNi44NjA3MSAxMi43MjYzSDUuNjg0MjNWMTMuODYyM0g3LjAzMTQ4QzcuMTgzMjkgMTQuNTU3NiA3LjQxNzMyIDE1LjE2NiA3LjczMzU3IDE1LjY4NzRDOC4wNjI0OCAxNi4yMDg5IDguNDYwOTYgMTYuNjQzNCA4LjkyOTAyIDE2Ljk5MTFDOS4zOTcwOCAxNy4zMzg3IDkuOTIyMDYgMTcuNjA1NiAxMC41MDQgMTcuNzkxOUMxMS4wOTg1IDE3Ljk2NTcgMTEuNzMxIDE4LjA1MjYgMTIuNDAxNSAxOC4wNTI2QzEzLjE4NTggMTguMDUyNiAxMy44MzEgMTcuOTkwNSAxNC4zMzcgMTcuODY2NEMxNC44NTU2IDE3Ljc0MjIgMTUuMjkyMSAxNy41OTMyIDE1LjY0NjMgMTcuNDE5NEwxNS4xNTI5IDE1LjcwNjFDMTQuODI0IDE1Ljg3OTkgMTQuNDU3MiAxNi4wMTY0IDE0LjA1MjQgMTYuMTE1OFoiIGZpbGw9IiM1QzgxQTIiLz4KPC9zdmc+Cg==', true, 7);
INSERT INTO micadoapp.topic VALUES (1, 'data:image/svg+xml;base64,PHN2ZyB3aWR0aD0iMjQiIGhlaWdodD0iMjQiIHZpZXdCb3g9IjAgMCAyNCAyNCIgZmlsbD0ibm9uZSIgeG1sbnM9Imh0dHA6Ly93d3cudzMub3JnLzIwMDAvc3ZnIj4KPHBhdGggZD0iTTE3LjA0ODggMTFWM0g3VjdIM1YyMUgxMVYxN0gxM1YyMUgyMVYxMUgxNy4wNDg4Wk03IDE5LjA0ODhINVYxNy4wNDg4SDdWMTkuMDQ4OFpNNyAxNS4wNDg4SDVWMTMuMDQ4OEg3VjE1LjA0ODhaTTcgMTFINVY5SDdWMTFaTTExIDE1LjA0ODhIOVYxMy4wNDg4SDExVjE1LjA0ODhaTTExIDExSDlWOUgxMVYxMVpNMTEgN0g5VjVIMTFWN1pNMTUuMDQ4OCAxNS4wNDg4SDEzLjA0ODhWMTMuMDQ4OEgxNS4wNDg4VjE1LjA0ODhaTTE1LjA0ODggMTFIMTMuMDQ4OFY5SDE1LjA0ODhWMTFaTTE1LjA0ODggN0gxMy4wNDg4VjVIMTUuMDQ4OFY3Wk0xOS4wNDg4IDE5LjA0ODhIMTcuMDQ4OFYxNy4wNDg4SDE5LjA0ODhWMTkuMDQ4OFpNMTkuMDQ4OCAxNS4wNDg4SDE3LjA0ODhWMTMuMDQ4OEgxOS4wNDg4VjE1LjA0ODhaIiBmaWxsPSIjNUM4MUEyIi8+Cjwvc3ZnPgo=', true, 13);
INSERT INTO micadoapp.topic VALUES (2, 'data:image/svg+xml;base64,PHN2ZyB3aWR0aD0iMjQiIGhlaWdodD0iMjQiIHZpZXdCb3g9IjAgMCAyNCAyNCIgZmlsbD0ibm9uZSIgeG1sbnM9Imh0dHA6Ly93d3cudzMub3JnLzIwMDAvc3ZnIj4KPHBhdGggZD0iTTEyLjU2NDIgMTQuOTI4NkgxMS4yNzQ2QzEwLjYyOTkgMTQuOTI4NiAxMC4xNDYzIDE0LjQ0NSAxMC4wOTI1IDEzLjg1MzlMMyAxMi43NzkzVjE4LjM2NzRDMyAxOS40OTU3IDMuOTEzNDMgMjAuMzU1NCA0Ljk4ODA2IDIwLjM1NTRIMTguOTU4MkMyMC4wODY2IDIwLjM1NTQgMjAuOTQ2MyAxOS40NDIgMjAuOTQ2MyAxOC4zNjc0VjEyLjc3OTNMMTMuNzQ2MyAxMy44NTM5QzEzLjY5MjUgMTQuNDk4NyAxMy4yMDkgMTQuOTI4NiAxMi41NjQyIDE0LjkyODZaIiBmaWxsPSIjNUM4MUEyIi8+CjxwYXRoIGQ9Ik0xOC45NTgyIDcuMDgzNThIMTUuOTQ5M1Y1Ljc5NDAzQzE1Ljk0OTMgNC4yMzU4MiAxNC43MTM0IDMgMTMuMTU1MiAzSDEwLjczNzNDOS4xNzkxMSAzIDcuOTQzMjggNC4yMzU4MiA3Ljk0MzI4IDUuNzk0MDNWNy4wODM1OEg0Ljk4ODA2QzMuODU5NyA3LjA4MzU4IDMgNy45OTcwMiAzIDkuMDcxNjRWMTEuOTczMUwxMC4zMDc1IDEzLjA0NzhDMTAuNTIyNCAxMi43MjU0IDEwLjg5ODUgMTIuNTEwNCAxMS4zMjg0IDEyLjUxMDRIMTIuNjE3OUMxMy4wNDc4IDEyLjUxMDQgMTMuNDIzOSAxMi43MjU0IDEzLjYzODggMTMuMTAxNUwyMSAxMS45NzMxVjkuMDcxNjRDMjAuOTQ2MyA3Ljk5NzAyIDIwLjAzMjggNy4wODM1OCAxOC45NTgyIDcuMDgzNThaTTkuNTAxNDkgNS43OTQwM0M5LjUwMTQ5IDUuMTQ5MjUgMTAuMDM4OCA0LjYxMTk0IDEwLjY4MzYgNC42MTE5NEgxMy4xMDE1QzEzLjc0NjMgNC42MTE5NCAxNC4yODM2IDUuMTQ5MjUgMTQuMjgzNiA1Ljc5NDAzVjcuMDgzNThIOS40NDc3NlY1Ljc5NDAzSDkuNTAxNDlaIiBmaWxsPSIjNUM4MUEyIi8+Cjwvc3ZnPgo=', true, NULL);
INSERT INTO micadoapp.topic VALUES (3, 'data:image/svg+xml;base64,PHN2ZyB3aWR0aD0iMjQiIGhlaWdodD0iMjQiIHZpZXdCb3g9IjAgMCAyNCAyNCIgZmlsbD0ibm9uZSIgeG1sbnM9Imh0dHA6Ly93d3cudzMub3JnLzIwMDAvc3ZnIj4KPHBhdGggZD0iTTEyIDIwLjczNjFDMTEuODA4IDIwLjczNjEgMTEuNjY0IDIwLjY4ODEgMTEuNTIgMjAuNTkyMUM3LjgyNDA1IDE4LjA0ODEgNS4xODQwNSAxNS40NTYxIDMuNjk2MDUgMTIuOTEyMUg2LjcyMDA1QzcuMDU2MDUgMTIuOTEyMSA3LjM0NDA1IDEyLjcyMDEgNy40NDAwNSAxMi40MzIxTDguMzA0MDUgMTAuMTc2MUw5Ljc0NDA1IDE1Ljg4ODFDOS44NDAwNSAxNi4yMjQxIDEwLjA4IDE2LjQ2NDEgMTAuNDE2IDE2LjQ2NDFDMTAuNDY0IDE2LjQ2NDEgMTAuNDY0IDE2LjQ2NDEgMTAuNTEyIDE2LjQ2NDFDMTAuOCAxNi40NjQxIDExLjA4OCAxNi4zMjAxIDExLjIzMiAxNi4wMzIxTDEyLjgxNiAxMi45MTIxSDE1Ljg4OEMxNi4wOCAxMi45MTIxIDE2LjMyIDEyLjgxNjEgMTYuNDY0IDEyLjY3MjFDMTYuNjA4IDEyLjUyODEgMTYuNzA0IDEyLjMzNjEgMTYuNzA0IDEyLjA5NjFDMTYuNzA0IDExLjY2NDEgMTYuMzIgMTEuMzI4MSAxNS44ODggMTEuMzI4MUgxMi4zMzZDMTIuMDQ4IDExLjMyODEgMTEuNzYgMTEuNDcyMSAxMS42MTYgMTEuNzYwMUwxMC43NTIgMTMuNDQwMUw5LjI2NDA1IDcuMzkyMDdDOS4xNjgwNSA3LjEwNDA2IDguOTI4MDUgNi44NjQwNyA4LjY0MDA1IDYuNzY4MDdDOC41OTIwNSA2Ljc2ODA3IDguNTQ0MDUgNi43NjgwNyA4LjQ5NjA1IDYuNzY4MDdDOC4xNjAwNSA2Ljc2ODA3IDcuODcyMDUgNi45NjAwNyA3Ljc3NjA1IDcuMjQ4MDdMNi4xOTIwNSAxMS4zMjgxSDIuOTI4MDVDMi4wNjQwNSA5LjEyMDA3IDIuMTYwMDUgNy4wNTYwNyAzLjIxNjA1IDUuNDcyMDZDNC4xNzYwNSA0LjAzMjA2IDUuODA4MDUgMy4yMTYwNiA3LjYzMjA1IDMuMjE2MDZDOS4xNjgwNSAzLjIxNjA2IDEwLjY1NiAzLjg0MDA2IDExLjg1NiA0Ljk0NDA2TDEyLjA0OCA1LjA4ODA3TDEyLjI0IDQuOTQ0MDZDMTMuMzkyIDMuODQwMDYgMTQuODggMy4yNjQwNiAxNi40MTYgMy4yNjQwNkMxOC43NjggMy4yNjQwNiAyMC43ODQgNC43MDQwNiAyMS40MDggNi44MTYwN0MyMi42NTYgMTAuODAwMSAxOS4yOTYgMTUuOTM2MSAxMi40OCAyMC41OTIxQzEyLjMzNiAyMC42ODgxIDEyLjE5MiAyMC43MzYxIDEyIDIwLjczNjFaIiBmaWxsPSIjNUM4MUEyIi8+Cjwvc3ZnPgo=', true, 25);
INSERT INTO micadoapp.topic VALUES (7, 'data:image/svg+xml;base64,PHN2ZyB3aWR0aD0iMjQiIGhlaWdodD0iMjQiIHZpZXdCb3g9IjAgMCAyNCAyNCIgZmlsbD0ibm9uZSIgeG1sbnM9Imh0dHA6Ly93d3cudzMub3JnLzIwMDAvc3ZnIj4KPHBhdGggZD0iTTIxLjg3MjYgMTAuNDQ1OUMyMS4zMjQxIDEwLjUzNzMgMjAuNjg0MiAxMC41MzczIDIwLjEzNTcgMTAuNTM3M0MxOC45NDc0IDEwLjUzNzMgMTcuNjY3NiAxMC40NDU5IDE2LjM4NzggMTAuMjYzMUMxNS42NTY1IDEzLjQ2MjUgMTMuNzM2OSAxNi4wMjIxIDExLjA4NTkgMTYuOTM2MkMxMC43MjAyIDE3LjAyNzYgMTAuMzU0NiAxNy4xMTkgOS45ODg5MiAxNy4yMTA0QzkuODA2MSAxNy4yMTA0IDkuNzE0NjkgMTcuMjEwNCA5LjUzMTg2IDE3LjIxMDRDMTAuMjYzMiAxOS41ODcyIDExLjkwODYgMjEuNDE1NCAxNC4wMTExIDIxLjc4MTFDMTQuMjg1MyAyMS43ODExIDE0LjU1OTYgMjEuODcyNSAxNC44MzM4IDIxLjg3MjVDMTguMDMzMyAyMS44NzI1IDIxLjA0OTkgMTguNTgxNiAyMS43ODEyIDE0LjI4NTJDMjIuMDU1NCAxMy4wMDU0IDIyLjA1NTQgMTEuNjM0MyAyMS44NzI2IDEwLjQ0NTlaTTE3LjQ4NDggMjAuMjI3MUMxNy40ODQ4IDIwLjIyNzEgMTYuNzUzNSAxOS4wMzg3IDE1LjEwOCAxOC43NjQ1QzEzLjczNjkgMTguNDkwMiAxMy4yNzk4IDE4Ljc2NDUgMTIuMjc0MiAxOS4xMzAxQzEyLjI3NDIgMTkuMTMwMSAxMi4xODI4IDE2LjkzNjIgMTQuNjUxIDE2Ljg0NDhDMTYuOTM2MyAxNi44NDQ4IDE4LjMwNzUgMTguOTQ3MyAxNy40ODQ4IDIwLjIyNzFaTTE4LjEyNDcgMTUuNzQ3OEMxNy4zMDIgMTUuNzQ3OCAxNi42NjIxIDE1LjEwNzkgMTYuNjYyMSAxNC4yODUyQzE2LjY2MjEgMTMuNDYyNSAxNy4zMDIgMTIuODIyNiAxOC4xMjQ3IDEyLjgyMjZDMTguOTQ3NCAxMi44MjI2IDE5LjU4NzMgMTMuNDYyNSAxOS41ODczIDE0LjI4NTJDMTkuNTg3MyAxNS4xMDc5IDE4Ljk0NzQgMTUuNzQ3OCAxOC4xMjQ3IDE1Ljc0NzhaIiBmaWxsPSIjNUM4MUEyIi8+CjxwYXRoIGQ9Ik0xNC43NDI0IDUuNzgzODNDMTQuNTU5NiA0LjUwNDA1IDE0LjEwMjUgMy4yMjQyNyAxMy42NDU0IDIuMTI3MzJDMTMuMDk3IDIuMzEwMTUgMTIuNTQ4NSAyLjU4NDM4IDEyIDIuNzY3MjFDMTAuNzIwMiAzLjIyNDI3IDkuNDQwNDUgMy40OTg1MSA3Ljk3Nzg0IDMuNjgxMzRDNS45NjY3NiA0LjA0Njk5IDMuOTU1NjggNC4xMzg0IDIuMjE4ODMgMy44NjQxNkMxLjk0NDU5IDUuMTQzOTQgMS45NDQ1OSA2LjQyMzcyIDIuMTI3NDIgNy43MDM1QzIuODU4NzIgMTIuNDU3IDYuMjQxIDE1LjgzOTIgOS43MTQ2OCAxNS4yOTA4QzkuOTg4OTIgMTUuMjkwOCAxMC4yNjMyIDE1LjE5OTQgMTAuNTM3NCAxNS4xMDc5QzEzLjU1NCAxNC4xMDI0IDE1LjM4MjMgMTAuMDgwMiAxNC43NDI0IDUuNzgzODNaTTQuNTk1NTcgNy43OTQ5MkM0LjMyMTMzIDcuMDYzNjEgNC43NzgzOSA2LjE0OTQ4IDUuNTA5NjkgNS45NjY2NkM2LjI0MSA1LjY5MjQyIDcuMTU1MTIgNi4xNDk0OCA3LjMzNzk1IDYuODgwNzlDNy42MTIxOSA3LjYxMjA5IDcuMTU1MTIgOC41MjYyMiA2LjQyMzgyIDguNzA5MDRDNS42OTI1MiA5LjA3NDcgNC44Njk4IDguNjE3NjMgNC41OTU1NyA3Ljc5NDkyWk0xMC4yNjMyIDEyLjkxNEM3Ljk3Nzg0IDEzLjczNjggNi4wNTgxNyAxMi4wOTEzIDYuNDIzODIgMTAuNjI4N0M2LjQyMzgyIDEwLjYyODcgNy43MDM2IDExLjI2ODYgOS4yNTc2MiAxMS4wODU4QzEwLjA4MDMgMTAuOTk0NCAxMC45MDMxIDEwLjcyMDEgMTEuODE3MiAxMC4wODAyQzExLjcyNTggMTAuMDgwMiAxMi41NDg1IDEyLjA5MTMgMTAuMjYzMiAxMi45MTRaTTExLjM2MDEgOC4zNDMzOUMxMC42Mjg4IDguNjE3NjMgOS43MTQ2OCA4LjE2MDU3IDkuNTMxODYgNy40MjkyNkM5LjI1NzYyIDYuNjk3OTYgOS43MTQ2OCA1Ljc4MzgzIDEwLjQ0NiA1LjYwMTAxQzExLjE3NzMgNS4zMjY3NyAxMi4wOTE0IDUuNzgzODMgMTIuMjc0MiA2LjUxNTE0QzEyLjU0ODUgNy4yNDY0NCAxMi4wOTE0IDguMDY5MTUgMTEuMzYwMSA4LjM0MzM5WiIgZmlsbD0iIzVDODFBMiIvPgo8L3N2Zz4K', true, 25);
INSERT INTO micadoapp.topic VALUES (25, 'data:image/png;base64,iVBORw0KGgoAAAANSUhEUgAAAekAAAJPCAIAAADXAbuuAAAAAXNSR0IArs4c6QAAAAlwSFlzAAAuIwAALiMBeKU/dgAAAAZiS0dEAP8A/wD/oL2nkwAAJLVJREFUeNrt3YmbXFWZwGH/kqSrukM2dkYEwq7sCm5kAxcgwWXGmWFRRlAHAgHZBJUEEQLMyL64jKCjKEsCAZ0RlG0wIksCCRACCQQSErp6vuSSy01tXemEqrq33t9znnoqbUw69Km3T5+6y4eGJEl560P+E0gSuyVJ7JYksVuS2C1JYrckid2SxG5JErslSeyWJHZLktgtSWK3JLFbksRuSRK7JUnsliR2S5LYLUlitySxW5LEbkkSuyWJ3ZIkdkuS2C1J7JYksVuSxG5JErslid2SJHZLktgtSeyWJLFbksRuSWK3JIndkiR2SxK7JUnsliSxW5LYLUlitySJ3ZIkdksSuyVJ7JYksVuS2C1JYrckid2SxG5JErslSeyWJHZLktgtSWK3JIndksRuSRK7JUnsliR2S5LYPeIqlcpmzwcrt99627SjJ08cO65/dN9AXylG8iQeDcMo8IiXebzwp06e8tPbbq+8O8ju3PT666/Hly39KsYojxpNbcPohTGmVI7HeMmX+0ql0X3Tp05buXIlu3PQ4OBgCne60Aa3YfTCcjt9pYfgwXfywWlTpsbqO/ujObu7a8MkeYytklqsk6V38g3ZMIzeETx5Epsn1t3dzveUoydXwZ1smKQftAY3jALDnX1MN0uDhbrvjbG7i/ieMG58VupaxM1vwyg237Wv9PFjxzU6tIHd3VLtF8+K2zB6fMT7lkMF3O4unN3JKJmyhmHjO1nMsTtHdg//rXjzfXDDMHK6uz3sqzhWct6rLI7dVV/75IgiwzByx/ewO6LsLpTd2S+2Bbhh5H1jhN09tO6mtmHk+kDAFg9DYHdB7D7isMPPmXX22WfNmnXmWclj8kvDMHI34uVs3d0rdsfXOy5WVffwcEl5qjIUa6+ydXcP2V3ZjGxwS/lze+PLNuwe9oBgdhfE7vhiD7FaKgTfsRRjdy+tuyUVong597Ob3ZLYzW52S2I3u9ktid3slsRudrNbErvZzW5J7GY3uyV2s5vdktjNbnZLYje72S2xm93slsRudrNbErvZzW6J3exmtyR2s5vdktjNbnZLYje7JbGb3eyWxG52s1sSu9nNbond7Ga3JHazm92S2M1udkvsZje7JbGb3eyWxG52s1tiN7vZLYnd7Ga3JHazm90Su9nNbknsZje7JbGb3eyWxG52S2I3u9ktid3sZrckdrOb3RK72c1uSexmN7slsZvd7JbYzW52S2I3u9ktid3sZrfEbnazWxK72c1uSexmN7slsZvdktjNbnZLYje72S11TZVKhd3sZneXvhikViZq8pHsxzsymdnN7ra+BiobI4LyonY6XRshbt3N7uKvu5O5/sRjj18+Z+4Z3zz91JNPMYxuHqecdHLy5OunnBqPMWnnXjYnJvBQpfOCs5vd7VN7+cuvzDj+hJhP5VGjB/pKrXzOhtHZkU7U9ElM4BOOOz4msz0TdvfEuvvVV5bvt8++yWsA3EZe1M7anaw5YvSNGh2TecXyVzu4bcJudrdn4T104oyZVesXw8gp3wmLMaWTzRPrbnYX1u5FixaVa372NIz8mh4jZHx60d+su9ldZLuvvmpedj4R3MjXZnfVMjzdPImJzW52F9nuc8+ZnV2tQMHI0fq61vH0eUxsdrO7yHZ//5JLk9VK+nqw7ja6H+5kxjY64CSexMRmN7uLbPf8e+/ry7wMDCOP2ya1z++75152s7uwdse78OvXr49jqtLtQutuI6cHd2c3UmJKr39nnXNz2F3kdXfM7wX3zR8o9zu+2yjIGrzcf//8BbXXNmE3uwu17k6e3PnLOyaOn1B1zKxh5EXt5PCSAHHCuPG/vvNXnT0znt3sbmsvLV0Wb80f+rGDdhg/gQhGXo4zSR53nDAxpu7ss8+JaZzCbc+E3T1htyR2s5vdErvZzW5J7GY3uyWxm93slsRudktiN7vZLYnd7Ga3JHazm90Su9nNbknsZje7JbGb3eyW2M1udktiN7vZLYnd7Ga3xG52s1sSu9nNbknsZje7JXazm92S2M1udktiN7vZLYnd7JbEbnazWxK72c1uSexmN7sldrOb3ZLYzW52S2I3u9ktsZvd7JbEbnazWxK72c1uid3sZrckdrOb3ZLYze5i2F2pVNJHqftL52rdSdvBmcxudrdh+nd4lkvbSvC6S5COzG12s7tTrwYgqMvBbjC6Y/XNbna3tVWrVv1o7uXTp0776H7777vXJMPo2rH3xrHPpL0n7blXPMbzA/c/IKbuj390xRsrV3X8pcRudn/gDW5aqyy8/4Fdd95lTKncymdrGJ0d5VGjB/pKyWOM9z/eV9ptl11jMnd2y5vd7G5Tf374ke0GxqQvBjQY3T+yEzV9nszhsWO2e+RPD1t3s7vgdg8ODh5y0MHJ7Ae3kV/BN/xy1HsfiSkdE9t+N7sLa3fM6wcfWJi+BsrsNgpBeczkZOeE3ewuqN2VypwfXtZoFWMYedwKT+y+fM5c+93sLvKeSTLPkvd87HcbhVl6zz77HPvd7C6y3Vde8eN00oPbKAbfccRUTGzrbnYX2e4nHnu8lFmwENzI+6I7HmNKx8S27mZ3ke2Ojpk2nddGkeyOKd3BFxS72d2mlixZEmc02DkxisF3TOYXl7zAbnYX3+7o+Wef+/SRR1HbyPv41CeOXPzc89kjqdjN7iLbnczy++cviM/kq1/+yokzZhpG94+ZJ8xInsSkjak7f/78brgoJrvZ3Va4Nz1zHUHlr85e9JXd7Db7pZEuO4b7ILvZXUy7pQKoPdQFd4BiN7t7cc0ijVjtLvkhkt3s7vxrQMqv4Nbd7C6s3RLZ2c3uXNqdneKW4cI3u9lt3S31YuxmtyR2s5vdktjNbnZLYje7JbGb3eyWxG52s1sSu9nNbond7Ga3JHazm92S2M1udkvsZje7JbGb3eyWxG52s1tiN7vZLYnd7Ga3JHazm92S2M1uSexmN7slsZvd7JbEbnazW2I3u9ktid3sZrckdrOb3RK72c1uqcerVCrsZnfP2Z2d9+nzLnwxSI2mbqN528FpzG529+iyRdpKx6272d1beyYcV97h7obVN7vZ3QGv165du/SFF5dI3d3ixYtfeOGF7GNM3aFKV6xC2M3uNjZY+cODDx07/Zgx/QPlvtKAYXT3KI8aHY/ZF9HY/oGYwA8tfHCo0z89spvd7Vp3V4Yu/d4l6Yuh6iVhGF04qmZponk8iZVHTGbrbnb3xLr7phturHoxWNYZ3TyyszSduukvg+9bbrqZ3ewuuN2rV6/ededdrOOMIi3Jd9lp57feXM1udhfZ7jt/eUepZtHt9W/kei8lHmNis5vdRbb74gsvqvoJ1DAKIPhFF1zIbnYX2e7zz/tuCnfydiXBjbwvumMmx8R+/914drO7eHZf/5Pr+ktluyVGwY4/iXfgO3W0CbvZ3Y6WLl06UO73mjeKBHecphAT254Juwtrd7Is+c63vm3FbRRpzySmdAdf8uxmd5vsfmfN2ilHT85OfQoYObU7xvTJU2JKp9Ob3ewu5p5J8mbOunXrLjz/ggnjxpc2ntpAASMvS+zsL8ePHReHl8Rk7uxLnt3sbndxOsO9d98T715efdU8w+jyce3V1yRPrpl3dUzamLpvr35rqAsuhcludrd79T3kMrDKT01mbGev6M1udksaxu4uXHCwm91tfQF058tAGhncHfw5kt3s7grNpbz7zm52F9xuaqswOrvXMLt7a92Nb4nd7M6f3ZLYzW52S+xmN7slsZvd7JbEbnazWxK72S2J3exmtyR2s5vdktjNbknsZje7JbGb3eyWxG52s1tiN7vZLYnd7Ga3JHazm90Su9nNbknsZje7JbGb3eyW2M1udktiN7vZLYnd7Ga3JHazWxK72c1uSexmN7slsZvdHbe7Uql4sUnsZnf+1t2VjXnJKY+lU7d75jC72S2ppZ8XG8HdEdDZzW5JW7v0bj/f7GZ3V6xopO5fd3fV7GU3u9vdW2+uvu+ee6//yXVXXzXPMLp8XDPv6nlXXpU8j0l77933vL36rVrHrbvZXWS717+z7oLvnj9x/ITyqNHJxDKM7h/lvlKM9PmEceMvuuDCmMydXX2zm91t6p01a6dOnhJTv5VP1TA6Pgb6SgObT9fkl8ljTOa1a9eym93Ft/vfv/2d+BxixT2Ab6MQsseUZje7C273smXLBsr98TmMKZWzSxjDyK/d/aVyTGx2s7vIdt9w3fWwNopm9+i+G6+/oVO73uxmdzv67rnnebUbxRsxsa272V1kuy++8KLsmz/W4EYx1t0xsdnN7sLaHT9U3vFfv8zCzW6jGEeh3PnLO4acE8/uAtu9evXqXXfeJXuUFb6NvC+6Y0rHxLbuZneR90yim2+8iddGYeCOx5jS2QUKu9ldTLujSy7+nnNzjDwynd0nGdh4jmVM5s1/urTuZndx7Y4efGDhsdOPiWO905OMDaNrT4XPnhCfPI7pH4gJ/IcHHxrq9EW92c3uDrT27TUvLnlhidTdvfDChlm6ePHi5Ek8rlmzpgrrTt1UhN3sbuublh1cp0hbP2NbvBsDu9ldBLurFilEUB753qL/id3sLs66m9oqJOvOiWd38fdMhjZtDnJc+GY3u/NktwW4cs1090xjdrNbUv5iN7slsZvd7JbEbnazWxK72S2J3exmtyR2s5vdktjNbnZL7GY3uyWxm93slsRudrNbYje72S2J3exmtyR2s5vdErvZzW5J7GY3uyWxm93slsRudktiN7vZLYnd7Ga3JHazm90Su9nNbknsZje7JbGb3eyW2M1udktiN7t72u5KpeJVp9zVfN52ZFazm92SrLvZzW5Lb/XAujv7EetudhfZbmQrj153odrsZje4pZFP3c7Oanazu70NVhbcN3/22ed85UtfPnHGTMPo8vGlmSfOPGFGPMbzr375K+fMOvv++Qsq7w52/JXEbna3r+effe6TRx5V7ivFJzOw8dEwunakU7R2rsY0Xvzc8/ZM2N0Tdr+weMmHd9m10YvBMPJl+u677vbikhesu9ldfLuPmTY9Jv2ARbdRCL5jxJS27mZ3we1+4rHHsz+BlkeNxreR63V3zOHY/YuJzW52F9nuK6/4ccz1MaUytY1ijJjM8RgTm93sLrLd8e58slQBt1GktzHjiKlGh4Gzm91FsPuyH/ww2SJs8t69YeQI7uRx7mVzOrXlzW52t6OFCxeWN+0SZgU3jPyOmNIL739gyDnx7C6w3YODg4ccdLBXu1GYg0ziSUzpmNjW3ewust3RI396eOyY7Sy6jTzua2fJTkZM5pjSHXxBsZvd7euBBffvtsuuZXYbud3gTp7ENE52S9jN7uLbnfxo+cYbb1xx+Y+mT512wH7777vXJMPo8rHfpL332XOveIzxsf0POHbqtJjAb6xcNdT4QoPsZnfR1t1STuvCqwmym90dmPouCau8q+3eC+zurXU3tZVHuKu2R7phGrOb3ZJG8iOjey+wm91Sbhzvkg1AdrNbUv5iN7slsZvd7JbEbnazWxK72S2J3exmtyR2s5vdktjNbnZL7GY3uyWxm93slsRudrNbYje72S2J3exmtyR2s5vdErvZzW5J7GY3uyWxm93slsRudktiN7vZLYnd7Ga3JHazm90Su9nNbknsZje7JbGb3eyW2M1udm9llUql0ROpy+vaSctudrfpBQBuFZV1drO7sHZTW0XVuVOzmt3sxrc0zHStnbfZj3RkVrOb3fiW8jdd2c1uWEv5m9LsZnf7J/6mIeXK6Np9kg4izm52t7WXl7107jmzD/7YQRPHT2jlczaMTo1yX6m0kb/SpucxaWPqzp49e9myZdbd7O6BPZNNT351x53bjxs/0FfigpHrEdP4N3f+KpnZFXazu8Dr7vjRcsGCBf2lcnwaid0EN3I6YurG2K7cf//8BR3c/mY3u9vRunXr9ttnX14bRRJ83733iYnt+G52F9nu++65t5SZ9F75RjFGTGz73ewust3fv+TS8qjR4DYK8jbmqNHJTI6Jbc+E3UW2e/bZ5yS7hJbeRjE2TJIn580+17qb3UW2++qr5lW9S4lvI9djzMY33uddeRW72V1Yu+Pnyb/9dVF2PrHbyPtxJslMfnrR39jN7iKvu6MTZ8y06DZyujdS98ydmSfM6OALit3sblOvvrJ8n0l7p2/y4NvIF9xVv4zJvHz58iHXgGV34e1O+D7huOPL7DZytaldtVsSEzimcUzmzr6a2M3udvfEY49fPmfuGd88/dSTTzGMbh6nnHRy8uTrp5wajzFp514258nHn+iG1xG72d3GNy3Tny5dR1C5atg7LbR/54Td7O7A7JdyR/ZQzW103K+S3cW3G9wqhuNNrujNbnYXze6O39lPKt5ChN3slpS/2M1uSexmN7slsZvd7JbEbnZLYje72S2J3exmtyR2s5vdErvZzW5J7GY3uyWxm93sltjNbnZLYje72S2J3exmt8RudrNbErvZzW5J7GY3uyWxm92S2M1udktiN7vZLYnd7Ga3xG52s1sSu9nNbknsZje7JXazm92S2M1udmurqlQqdZ83/51iN7vZre7VXOxmN7tFarGb3ezWB6x5LeugZze72a0uxroytPD+B77zrW9PnTxl+tRpp//bNx9a+KD/UOxmN7vVpYLH48rXXj/huONLG7/KA32l5Mtd7isd94Uvrnp9paU3u9nNbnVdr7264rBDDk2/yuVRo1PBg+8jDjt87dq1+GY3u9mtdi+uG+5iD1aWvbj0wP0PyC63a8cF3z3ff0Z2s5vd6tj2SFUvLV22/777JXAny+26Y6cddnznnXeG/dPEbnazWx+448898+w+k/Z+b29k1Ogm6+4Yjz766FBmfxzf7GY3u9X2RXdlA9x77bFn/6Y3J5vDHf/rvXffg2x2s5vd6oDdKbt//b+n9vzIHpsdUjLcuvsvj/zZf0Z2s5vd6tiiO+DebZddU6mTJ8Ouu9944w3/JdnNbnarM4g/9pdHU7jT9yebwx1j770mVX0bsHPCbnazW21ad8e+xw4Tt8/CnT5vzvfME2Y0WciL3exmt7bxDsl7v6wM/e8f/yeFu/n2SJ3juy+4YARwN/qddQ423/gY2zJ3/+73t91y66/uuHPp0qW+lOxmN7t7xetGXMaFSiaMGz/s17d27ztZm//iF78YanCOz9YgnvbqK8vjOirjthv7/t/bV/ri57+wePFii312s5vdPbfoTnpgwf0J3MMuurOIZ7dWnnrqqRHvdDc/JPydNWvnXjZnxwkT6y78d95xpycee3wI2uxmN7t7Su1Q73e/vWu7gTFVu9tbtGcytn9g3bp1W7P4Tf5fg0Ob8z1Y+flPfxbHmJdrjnjJHrA4ac+93l79lqU3u9nN7p6Be2gD3GP6B5psZNeOrJvJkyMOOXRr3Kz7f/zjQ3848uOfyEpdRXZ27T/vyqt8idnNbnb3SrGqHSj3V2nY+p5J+vzkfz2prr8j2zx59u/PnDhjZqnmk8nu0mQvrhLPJ3/26BH/pWI3u9mdm3V3/PIXP/t5wJ2lsGo1Pazayf8xXrqXz5m7LT7FoddXvDbrzLOSbyfZv6V2uV31kT12/wiy2c1udhef7xuuuz6Bu8XLlTQSPAyNzeh7fn/3Vn5u699Zd9WPr9xx+x2qvnPULr2zT0qbPh6HNnq7kt3sZneh+a4MXf+T65rsSAy7f1J1tk78Uemh1k2OEWx0GEl85M5f3rHv3vts0XeOqrHz9jv44rKb3ewu8oo73tYrNVjPZjeUh734VPI/jSmVd9zk5ghOyXn4f//02U9/prQVarOb3exmdzG9zpIaG9PlGo4bHReYvZhJ9vdUbVxMOXryUJNzfyrVH0yeL3l+8df+8Z/Km//J7GY3u9nd02rXWhnHSv/g0u/3l8rp8XbZlXX2OLxGrFddlyr9nd8+41vp39jK0nvVqlXnzT53/JjttugNUnazm93s7sXV9/nnfbdUsw2SYF21YZI99q72ncPa3ZXr/vMnTbZossX5O/9xzbVxkcJGUo+Yb3azm93sLhTZyYo71rmlmrclGxmdPtk5c9RHI8Hjj/2fP/yxlU2bu37z248ecGCjjZqqbxvsZje72d3bfA9WvnX6Gc2NrnvCZNz3ffrUaXXhrjq4u+4tF7JbKHG9kTh3Jt7VHPZoFutudrOb3RbdQ4ODgyncW3R9kiviXJvKULK50fxgwbiWSJNPY9myZXHKZbwhOWbjPnuTc3zsd7Ob3ezuyY2Rmg++u279Sf/yr8MubKsOO4nX4dy5G06SfOWll8tNt6STJyccd3zdv/2tN1dffOFF2Uu2tnhd2VK9xfiwrG8ru2uPltmi0zWb/+Y83oiZ3exW+/jOwt1E7bp7F/957X8kf8L98xf0NTi+O3tWzoXnV99yIf7qG6+/4R923W2LrkdY9wKB8eeH/rtv/KM6su4egeBxguifH34kNvfn33vfihUrhoa7wi272c3u3oW7SoQ4nONLM0+suvRH88uDxAip43zL9HDsOIWn3PTovWSzO65mlf2r4+T4Qw8+pMXFctVRK++d7DP6vU+vtPESV8teXJr+W9q57m59vZycqhqfZ1xmIC6htf248e//w0vlr3zpyy+++OIWLc/ZzW529yLlse6LW0eWM8vY5E3CYQ7FK5Vvv/W2rCmnnnxKk9Vx+qKNO8onv/+pJ//v88d+rrQll0OpOlo8e9xLnO8TtzxO/uT455Tavu5uhHj244Pr3427xMWbuocfeljtO8Dpd6Oddtgx7gKa050TdrNb7ejtt9+uArRW3iyRyQjc45qCVZocdcTHG206p0/iwt+xQxI746eddlp27dzireXrnq554P4HxCXFs59MrLvbtt9dx+sqsjde7PBnt//0pK/982477dzoJKaqT2/Pj+zxxspVI76vELvZze4it+att+se1Vd1ldd0hZv8MvyN+/amF+F7b8/63Xcnjh1XtZtRJXj83w/cd7/vX3LpxPETypvvkLR4VcKq03x22Wnna6++Zv369SmaSbER0eb97iyy6fM40vGH3//BZz716fgZJflRJv2BpuqA91K9U5/itm1V/5HZzW529/QmSdKbq96IY6jrviFZ94Du5Hncq+yuu+6q/QOfeeaZukeC1z6pPal9BIf6xR3Xzj1n9qrXV9ZexzU+pXbanV1fx6HxcSu13/73b077+jfi+uClxkvsJkfBp7/8+OFHxJ/pvUp2s1vvF2fHfPLIoxptalcdWJ1+PN5Vu+eu39VdCf76179ucgrPNjmbJh3/9NV/XPzc800WpLHf3eY9k2ee/nu8VXvs9GOSu8E1uVZX892S7A8WY8dsl8crjLOb3drWi+5NT157dUXAPew5k1WmxLF3CxcurHPJqo1PYidkSwlO9wdaX31/+pOfeuRPD2/23l093YZdd8ffteE6tJXhfzpp8hvibvRxVN9Z/37mAfvt37/V16St1Tzescx+ht6rZDe7e2tvpKoVy1897JBDmxzIUXe7I3aoH1r4YO1xx+lf1Mphea1cRqrRCj3utBD3W4hNiVbevmtlzyRrd6M/s87HK0MvLV0WR6PPOP6ECePGV21Vj+Df3mR76lNHfTLdM7HfzW5297TjLy97KeBuftXW2h/e4/Zgj/75L7Ur7ixtcbDH1tjd6IeA0sbl55VX/Hjd2nfq3kBnxHZXrWqb/Mkbvl28Oxg3oY8LK8axfY0+/+b3nWjyr+7b/Ptl+vyaeVdbd7Ob3eDesGDcf9/9Gh38V3Vt7vQx1qdx1l9zONasWTPiXYLas37eO5owjs3oH4gdiTjArolfdT+xVvZMxo8dd9stt8Yh6ulj9kny/Nabb4nTZ/7la/8c0Dd/Z3UEi+5GF0RMnhx84EdjTyaPd0NmN7u1LfmO+0MmcNfdYs4eC5hdcce1peIMmmGXfrEq30q4q1kslcPfZ//+TPOtjBHvmWTX9eXMUXqNfvioe3T5COxu5Z7I5Y2X63rumWdzOt/YzW5ts5a//Mpee+w57AZr1Qd33XmXRU/9tfmNgJNifTridXethkd+/BOxt97KG4lbs2dSeyhk3Y2LdIzZdP+g9KDsJkeyb9G6O/vxWOCfM+vsN998s8XdIXazm93F3CpJnhz9mc9mfx5vtPrLMjTpI3vEIdvD/slJs848a8RH/mWX+XEyYVztpIlTLb5x1+K6u+7JnHVX2c0Px279357dm0q/E8RCO24xEf8N42JecWGZ5t+u2M1udveK4PfefU+5hbVhlqeAe8mzz7X+HSKOax6B2qXMX7rTxO3jNMK1b6/ZJv/w5na3fljksAv2LbqkeNX/FLff/OKxn7v2qnmxPZLHfW12s5vdH+C6O/rGqV9vvl1bpU9siy9evHgL/rLByu7/8OEm96tsfkTgQLk/7vawfPnybbbArGywe9ueDZS97lXzbwa1uyhV577H5tUZ3zw9zk196623Cjn32M1ubQO4o2lTpjY/rDhLW8Ad1yZtndH4bXH0Xl+9m8G3chTzcV/44t/+umgbrzorddbdW3Nr+SYHw2Qv9tLoyMsNP16U++PyA5fPmbvhjd8cnubObnazuwN8x2UCNyAyapjrOsXjIQcdHMcRbunfFdcF7K+5ZmzVfXZqT7I/4pBDY3s3C9k2ES35Q/7tG6dl/3UtHnnd4jZL1WXNm7/Ze8pJJ//Xz3+xcuXK2i9NUQVnN7u1tYolOsRxC60cYhw3QIhTLhst3puvcw/+2EEtnu8T4yMf3v2mG26Ms10+OMKuvmpeKXM35DFNv7WM+J3V2kuKJyOuIRU3b9tw7v6mf2Ptd5ec3hOH3exmd/t6/NHHyvXEyf4yuImLnGyRKdnfM+eHl9Xegax2kyFOIr/k4u/FlfZG8h1iS75pxbZPXGiw7p7G1izAG/3XS64ZEPe7ueWmm+PS5C3uZVl3s5vdGkbYr59yaqnxijuumxHXg20OTfPiNsFxvZGqw+Cyq914Hm+ZJq5Vqu4ls43+jVXHfV/6vUu27XuVVed8Jk8OOuDA+LHmwQcWxsZRi9/2ir3ZzW52a1vunMQ563F39nK9W1DGbnhcD3ZrQEn+v88+++w+k/auvW9DvErjCMLsyZkfBGq1/9+4F0RcRLvc4FrkIzuBKNm7j0uzfuFzn497Pix5fnHdeyMMe+K+9yrZzW61uiANy26+8aZkYzqRKK6YEXcKjjsobqu/Lu6EEPdDSG/rFX9LHFwRR5env2FwqM61W7chZLWAxqUHk8uU197ickvHPnvuFcf2/f6u38XNhjbe1qzZwr+VT9KeCbvZrS1oxYoVTz/9dDx+QH/+4OBgHB7+1FNP1Z7Y3ZFvXVEc5rFo0aInnnjiySef3PD4+BaOJ5+Mw88Lv9fBbnazu9tX4kM9sOva5EcQ//XYzW5259XurvUxv/98sZvd+sAJ+4AU61oct+GJP74NsJvd7La0z98nRm12s5vdRVb7g1vd+7bEbnazu0d57bU9E7Gb3ewuwrKxwNfTsAZnN7vZLYnd7Ga3xG52s1sSu9nNbknsZje7JXazm92S2M1udktiN7vZLYnd7JbEbnazWxK72c1uSexmtxkvsZvd7JbEbnazWxK72c1uid3sZrckdrOb3ZLYzW52S+xmN7slsZvd7JbEbnazW2I3u9ktid3sZrckdrOb3ZLYzW5J7GY3uyWxm93slsRudrNbYje72S2J3exmtyR2s5vdErvZzW5J7GZ3B+2eNWtWpVKJ35w8SspTG1+16Ys37C6xu0fsPuKww+PrnY5ZZ56VPhqGkaMRL9t4OVt394rdMcaUyi3+TsMwunCU+0rJGOgrxS+TR3YX3O74MpdHjR5o7atuGEa3jfTF2+Jgd3Hszq67t3QeGIbRWbhrf4C27u6VPZOUbGobRk7tTn9uHvZVzO6i2W3DxDDyjngrL2F2F8fuqq+6BbhhFHiwOwcHfm4/bnzdfTE0G0ZPvY2ZfZwwbvzQ4Psnc1SKcmZH7u2uVN7/Wkw5enLtT1JVG2SGYfTCwSfpe1rBQpYL6+4usjt9fvutt6XvPidftvRwQG9OGkaPvIeZXcDFhslPb7s9C0Vh+C7Cnkn6xRgcHJw6eUp4HXzHY+0X0jCMYi+9kxd++pHpU6cFC8WDuzjr7vRx5WuvB99ZtZOlt5ltGD117GA8HjNl6sqVK1McCnYJo0IdZ/Jeg5XYPJl29OSJY8dlt1DMb8Mo8MEkyVny8WT82HGTP3v0z27/6eD6d5tssbI7TxviyeEohmEUcMTBJMljb1QUuyubtk1c3FXq1Xrqtf8hX29JYrckid2SJHZLErslSeyWJLFbktgtSWK3JIndksRuSRK7JUnsliR2S5LYLUlitySJ3ZLEbkkSuyVJ7JYkdkuS2C1JYrcksVuSxG5JErslid2SJHZLktgtSWK3JLFbksRuSRK7JYndkiR2S5LYLUnsliSxW5LEbklitySJ3ZIkdksSuyVJ7JYksVuSxG5JYrckid2SJHZLErslSeyWJLFbktgtSWK3JIndksRuSRK7JUnsliSxW5LYLUlitySJ3ZLEbklSh/p/Ae/stG72EA8AAAAldEVYdGRhdGU6Y3JlYXRlADIwMTctMDgtMDFUMTA6NTU6MTYrMDI6MDC3a5bEAAAAJXRFWHRkYXRlOm1vZGlmeQAyMDE3LTA4LTAxVDEwOjU1OjE2KzAyOjAwxjYueAAAABF0RVh0ZXhpZjpDb2xvclNwYWNlADEPmwJJAAAAIXRFWHRleGlmOkRhdGVUaW1lADIwMTY6MDg6MTggMTE6MTE6MjmxsUP4AAAAGHRFWHRleGlmOkV4aWZJbWFnZUxlbmd0aAA1OTG7oVcCAAAAF3RFWHRleGlmOkV4aWZJbWFnZVdpZHRoADQ4OTA8AVQAAAATdEVYdGV4aWY6RXhpZk9mZnNldAAxNzI8A79gAAAAMXRFWHRleGlmOlNvZnR3YXJlAEFkb2JlIFBob3Rvc2hvcCBDQyAyMDE1IChNYWNpbnRvc2gpxguh2QAAABx0RVh0ZXhpZjp0aHVtYm5haWw6Q29tcHJlc3Npb24ANvllcFcAAAAodEVYdGV4aWY6dGh1bWJuYWlsOkpQRUdJbnRlcmNoYW5nZUZvcm1hdAAzMTCyMTowAAAAL3RFWHRleGlmOnRodW1ibmFpbDpKUEVHSW50ZXJjaGFuZ2VGb3JtYXRMZW5ndGgAMzUxNY3UijUAAAAfdEVYdGV4aWY6dGh1bWJuYWlsOlJlc29sdXRpb25Vbml0ADIlQF7TAAAAH3RFWHRleGlmOnRodW1ibmFpbDpYUmVzb2x1dGlvbgA3Mi8x2ocYLAAAAB90RVh0ZXhpZjp0aHVtYm5haWw6WVJlc29sdXRpb24ANzIvMXTvib0AAAA4dEVYdGljYzpjb3B5cmlnaHQAQ29weXJpZ2h0IChjKSAxOTk4IEhld2xldHQtUGFja2FyZCBDb21wYW55+Vd5NwAAACF0RVh0aWNjOmRlc2NyaXB0aW9uAHNSR0IgSUVDNjE5NjYtMi4xV63aRwAAACZ0RVh0aWNjOm1hbnVmYWN0dXJlcgBJRUMgaHR0cDovL3d3dy5pZWMuY2gcfwBMAAAAN3RFWHRpY2M6bW9kZWwASUVDIDYxOTY2LTIuMSBEZWZhdWx0IFJHQiBjb2xvdXIgc3BhY2UgLSBzUkdCRFNIqQAAAABJRU5ErkJggg==', true, NULL);
INSERT INTO micadoapp.topic VALUES (4, 'data:image/svg+xml;base64,PHN2ZyB3aWR0aD0iMjQiIGhlaWdodD0iMjQiIHZpZXdCb3g9IjAgMCAyNCAyNCIgZmlsbD0ibm9uZSIgeG1sbnM9Imh0dHA6Ly93d3cudzMub3JnLzIwMDAvc3ZnIj4KPHBhdGggZmlsbC1ydWxlPSJldmVub2RkIiBjbGlwLXJ1bGU9ImV2ZW5vZGQiIGQ9Ik0xLjIwODU4IDkuMjk1NDRDMC45MzA1MjggOS4xNDM5IDAuOTMwNDU4IDguNzQ0NyAxLjIwODQ2IDguNTkzMDZMMTEuMzcyOSAzLjA0ODg0QzExLjQ5MjMgMi45ODM3MiAxMS42MzY2IDIuOTgzNzIgMTEuNzU1OSAzLjA0ODg0TDIyLjM1NTkgOC44MzA2NkMyMi40ODQ0IDguOTAwNzUgMjIuNTY0NCA5LjAzNTQ0IDIyLjU2NDQgOS4xODE4MlYxNi41NDQ0QzIyLjU2NDQgMTYuNzY1MyAyMi4zODUzIDE2Ljk0NDQgMjIuMTY0NCAxNi45NDQ0SDIwLjk2NDRDMjAuNzQzNSAxNi45NDQ0IDIwLjU2NDQgMTYuNzY1MyAyMC41NjQ0IDE2LjU0NDRWMTAuNzA3OUMyMC41NjQ0IDEwLjQwNDQgMjAuMjM5NSAxMC4yMTE0IDE5Ljk3MyAxMC4zNTY3TDE4Ljc3MyAxMS4wMTA3QzE4LjY0NDQgMTEuMDgwOCAxOC41NjQ0IDExLjIxNTUgMTguNTY0NCAxMS4zNjE5VjE2Ljg4N0MxOC41NjQ0IDE3LjAzMzMgMTguNDg0NSAxNy4xNjggMTguMzU2IDE3LjIzODFMMTEuNzU2IDIwLjgzOThDMTEuNjM2NiAyMC45MDUgMTEuNDkyMiAyMC45MDUgMTEuMzcyOCAyMC44Mzk4TDQuNzcyNzkgMTcuMjM4MUM0LjY0NDMyIDE3LjE2OCA0LjU2NDQgMTcuMDMzMyA0LjU2NDQgMTYuODg3VjExLjM2MTlDNC41NjQ0IDExLjIxNTUgNC40ODQzOSAxMS4wODA4IDQuMzU1ODIgMTEuMDEwN0wxLjIwODU4IDkuMjk1NDRaTTExLjM3MjcgMTguNTU5N0MxMS40OTIyIDE4LjYyNDkgMTEuNjM2NiAxOC42MjQ5IDExLjc1NjEgMTguNTU5N0wxNi4zNTYxIDE2LjA0ODFDMTYuNDg0NSAxNS45NzggMTYuNTY0NCAxNS44NDMzIDE2LjU2NDQgMTUuNjk3VjEyLjg4ODVDMTYuNTY0NCAxMi41ODQ4IDE2LjIzOTMgMTIuMzkxOSAxNS45NzI3IDEyLjUzNzRMMTEuNzU2MSAxNC44Mzk3QzExLjYzNjYgMTQuOTA0OSAxMS40OTIyIDE0LjkwNDkgMTEuMzcyNyAxNC44Mzk3TDcuMTU2MDkgMTIuNTM3NEM2Ljg4OTU0IDEyLjM5MTkgNi41NjQ0IDEyLjU4NDggNi41NjQ0IDEyLjg4ODVWMTUuNjk3QzYuNTY0NCAxNS44NDMzIDYuNjQ0MjkgMTUuOTc4IDYuNzcyNzEgMTYuMDQ4MUwxMS4zNzI3IDE4LjU1OTdaIiBmaWxsPSIjNUM4MUEyIi8+Cjwvc3ZnPgo=', true, 25);


--
-- Data for Name: topic_translation; Type: TABLE DATA; Schema: micadoapp; Owner: -
--

INSERT INTO micadoapp.topic_translation VALUES (7, 'nl', '', NULL, 2, false);
INSERT INTO micadoapp.topic_translation VALUES (7, 'es', '', NULL, 2, false);
INSERT INTO micadoapp.topic_translation VALUES (7, 'en', 'Cultural', NULL, 2, false);
INSERT INTO micadoapp.topic_translation VALUES (7, 'de', '', NULL, 2, false);
INSERT INTO micadoapp.topic_translation VALUES (7, 'it', '', NULL, 2, false);
INSERT INTO micadoapp.topic_translation VALUES (13, 'nl', '', NULL, 2, false);
INSERT INTO micadoapp.topic_translation VALUES (13, 'it', '', NULL, 2, false);
INSERT INTO micadoapp.topic_translation VALUES (13, 'de', '', NULL, 2, false);
INSERT INTO micadoapp.topic_translation VALUES (13, 'en', 'Finance', NULL, 2, false);
INSERT INTO micadoapp.topic_translation VALUES (13, 'es', '', NULL, 2, false);
INSERT INTO micadoapp.topic_translation VALUES (25, 'de', '', NULL, 2, false);
INSERT INTO micadoapp.topic_translation VALUES (25, 'nl', '', NULL, 2, false);
INSERT INTO micadoapp.topic_translation VALUES (25, 'it', '', NULL, 2, false);
INSERT INTO micadoapp.topic_translation VALUES (25, 'en', 'Administration', NULL, 2, false);
INSERT INTO micadoapp.topic_translation VALUES (25, 'es', '', NULL, 2, false);
INSERT INTO micadoapp.topic_translation VALUES (1, 'nl', ' ', NULL, 2, false);
INSERT INTO micadoapp.topic_translation VALUES (1, 'en', 'House', NULL, 2, false);
INSERT INTO micadoapp.topic_translation VALUES (1, 'es', ' ', NULL, 2, false);
INSERT INTO micadoapp.topic_translation VALUES (1, 'de', 'aggiornato', '2020-06-24 21:59:35.993', 2, false);
INSERT INTO micadoapp.topic_translation VALUES (1, 'it', 'Casa', '2020-06-18 20:31:27.89', 2, false);
INSERT INTO micadoapp.topic_translation VALUES (2, 'de', 'Werk', NULL, 3, false);
INSERT INTO micadoapp.topic_translation VALUES (2, 'en', 'Employment', NULL, 3, false);
INSERT INTO micadoapp.topic_translation VALUES (2, 'it', 'Lavoro', '2020-06-18 21:42:09.469', 3, false);
INSERT INTO micadoapp.topic_translation VALUES (2, 'es', ' ', NULL, 0, false);
INSERT INTO micadoapp.topic_translation VALUES (2, 'nl', ' ', NULL, 0, false);
INSERT INTO micadoapp.topic_translation VALUES (3, 'es', '', NULL, 2, false);
INSERT INTO micadoapp.topic_translation VALUES (3, 'nl', '', NULL, 2, false);
INSERT INTO micadoapp.topic_translation VALUES (3, 'de', '', NULL, 2, false);
INSERT INTO micadoapp.topic_translation VALUES (3, 'it', '', NULL, 2, false);
INSERT INTO micadoapp.topic_translation VALUES (3, 'en', 'Health', NULL, 2, false);
INSERT INTO micadoapp.topic_translation VALUES (4, 'es', '', NULL, 2, false);
INSERT INTO micadoapp.topic_translation VALUES (4, 'en', 'Education', NULL, 2, false);
INSERT INTO micadoapp.topic_translation VALUES (4, 'de', '', NULL, 2, false);
INSERT INTO micadoapp.topic_translation VALUES (4, 'nl', '', NULL, 2, false);
INSERT INTO micadoapp.topic_translation VALUES (4, 'it', '', NULL, 2, false);


--
-- Data for Name: topic_translation_prod; Type: TABLE DATA; Schema: micadoapp; Owner: -
--

INSERT INTO micadoapp.topic_translation_prod VALUES (2, 'de', 'Werk', NULL);
INSERT INTO micadoapp.topic_translation_prod VALUES (2, 'en', 'Employment', NULL);
INSERT INTO micadoapp.topic_translation_prod VALUES (2, 'it', 'Lavoro', '2020-06-18 21:42:09.469');
INSERT INTO micadoapp.topic_translation_prod VALUES (25, 'en', 'Administration', NULL);
INSERT INTO micadoapp.topic_translation_prod VALUES (1, 'en', 'House', NULL);
INSERT INTO micadoapp.topic_translation_prod VALUES (3, 'en', 'Health', NULL);
INSERT INTO micadoapp.topic_translation_prod VALUES (4, 'en', 'Education', NULL);
INSERT INTO micadoapp.topic_translation_prod VALUES (7, 'en', 'Cultural', NULL);
INSERT INTO micadoapp.topic_translation_prod VALUES (13, 'en', 'Finance', NULL);


--
-- Data for Name: user_consent; Type: TABLE DATA; Schema: micadoapp; Owner: -
--



--
-- Data for Name: user_pictures; Type: TABLE DATA; Schema: micadoapp; Owner: -
--



--
-- Data for Name: user_preferences; Type: TABLE DATA; Schema: micadoapp; Owner: -
--



--
-- Data for Name: user_types; Type: TABLE DATA; Schema: micadoapp; Owner: -
--

INSERT INTO micadoapp.user_types VALUES (32, 'data:image/svg+xml;base64,PHN2ZyB3aWR0aD0iMjQiIGhlaWdodD0iMjQiIHZpZXdCb3g9IjAgMCAyNCAyNCIgZmlsbD0ibm9uZSIgeG1sbnM9Imh0dHA6Ly93d3cudzMub3JnLzIwMDAvc3ZnIj4KPHBhdGggZD0iTTguNjk5OTkgOC45OTk5NUMxMC41Nzc4IDguOTk5OTUgMTIuMSA3LjQ3NzcyIDEyLjEgNS41OTk5NUMxMi4xIDMuNzIyMTggMTAuNTc3OCAyLjE5OTk1IDguNjk5OTkgMi4xOTk5NUM2LjgyMjIyIDIuMTk5OTUgNS4yOTk5OSAzLjcyMjE4IDUuMjk5OTkgNS41OTk5NUM1LjI5OTk5IDcuNDc3NzIgNi44MjIyMiA4Ljk5OTk1IDguNjk5OTkgOC45OTk5NVoiIGZpbGw9IiM3MTcyNzMiLz4KPHBhdGggZD0iTTcuODAwMDIgMTYuOTk5OUM3LjgwMDAyIDE1LjA5OTkgOS4zMDAwMSAxMS44OTk5IDE0LjcgMTEuMDk5OUwxNC41IDEwLjQ5OTlDMTQuNCAxMC4wOTk5IDE0LjEgOS43OTk5MyAxMy43IDkuNzk5OTNIMTMuNkgzLjcwMDAyQzMuNzAwMDIgOS43OTk5MyAzLjcwMDAxIDkuNzk5OTMgMy42MDAwMSA5Ljc5OTkzQzMuMjAwMDEgOS43OTk5MyAyLjkwMDAxIDEwLjA5OTkgMi44MDAwMSAxMC40OTk5TDEuMTAwMDIgMTcuNjk5OUMxLjAwMDAyIDE3Ljg5OTkgMS4xMDAwMiAxOC4xOTk5IDEuMjAwMDIgMTguMzk5OUMxLjMwMDAyIDE4LjU5OTkgMS41MDAwMiAxOC43OTk5IDEuODAwMDIgMTguNzk5OUgyLjAwMDAyQzIuMTAwMDIgMTguNzk5OSAyLjEwMDAyIDE4Ljc5OTkgMi4yMDAwMiAxOC43OTk5QzIuNjAwMDIgMTguNzk5OSAzLjAwMDAxIDE4LjQ5OTkgMy4xMDAwMSAxOC4wOTk5TDQuNDAwMDIgMTIuNjk5OUg1LjAwMDAyVjIwLjA5OTlDNS4wMDAwMiAyMC4yOTk5IDUuMjAwMDIgMjAuNDk5OSA1LjQwMDAyIDIwLjQ5OTlIOC41MDAwMkM3LjcwMDAyIDE5LjE5OTkgNy43MDAwMiAxNy41OTk5IDcuODAwMDIgMTYuOTk5OVoiIGZpbGw9IiM3MTcyNzMiLz4KPHBhdGggZD0iTTIyLjIgMTAuNVYxNS42QzIyLjIgMTUuNiAyMS43IDIxLjggMTUuMyAyMS44QzguOTAwMDIgMjEuOCA5LjgwMDAyIDE3LjEgOS44MDAwMiAxNy4xQzkuODAwMDIgMTcuMSA5LjYwMDAyIDEzLjYgMTUuNiAxM0MyMS42IDEyLjQgMjIuMiAxMC41IDIyLjIgMTAuNVoiIGZpbGw9IiNGMTVBNDAiLz4KPHBhdGggZD0iTTE4LjIgMTguOUMxOC4xIDE4LjkgMTcuOSAxOC45IDE3LjkgMTguOUMxNy45IDE4LjkgMTcuOCAxOC43IDE3LjggMTguNVYxNi4yQzE3LjggMTUuMSAxNy4yIDE0LjUgMTUuOSAxNC41QzE1LjIgMTQuNSAxNC42IDE0LjYgMTQuMyAxNUMxNC4xIDE1LjIgMTQgMTUuMyAxMy45IDE1LjZDMTQuMiAxNS44IDE0LjIgMTUuOSAxNC40IDE2LjFDMTQuOCAxNS42IDE1LjIgMTUuNCAxNS45IDE1LjRDMTYuMiAxNS40IDE2LjUgMTUuNSAxNi43IDE1LjZDMTYuOSAxNS43IDE3IDE1LjkgMTcgMTYuMkMxNyAxNi4zIDE3IDE2LjQgMTYuOSAxNi40QzE2LjkgMTYuNSAxNi44IDE2LjUgMTYuOCAxNi42QzE2LjggMTYuNiAxNi43IDE2LjcgMTYuNiAxNi43QzE2LjUgMTYuNyAxNi40IDE2LjggMTYuMyAxNi44QzE2LjIgMTYuOCAxNi4xIDE2LjggMTUuOSAxNi45QzE1LjYgMTYuOSAxNS40IDE3IDE1LjIgMTdDMTUgMTcgMTQuOCAxNy4xIDE0LjYgMTcuMkMxNC40IDE3LjMgMTQuMiAxNy40IDE0LjEgMTcuNUMxNCAxNy42IDEzLjkgMTcuOCAxMy44IDE3LjlDMTMuNyAxOC4xIDEzLjcgMTguMyAxMy43IDE4LjVDMTMuNyAxOSAxMy45IDE5LjMgMTQuMiAxOS42QzE0LjUgMTkuOCAxNC45IDIwIDE1LjUgMjBDMTYuMSAyMCAxNi43IDE5LjggMTcuMSAxOS4zQzE3LjIgMTkuNyAxNy41IDE5LjkgMTggMTkuOUMxOC4yIDE5LjkgMTguMyAxOS45IDE4LjUgMTkuOEgxOC42VjE5LjFMMTguMiAxOC45Wk0xNi45IDE3LjhDMTYuOSAxOC4xIDE2LjggMTguNCAxNi41IDE4LjZDMTYuMyAxOC45IDE1LjkgMTkgMTUuNSAxOUMxNC43IDE5IDE0LjYgMTguNiAxNC42IDE4LjNDMTQuNiAxOC4yIDE0LjYgMTguMSAxNC43IDE4QzE0LjcgMTcuOSAxNC44IDE3LjggMTQuOSAxNy44QzE1IDE3LjcgMTUuMSAxNy43IDE1LjIgMTcuNkMxNS4zIDE3LjUgMTUuNSAxNy41IDE1LjYgMTcuNUwxNiAxNy40QzE2LjQgMTcuMyAxNi44IDE3LjIgMTcgMTcuMVYxNy44SDE2LjlaIiBmaWxsPSJ3aGl0ZSIvPgo8L3N2Zz4K', true);
INSERT INTO micadoapp.user_types VALUES (9, 'data:image/svg+xml;base64,PHN2ZyB3aWR0aD0iMjQiIGhlaWdodD0iMjQiIHZpZXdCb3g9IjAgMCAyNCAyNCIgZmlsbD0ibm9uZSIgeG1sbnM9Imh0dHA6Ly93d3cudzMub3JnLzIwMDAvc3ZnIj4KPHBhdGggZD0iTTE0LjkzNiAxNi40OEg5Ljg0OEw4Ljk4NCAxOS4zNkg1TDEwLjYxNiA0SDE0LjEyTDE5Ljc4NCAxOS4zNkgxNS44TDE0LjkzNiAxNi40OFpNMTAuNzEyIDEzLjY0OEgxNC4wMjRMMTIuMzkyIDguMzJMMTAuNzEyIDEzLjY0OFoiIGZpbGw9IiNGQkE1NUEiLz4KPC9zdmc+Cg==', true);
INSERT INTO micadoapp.user_types VALUES (31, 'data:image/svg+xml;base64,PHN2ZyB3aWR0aD0iMjQiIGhlaWdodD0iMjQiIHZpZXdCb3g9IjAgMCAyNCAyNCIgZmlsbD0ibm9uZSIgeG1sbnM9Imh0dHA6Ly93d3cudzMub3JnLzIwMDAvc3ZnIj4KPHBhdGggZD0iTTE2IDIyLjVDMTkuNzAwMyAyMi41IDIyLjcgMTkuNTAwMyAyMi43IDE1LjhDMjIuNyAxMi4wOTk3IDE5LjcwMDMgOS4wOTk5OCAxNiA5LjA5OTk4QzEyLjI5OTcgOS4wOTk5OCA5LjI5OTk5IDEyLjA5OTcgOS4yOTk5OSAxNS44QzkuMjk5OTkgMTkuNTAwMyAxMi4yOTk3IDIyLjUgMTYgMjIuNVoiIGZpbGw9IiNDQzAwM0QiLz4KPHBhdGggZD0iTTE2LjcgMTIuNEMxNi44IDEyLjYgMTYuOSAxMi45IDE3IDEzLjFDMTcuMiAxMy42IDE3LjQgMTQuMSAxNy42IDE0LjZDMTcuOCAxNSAxNy45IDE1LjUgMTguMSAxNS45QzE4LjMgMTYuNSAxOC41IDE3IDE4LjcgMTcuNkMxOC44IDE3LjkgMTguOSAxOC4xIDE5IDE4LjRDMTkuMSAxOC42IDE5LjIgMTguOSAxOS4zIDE5LjFDMTkuMyAxOS4yIDE5LjQgMTkuMyAxOS40IDE5LjNDMTguOSAxOS4zIDE4LjQgMTkuMyAxNy45IDE5LjNDMTcuOCAxOSAxNy43IDE4LjggMTcuNiAxOC41QzE3LjUgMTguMyAxNy40IDE4IDE3LjQgMTcuOEMxNi42IDE3LjggMTUuOCAxNy44IDE1IDE3LjhDMTQuOCAxOC4yIDE0LjcgMTguNyAxNC41IDE5LjFDMTQuNSAxOS4yIDE0LjQgMTkuMiAxNC40IDE5LjNDMTMuOSAxOS4zIDEzLjUgMTkuMyAxMyAxOS4zQzEzLjEgMTkuMSAxMy4xIDE4LjkgMTMuMiAxOC43QzEzLjMgMTguNCAxMy41IDE4IDEzLjYgMTcuN0MxMy45IDE3IDE0LjEgMTYuNCAxNC40IDE1LjdDMTQuNSAxNS41IDE0LjUgMTUuNCAxNC42IDE1LjJDMTQuNyAxNSAxNC44IDE0LjcgMTQuOSAxNC41QzE1IDE0LjMgMTUgMTQuMSAxNS4xIDEzLjlDMTUuMiAxMy43IDE1LjIgMTMuNSAxNS4zIDEzLjNDMTUuNCAxMyAxNS41IDEyLjcgMTUuNyAxMi40QzE1LjggMTIuNCAxNi4yIDEyLjQgMTYuNyAxMi40Wk0xNi43IDE2LjRDMTYuNiAxNi4yIDE2LjUgMTUuOSAxNi41IDE1LjdDMTYuNCAxNS40IDE2LjMgMTUgMTYuMSAxNC43QzE2LjEgMTQuNiAxNiAxNC41IDE2IDE0LjRDMTYgMTQuMyAxNiAxNC4yIDE1LjkgMTQuMUMxNS45IDE0LjIgMTUuOSAxNC4yIDE1LjggMTQuM0MxNS44IDE0LjQgMTUuNyAxNC41IDE1LjcgMTQuNkMxNS43IDE0LjcgMTUuNiAxNC45IDE1LjYgMTVDMTUuNiAxNS4xIDE1LjUgMTUuMiAxNS41IDE1LjRDMTUuNCAxNS42IDE1LjQgMTUuNyAxNS4zIDE1LjlDMTUuMiAxNiAxNS4yIDE2LjIgMTUuMSAxNi4zQzE1LjcgMTYuNCAxNi4yIDE2LjQgMTYuNyAxNi40WiIgZmlsbD0iI0ZFRkRGRCIvPgo8cGF0aCBkPSJNMTIuNiAxNS41QzEyLjYgMTUuNSAxMi42IDE1LjYgMTIuNiAxNS43QzEyLjYgMTUuOCAxMi41IDE1LjkgMTIuNSAxNkMxMi41IDE2LjEgMTIuNCAxNi4xIDEyLjMgMTYuMUMxMiAxNiAxMS44IDE2IDExLjcgMTUuOUMxMS42IDE1LjkgMTEuNCAxNS44IDExLjMgMTUuOEMxMS4yIDE1LjggMTEuMSAxNS43IDExIDE1LjdDMTAuOSAxNS43IDEwLjggMTUuNiAxMC43IDE1LjZDMTAuNiAxNS42IDEwLjUgMTUuNiAxMC41IDE1LjVDMTAuNCAxNS41IDEwLjQgMTUuNSAxMC4zIDE1LjRDMTAuMyAxNS4zIDEwLjMgMTUuMyAxMC4zIDE1LjJDMTAuMyAxNS4xIDEwLjQgMTQuOSAxMC40IDE0LjhDMTAuNCAxNC43IDEwLjUgMTQuNiAxMC42IDE0LjdDMTAuOCAxNC44IDEwLjkgMTQuOCAxMS4xIDE0LjlDMTEuMyAxNSAxMS40IDE1IDExLjYgMTUuMUMxMS44IDE1LjIgMTIgMTUuMiAxMi4yIDE1LjNDMTIuMyAxNS4zIDEyLjQgMTUuNCAxMi41IDE1LjRDMTIuNSAxNS4zIDEyLjYgMTUuNCAxMi42IDE1LjVaIiBmaWxsPSIjRjE4RDAzIi8+CjxwYXRoIGQ9Ik0xOS43IDE1LjJDMTkuOCAxNS4yIDE5LjkgMTUuMSAyMCAxNS4xQzIwLjMgMTUgMjAuNiAxNC45IDIwLjggMTQuOEMyMSAxNC43IDIxLjIgMTQuNyAyMS4zIDE0LjZDMjEuNCAxNC42IDIxLjUgMTQuNiAyMS41IDE0LjZDMjEuNSAxNC42IDIxLjUgMTQuNyAyMS42IDE0LjdDMjEuNiAxNC44IDIxLjcgMTUgMjEuNyAxNS4xQzIxLjcgMTUuMiAyMS43IDE1LjMgMjEuNiAxNS4zQzIxLjQgMTUuNCAyMS4yIDE1LjQgMjEuMSAxNS41QzIwLjkgMTUuNiAyMC42IDE1LjcgMjAuNCAxNS43QzIwLjIgMTUuOCAxOS45IDE1LjkgMTkuNyAxNS45QzE5LjYgMTUuOSAxOS41IDE1LjkgMTkuNSAxNS44QzE5LjUgMTUuNiAxOS40IDE1LjUgMTkuMyAxNS4zQzE5LjMgMTUuMiAxOS4zIDE1LjIgMTkuMyAxNS4xSDE5LjRDMTkuNiAxNS4yIDE5LjYgMTUuMiAxOS43IDE1LjJaIiBmaWxsPSIjRjE4RDAzIi8+CjxwYXRoIGQ9Ik0xOSAxNC42SDE4LjlDMTguOCAxNC41IDE4LjYgMTQuNCAxOC41IDE0LjNDMTguNCAxNC4yIDE4LjQgMTQuMSAxOC41IDE0QzE4LjYgMTMuOCAxOC44IDEzLjYgMTguOSAxMy40QzE5IDEzLjIgMTkuMSAxMy4xIDE5LjMgMTIuOUMxOS4zIDEyLjkgMTkuMyAxMi44IDE5LjQgMTIuOEMxOS41IDEyLjcgMTkuNiAxMi43IDE5LjYgMTIuOEMxOS43IDEyLjkgMTkuOCAxMi45IDE5LjggMTNDMTkuOSAxMyAxOS45IDEzLjEgMjAgMTMuMUMyMC4xIDEzLjEgMjAuMSAxMy4zIDIwIDEzLjNDMjAgMTMuNCAxOS45IDEzLjQgMTkuOSAxMy41QzE5LjggMTMuNyAxOS42IDEzLjkgMTkuNSAxNC4xQzE5LjQgMTQuMiAxOS4zIDE0LjQgMTkuMiAxNC41QzE5LjIgMTQuNiAxOS4xIDE0LjYgMTkgMTQuNloiIGZpbGw9IiNGMThEMDMiLz4KPHBhdGggZD0iTTEzLjUgMTQuMkMxMy4zIDE0LjQgMTMuMiAxNC41IDEzIDE0LjZDMTIuOSAxNC42IDEyLjggMTQuNiAxMi44IDE0LjZDMTIuNyAxNC41IDEyLjYgMTQuMyAxMi41IDE0LjJDMTIuNCAxNCAxMi4yIDEzLjggMTIuMSAxMy42QzEyIDEzLjUgMTIgMTMuNSAxMS45IDEzLjRDMTEuOSAxMy4zIDExLjkgMTMuMiAxMS45IDEzLjJDMTIgMTMuMSAxMi4xIDEzIDEyLjIgMTNDMTIuMiAxMyAxMi4zIDEzIDEyLjMgMTIuOUMxMi40IDEyLjggMTIuNSAxMi44IDEyLjYgMTIuOUMxMi43IDEzLjEgMTIuOSAxMy4zIDEzIDEzLjRDMTMuMSAxMy42IDEzLjMgMTMuOCAxMy40IDE0QzEzLjQgMTQgMTMuNCAxNCAxMy40IDE0LjFDMTMuNSAxNC4xIDEzLjUgMTQuMSAxMy41IDE0LjJaIiBmaWxsPSIjRjE4RDAzIi8+CjxwYXRoIGQ9Ik0xMC43IDE4LjJDMTAuNiAxOC4xIDEwLjYgMTguMSAxMC42IDE4QzEwLjYgMTcuOSAxMC41IDE3LjggMTAuNSAxNy43QzEwLjUgMTcuNiAxMC41IDE3LjUgMTAuNiAxNy41QzEwLjggMTcuNCAxMC45IDE3LjQgMTEuMSAxNy4zQzExLjIgMTcuMyAxMS40IDE3LjIgMTEuNSAxNy4yQzExLjcgMTcuMSAxMS44IDE3LjEgMTIgMTdDMTIuMSAxNyAxMi4yIDE3IDEyLjMgMTcuMkMxMi4zIDE3LjMgMTIuNCAxNy41IDEyLjQgMTcuNkMxMi40IDE3LjcgMTIuNCAxNy44IDEyLjMgMTcuOEMxMi4xIDE3LjkgMTEuOSAxNy45IDExLjcgMThDMTEuNSAxOC4xIDExLjMgMTguMSAxMS4xIDE4LjJIMTFIMTAuOUMxMC43IDE4LjIgMTAuNyAxOC4yIDEwLjcgMTguMloiIGZpbGw9IiNGMThEMDMiLz4KPHBhdGggZD0iTTIxLjUgMTcuN0MyMS41IDE3LjggMjEuNCAxNy45IDIxLjQgMThDMjEuNCAxOC4xIDIxLjQgMTguMSAyMS4zIDE4LjJIMjEuMkMyMS4yIDE4LjIgMjEuMiAxOC4yIDIxLjEgMTguMkMyMSAxOC4yIDIwLjkgMTguMSAyMC44IDE4LjFDMjAuNiAxOCAyMC4zIDE3LjkgMjAuMSAxNy44QzIwIDE3LjggMTkuOSAxNy43IDE5LjggMTcuN0MxOS43IDE3LjcgMTkuNiAxNy42IDE5LjcgMTcuNUMxOS43IDE3LjMgMTkuOCAxNy4yIDE5LjggMTdDMTkuOCAxNi45IDE5LjkgMTYuOSAyMCAxNi45QzIwLjEgMTYuOSAyMC4zIDE3IDIwLjQgMTdDMjAuNiAxNy4xIDIwLjggMTcuMSAyMSAxNy4yQzIxLjEgMTcuMyAyMS4zIDE3LjMgMjEuNCAxNy40QzIxLjQgMTcuNCAyMS41IDE3LjQgMjEuNSAxNy41QzIxLjUgMTcuNSAyMS41IDE3LjUgMjEuNSAxNy43QzIxLjUgMTcuNiAyMS41IDE3LjYgMjEuNSAxNy43WiIgZmlsbD0iI0YxOEQwMyIvPgo8cGF0aCBkPSJNMTAuNyAxOC4yQzEwLjcgMTguMiAxMC44IDE4LjMgMTAuOCAxOC4ySDEwLjlIMTAuOEgxMC43WiIgZmlsbD0iI0M0MjYxNyIvPgo8cGF0aCBkPSJNMTkuNCAxNS4yOTk5QzE5LjQgMTUuMzk5OSAxOS4zIDE1LjM5OTkgMTkuNCAxNS40OTk5QzE5LjMgMTUuNDk5OSAxOS40IDE1LjM5OTkgMTkuNCAxNS4yOTk5QzE5LjQgMTUuMzk5OSAxOS40IDE1LjI5OTkgMTkuNCAxNS4yOTk5WiIgZmlsbD0iI0U5NUMyOCIvPgo8cGF0aCBkPSJNOC42OTk5OSA4LjEwMDA1QzEwLjU3NzggOC4xMDAwNSAxMi4xIDYuNTc3ODIgMTIuMSA0LjcwMDA1QzEyLjEgMi44MjIyOCAxMC41Nzc4IDEuMzAwMDUgOC42OTk5OSAxLjMwMDA1QzYuODIyMjIgMS4zMDAwNSA1LjI5OTk5IDIuODIyMjggNS4yOTk5OSA0LjcwMDA1QzUuMjk5OTkgNi41Nzc4MiA2LjgyMjIyIDguMTAwMDUgOC42OTk5OSA4LjEwMDA1WiIgZmlsbD0iIzcxNzI3MyIvPgo8cGF0aCBkPSJNNy45OTk5NSAxNS44QzcuOTk5OTUgMTIuOCA5LjU5OTk1IDEwLjMgMTIgOC45MDAwMkgzLjY5OTk1QzMuNjk5OTUgOC45MDAwMiAzLjY5OTk1IDguOTAwMDIgMy41OTk5NSA4LjkwMDAyQzMuMTk5OTUgOC45MDAwMiAyLjg5OTk1IDkuMjAwMDMgMi43OTk5NSA5LjYwMDAzTDEuMDk5OTUgMTYuOEMwLjk5OTk1NCAxNyAxLjA5OTk1IDE3LjMgMS4xOTk5NSAxNy41QzEuMjk5OTUgMTcuNyAxLjQ5OTk1IDE3LjkgMS43OTk5NSAxNy45TDEuOTk5OTUgMThDMi4wOTk5NSAxOCAyLjA5OTk1IDE4IDIuMTk5OTUgMThDMi41OTk5NSAxOCAyLjk5OTk1IDE3LjcgMy4wOTk5NSAxNy4zTDQuMzk5OTUgMTEuOUg0Ljk5OTk1VjE5LjNDNC45OTk5NSAxOS41IDUuMTk5OTUgMTkuNyA1LjM5OTk1IDE5LjdIOC44OTk5NUM4Ljg5OTk1IDE5LjYgOC44OTk5NSAxOS41IDguNzk5OTUgMTkuNEM4LjI5OTk1IDE4LjQgNy45OTk5NSAxNy4xIDcuOTk5OTUgMTUuOFoiIGZpbGw9IiM3MTcyNzMiLz4KPC9zdmc+Cg==', true);
INSERT INTO micadoapp.user_types VALUES (29, 'data:image/svg+xml;base64,PHN2ZyB3aWR0aD0iMjQiIGhlaWdodD0iMjQiIHZpZXdCb3g9IjAgMCAyNCAyNCIgZmlsbD0ibm9uZSIgeG1sbnM9Imh0dHA6Ly93d3cudzMub3JnLzIwMDAvc3ZnIj4KPHBhdGggZD0iTTEyIDIyLjFDMTcuNTc4MSAyMi4xIDIyLjEgMTcuNTc4MSAyMi4xIDEyQzIyLjEgNi40MjE5NSAxNy41NzgxIDEuOTAwMDIgMTIgMS45MDAwMkM2LjQyMTk1IDEuOTAwMDIgMS45MDAwMiA2LjQyMTk1IDEuOTAwMDIgMTJDMS45MDAwMiAxNy41NzgxIDYuNDIxOTUgMjIuMSAxMiAyMi4xWiIgZmlsbD0iI0NDMDAzRCIvPgo8cGF0aCBkPSJNMTMgNi45MDAwNUMxMy4xIDcuMjAwMDUgMTMuMyA3LjYwMDA1IDEzLjQgNy45MDAwNUMxMy43IDguNjAwMDUgMTQgOS40MDAwNSAxNC4yIDEwLjFDMTQuNCAxMC44IDE0LjcgMTEuNCAxNC45IDEyLjFDMTUuMiAxMi45IDE1LjUgMTMuOCAxNS45IDE0LjZDMTYgMTUgMTYuMiAxNS40IDE2LjMgMTUuOEMxNi40IDE2LjEgMTYuNiAxNi41IDE2LjcgMTYuOEMxNi43IDE2LjkgMTYuOCAxNyAxNi44IDE3LjFDMTYuOCAxNy4xIDE2LjggMTcuMSAxNi43IDE3LjFDMTYgMTcuMSAxNS4yIDE3LjEgMTQuNSAxNy4xQzE0LjQgMTYuNyAxNC4yIDE2LjMgMTQuMSAxNS45QzE0IDE1LjYgMTMuOSAxNS4yIDEzLjcgMTQuOUMxMy43IDE0LjkgMTMuNyAxNC45IDEzLjcgMTQuOEMxMy43IDE0LjggMTMuNyAxNC44IDEzLjYgMTQuOEMxMi40IDE0LjggMTEuMiAxNC44IDkuOTAwMDIgMTQuOEM5LjkwMDAyIDE0LjggOS45MDAwMiAxNC44IDkuODAwMDIgMTQuOEM5LjYwMDAyIDE1LjUgOS4zMDAwMiAxNi4xIDkuMTAwMDIgMTYuOEM5LjEwMDAyIDE2LjkgOS4wMDAwMiAxNyA5LjAwMDAyIDE3LjFDOC4zMDAwMiAxNy4xIDcuNjAwMDIgMTcuMSA2LjkwMDAyIDE3LjFDNy4wMDAwMiAxNi44IDcuMTAwMDIgMTYuNSA3LjIwMDAyIDE2LjJDNy40MDAwMiAxNS43IDcuNjAwMDIgMTUuMiA3LjgwMDAyIDE0LjdDOC4yMDAwMiAxMy43IDguNjAwMDIgMTIuNyA4LjkwMDAyIDExLjdDOS4wMDAwMiAxMS41IDkuMTAwMDIgMTEuMiA5LjIwMDAyIDExQzkuMzAwMDIgMTAuNyA5LjUwMDAyIDEwLjMgOS42MDAwMiAxMEM5LjcwMDAyIDkuNzAwMDUgOS44MDAwMiA5LjQwMDA1IDkuOTAwMDIgOS4yMDAwNUMxMCA4LjkwMDA1IDEwLjEgOC42MDAwNSAxMC4yIDguMzAwMDVDMTAuNCA3LjgwMDA1IDEwLjYgNy40MDAwNSAxMC43IDYuOTAwMDVDMTAuNyA2LjkwMDA1IDEwLjcgNi45MDAwNSAxMC43IDYuODAwMDVDMTAuNyA2LjgwMDA1IDEwLjcgNi44MDAwNSAxMC44IDYuODAwMDVDMTEuNyA2LjkwMDA1IDEyLjQgNi45MDAwNSAxMyA2LjkwMDA1Wk0xMy4xIDEyLjlDMTMgMTIuNSAxMi45IDEyLjIgMTIuNyAxMS45QzEyLjUgMTEuNCAxMi4zIDEwLjkgMTIuMiAxMC4zQzEyLjIgMTAuMiAxMi4xIDEwIDEyLjEgOS45MDAwNUMxMiA5LjgwMDA1IDEyIDkuNjAwMDUgMTIgOS41MDAwNUMxMiA5LjUwMDA1IDEyIDkuNTAwMDUgMTIgOS42MDAwNUMxMiA5LjcwMDA1IDExLjkgOS44MDAwNSAxMS45IDkuOTAwMDVDMTEuOCAxMC4xIDExLjggMTAuMiAxMS43IDEwLjRDMTEuNiAxMC42IDExLjYgMTAuOCAxMS41IDExQzExLjQgMTEuMiAxMS40IDExLjQgMTEuMyAxMS42QzExLjIgMTEuOSAxMS4xIDEyLjEgMTEgMTIuNEMxMC45IDEyLjYgMTAuOCAxMi44IDEwLjggMTNDMTAuOCAxMyAxMC44IDEzIDEwLjkgMTNDMTEuNiAxMi45IDEyLjMgMTIuOSAxMy4xIDEyLjlaIiBmaWxsPSIjRkVGREZEIi8+CjxwYXRoIGQ9Ik02LjkwMDAyIDExLjYwMDFDNi45MDAwMiAxMS42MDAxIDYuOTAwMDIgMTEuNzAwMSA2LjgwMDAyIDExLjgwMDFDNi43MDAwMiAxMi4wMDAxIDYuNzAwMDIgMTIuMTAwMSA2LjYwMDAyIDEyLjMwMDFDNi41MDAwMiAxMi40MDAxIDYuNDAwMDIgMTIuNTAwMSA2LjIwMDAyIDEyLjUwMDFDNS45MDAwMiAxMi40MDAxIDUuNzAwMDIgMTIuMzAwMSA1LjQwMDAyIDEyLjIwMDFDNS4yMDAwMiAxMi4xMDAxIDUuMDAwMDIgMTIuMTAwMSA0LjgwMDAyIDEyLjAwMDFDNC42MDAwMiAxMS45MDAxIDQuNTAwMDIgMTEuOTAwMSA0LjMwMDAyIDExLjgwMDFDNC4yMDAwMiAxMS44MDAxIDQuMDAwMDIgMTEuNzAwMSAzLjkwMDAyIDExLjYwMDFDMy44MDAwMiAxMS42MDAxIDMuNzAwMDIgMTEuNTAwMSAzLjUwMDAyIDExLjUwMDFDMy40MDAwMiAxMS41MDAxIDMuMzAwMDIgMTEuNDAwMSAzLjIwMDAyIDExLjMwMDFDMy4xMDAwMiAxMS4yMDAxIDMuMjAwMDIgMTEuMTAwMSAzLjIwMDAyIDExLjAwMDFDMy4zMDAwMiAxMC44MDAxIDMuMzAwMDIgMTAuNjAwMSAzLjQwMDAyIDEwLjQwMDFDMy41MDAwMiAxMC4yMDAxIDMuNjAwMDIgMTAuMjAwMSAzLjgwMDAyIDEwLjIwMDFDNC4wMDAwMiAxMC4zMDAxIDQuMzAwMDIgMTAuNDAwMSA0LjUwMDAyIDEwLjQwMDFDNC43MDAwMiAxMC41MDAxIDUuMDAwMDIgMTAuNjAwMSA1LjIwMDAyIDEwLjcwMDFDNS41MDAwMiAxMC44MDAxIDUuODAwMDIgMTAuOTAwMSA2LjEwMDAyIDExLjAwMDFDNi4zMDAwMiAxMS4xMDAxIDYuNDAwMDIgMTEuMTAwMSA2LjYwMDAyIDExLjIwMDFDNi44MDAwMiAxMS4zMDAxIDYuOTAwMDIgMTEuNDAwMSA2LjkwMDAyIDExLjYwMDFaIiBmaWxsPSIjRjE4RDAzIi8+CjxwYXRoIGQ9Ik0xNy41IDExLjEwMDFDMTcuNyAxMS4wMDAxIDE3LjggMTEuMDAwMSAxOCAxMC45MDAxQzE4LjQgMTAuODAwMSAxOC44IDEwLjYwMDEgMTkuMyAxMC41MDAxQzE5LjYgMTAuNDAwMSAxOS44IDEwLjMwMDEgMjAuMSAxMC4yMDAxQzIwLjIgMTAuMjAwMSAyMC4zIDEwLjIwMDEgMjAuNCAxMC4zMDAxQzIwLjQgMTAuNDAwMSAyMC41IDEwLjQwMDEgMjAuNSAxMC41MDAxQzIwLjYgMTAuNzAwMSAyMC42IDEwLjkwMDEgMjAuNyAxMS4xMDAxQzIwLjcgMTEuMjAwMSAyMC43IDExLjQwMDEgMjAuNSAxMS40MDAxQzIwLjIgMTEuNTAwMSAyMCAxMS42MDAxIDE5LjcgMTEuNzAwMUMxOS40IDExLjgwMDEgMTkgMTEuOTAwMSAxOC43IDEyLjAwMDFDMTguNCAxMi4xMDAxIDE4IDEyLjIwMDEgMTcuNyAxMi4zMDAxQzE3LjUgMTIuNDAwMSAxNy40IDEyLjMwMDEgMTcuMyAxMi4xMDAxQzE3LjIgMTEuOTAwMSAxNy4xIDExLjYwMDEgMTcuMSAxMS40MDAxQzE3LjEgMTEuMzAwMSAxNy4xIDExLjIwMDEgMTcuMiAxMS4xMDAxQzE3LjMgMTEuMTAwMSAxNy4zIDExLjEwMDEgMTcuNCAxMS4xMDAxQzE3LjQgMTEuMjAwMSAxNy41IDExLjIwMDEgMTcuNSAxMS4xMDAxWiIgZmlsbD0iI0YxOEQwMyIvPgo8cGF0aCBkPSJNMTYuNjAwMSAxMC4yQzE2LjUwMDEgMTAuMiAxNi41MDAxIDEwLjIgMTYuNDAwMSAxMC4xQzE2LjIwMDEgMTAgMTYuMDAwMSA5LjkgMTUuODAwMSA5LjdDMTUuNzAwMSA5LjYgMTUuNjAwMSA5LjQgMTUuNzAwMSA5LjNDMTYuMDAwMSA5IDE2LjIwMDEgOC43IDE2LjQwMDEgOC41QzE2LjYwMDEgOC4yIDE2LjgwMDEgOCAxNy4wMDAxIDcuN0wxNy4xMDAxIDcuNkMxNy4yMDAxIDcuNSAxNy40MDAxIDcuNSAxNy41MDAxIDcuNUMxNy42MDAxIDcuNiAxNy43MDAxIDcuNyAxNy45MDAxIDcuOEMxNy45MDAxIDcuOSAxOC4wMDAxIDcuOSAxOC4xMDAxIDhDMTguMjAwMSA4LjEgMTguMjAwMSA4LjIgMTguMjAwMSA4LjNDMTguMTAwMSA4LjQgMTguMTAwMSA4LjUgMTguMDAwMSA4LjZDMTcuODAwMSA4LjkgMTcuNjAwMSA5LjIgMTcuNDAwMSA5LjRDMTcuMjAwMSA5LjYgMTcuMTAwMSA5LjggMTYuOTAwMSAxMC4xQzE2LjgwMDEgMTAuMiAxNi43MDAxIDEwLjIgMTYuNjAwMSAxMC4yWiIgZmlsbD0iI0YxOEQwMyIvPgo8cGF0aCBkPSJNOC4yMDAwNSA5LjYwMDAxQzguMjAwMDUgOS42MDAwMSA4LjIwMDA1IDkuNzAwMDEgOC4yMDAwNSA5LjYwMDAxQzcuOTAwMDUgOS44MDAwMSA3LjcwMDA1IDEwIDcuNTAwMDUgMTAuMkM3LjQwMDA1IDEwLjMgNy4yMDAwNSAxMC4yIDcuMjAwMDUgMTAuMkM3LjAwMDA1IDkuOTAwMDEgNi45MDAwNSA5LjcwMDAxIDYuNzAwMDUgOS41MDAwMUM2LjUwMDA1IDkuMjAwMDEgNi4zMDAwNSA4LjkwMDAxIDYuMTAwMDUgOC42MDAwMUM2LjAwMDA1IDguNTAwMDEgNS45MDAwNSA4LjQwMDAxIDUuODAwMDUgOC4zMDAwMUM1LjgwMDA1IDguMjAwMDEgNS44MDAwNSA4LjEwMDAxIDUuOTAwMDUgOC4wMDAwMUM2LjAwMDA1IDcuOTAwMDEgNi4yMDAwNSA3LjgwMDAxIDYuMzAwMDUgNy42MDAwMUw2LjQwMDA1IDcuNTAwMDFDNi41MDAwNSA3LjQwMDAxIDYuNzAwMDUgNy40MDAwMSA2LjgwMDA1IDcuNjAwMDFDNy4wMDAwNSA3LjkwMDAxIDcuMjAwMDUgOC4xMDAwMSA3LjQwMDA1IDguNDAwMDFDNy43MDAwNSA4LjcwMDAxIDguMDAwMDUgOS4wMDAwMSA4LjIwMDA1IDkuMzAwMDFDOC4yMDAwNSA5LjMwMDAxIDguMjAwMDUgOS40MDAwMSA4LjMwMDA1IDkuNDAwMDFDOC4yMDAwNSA5LjQwMDAxIDguMjAwMDUgOS41MDAwMSA4LjIwMDA1IDkuNjAwMDFaIiBmaWxsPSIjRjE4RDAzIi8+CjxwYXRoIGQ9Ik00IDE1LjZDMy45IDE1LjUgMy45IDE1LjQgMy45IDE1LjNDMy44IDE1LjEgMy44IDE1IDMuNyAxNC44QzMuNiAxNC42IDMuNyAxNC41IDMuOSAxNC40QzQuMSAxNC4zIDQuNCAxNC4yIDQuNiAxNC4xQzQuOCAxNC4xIDUgMTQgNS4yIDEzLjlDNS40IDEzLjggNS43IDEzLjcgNS45IDEzLjdDNi4xIDEzLjYgNi4yIDEzLjcgNi4zIDEzLjlDNi40IDE0LjEgNi40IDE0LjMgNi41IDE0LjVDNi42IDE0LjcgNi41IDE0LjggNi4zIDE0LjlDNiAxNSA1LjcgMTUuMSA1LjQgMTUuMkM1LjEgMTUuMyA0LjggMTUuNCA0LjUgMTUuNUM0LjQgMTUuNSA0LjQgMTUuNSA0LjMgMTUuNkM0LjMgMTUuNiA0LjMgMTUuNiA0LjIgMTUuNkM0LjEgMTUuNiA0LjEgMTUuNiA0IDE1LjZDNC4xIDE1LjYgNCAxNS42IDQgMTUuNloiIGZpbGw9IiNGMThEMDMiLz4KPHBhdGggZD0iTTIwLjMgMTQuODAwMUMyMC4yIDE1LjAwMDEgMjAuMiAxNS4xMDAxIDIwLjEgMTUuMzAwMUMyMC4xIDE1LjQwMDEgMjAgMTUuNTAwMSAyMCAxNS42MDAxQzE5LjkgMTUuNjAwMSAxOS45IDE1LjcwMDEgMTkuOCAxNS43MDAxSDE5LjdDMTkuNSAxNS42MDAxIDE5LjQgMTUuNjAwMSAxOS4yIDE1LjUwMDFDMTguOCAxNS40MDAxIDE4LjUgMTUuMjAwMSAxOC4xIDE1LjEwMDFDMTggMTUuMTAwMSAxNy44IDE1LjAwMDEgMTcuNyAxNS4wMDAxQzE3LjUgMTQuOTAwMSAxNy41IDE0LjgwMDEgMTcuNSAxNC42MDAxQzE3LjYgMTQuNDAwMSAxNy42IDE0LjEwMDEgMTcuNyAxMy45MDAxQzE3LjcgMTMuODAwMSAxNy45IDEzLjcwMDEgMTggMTMuNzAwMUMxOC4yIDEzLjgwMDEgMTguNCAxMy44MDAxIDE4LjYgMTMuOTAwMUMxOC45IDE0LjAwMDEgMTkuMiAxNC4xMDAxIDE5LjUgMTQuMjAwMUMxOS43IDE0LjMwMDEgMTkuOSAxNC4zMDAxIDIwLjEgMTQuNDAwMUMyMC4yIDE0LjQwMDEgMjAuMiAxNC41MDAxIDIwLjMgMTQuNjAwMVYxNC43MDAxVjE0LjgwMDFaIiBmaWxsPSIjRjE4RDAzIi8+CjxwYXRoIGQ9Ik00IDE1LjZDNC4xIDE1LjYgNC4xIDE1LjcgNC4yIDE1LjdDNC4zIDE1LjcgNC4zIDE1LjcgNC40IDE1LjdDNC40IDE1LjcgNC40IDE1LjcgNC41IDE1LjdDNC41IDE1LjcgNC40IDE1LjcgNC40IDE1LjhDNC4yIDE1LjcgNC4xIDE1LjcgNCAxNS42WiIgZmlsbD0iI0M0MjYxNyIvPgo8cGF0aCBkPSJNMTcuNSAxMS4xQzE3LjQgMTEuMSAxNy40IDExLjEgMTcuMyAxMS4yQzE3LjIgMTEuMiAxNy4yIDExLjIgMTcuMSAxMS4yQzE3LjEgMTEuMiAxNy4yIDExLjIgMTcuMiAxMS4xQzE3LjQgMTEuMiAxNy40IDExLjIgMTcuNSAxMS4xWiIgZmlsbD0iI0M5MkIxQiIvPgo8cGF0aCBkPSJNMTkuNiAxNS42SDE5LjdDMTkuOCAxNS42IDE5LjkgMTUuNiAxOS45IDE1LjVMMTkuOCAxNS42QzE5LjggMTUuNiAxOS44IDE1LjYgMTkuNiAxNS42QzE5LjcgMTUuNiAxOS43IDE1LjYgMTkuNiAxNS42WiIgZmlsbD0iI0M3MkExOCIvPgo8cGF0aCBkPSJNMTcuMiAxMS4zQzE3LjEgMTEuNCAxNy4xIDExLjUgMTcuMSAxMS42QzE3IDExLjUgMTcuMSAxMS41IDE3LjIgMTEuM0MxNy4xIDExLjMgMTcuMSAxMS4zIDE3LjIgMTEuM1oiIGZpbGw9IiNFOTVDMjgiLz4KPHBhdGggZD0iTTguMjAwMDEgOS42MDAwM0M4LjIwMDAxIDkuNTAwMDMgOC4yMDAwMSA5LjUwMDAyIDguMjAwMDEgOS40MDAwMkM4LjMwMDAxIDkuNDAwMDIgOC4zMDAwMSA5LjYwMDAzIDguMjAwMDEgOS42MDAwM1oiIGZpbGw9IiNFNjVDMjQiLz4KPC9zdmc+Cg==', true);
INSERT INTO micadoapp.user_types VALUES (1, 'data:image/svg+xml;base64,PHN2ZyB3aWR0aD0iMjQiIGhlaWdodD0iMjQiIHZpZXdCb3g9IjAgMCAyNCAyNCIgZmlsbD0ibm9uZSIgeG1sbnM9Imh0dHA6Ly93d3cudzMub3JnLzIwMDAvc3ZnIj4KPHBhdGggZD0iTTExLjcxMiAxNC4yNTU5SDkuNjk2VjE5LjY3OTlINlY0LjMxOTk1SDEyLjA0OEMxMy44NzIgNC4zMTk5NSAxNS4zMTIgNC43MDM5NSAxNi4zMiA1LjUxOTk1QzE3LjMyOCA2LjMzNTk1IDE3Ljg1NiA3LjQ4Nzk1IDE3Ljg1NiA4LjkyNzk1QzE3Ljg1NiA5Ljk4Mzk1IDE3LjYxNiAxMC44OTU5IDE3LjE4NCAxMS41Njc5QzE2Ljc1MiAxMi4yMzk5IDE2LjA4IDEyLjgxNTkgMTUuMTY4IDEzLjI5NTlMMTguMzg0IDE5LjQ4NzlWMTkuNjc5OUgxNC40TDExLjcxMiAxNC4yNTU5Wk05LjY5NiAxMS4zNzU5SDEyLjA0OEMxMi43NjggMTEuMzc1OSAxMy4yOTYgMTEuMTgzOSAxMy42MzIgMTAuNzk5OUMxMy45NjggMTAuNDE1OSAxNC4xNiA5LjkzNTk1IDE0LjE2IDkuMjYzOTVDMTQuMTYgOC41OTE5NSAxMy45NjggOC4wNjM5NSAxMy42MzIgNy43Mjc5NUMxMy4yOTYgNy4zOTE5NSAxMi43NjggNy4xNTE5NSAxMi4wNDggNy4xNTE5NUg5LjY5NlYxMS4zNzU5WiIgZmlsbD0iI0ZCQTU1QSIvPgo8L3N2Zz4K', true);
INSERT INTO micadoapp.user_types VALUES (30, 'data:image/svg+xml;base64,PHN2ZyB3aWR0aD0iMjQiIGhlaWdodD0iMjQiIHZpZXdCb3g9IjAgMCAyNCAyNCIgZmlsbD0ibm9uZSIgeG1sbnM9Imh0dHA6Ly93d3cudzMub3JnLzIwMDAvc3ZnIj4KPHBhdGggZD0iTTIyLjIgMi44MDAwNVYxMS4xQzIyLjIgMTEuMSAyMS40IDIxLjIwMDEgMTAuOSAyMS4yMDAxQzAuMzk5OTY0IDIxLjIwMDEgMS43OTk5NiAxMy42IDEuNzk5OTYgMTMuNkMxLjc5OTk2IDEzLjYgMS4zOTk5NiA3LjkwMDA1IDExLjQgNi45MDAwNUMyMS40IDUuOTAwMDUgMjIuMiAyLjgwMDA1IDIyLjIgMi44MDAwNVoiIGZpbGw9IiNGMTVBNDAiLz4KPHBhdGggZD0iTTE1LjYgMTYuNUMxNS40IDE2LjUgMTUuMiAxNi42IDE1LjEgMTYuNEMxNSAxNi4zIDE1IDE2LjIgMTUgMTUuOFYxMkMxNSAxMC4yIDEzLjkgOS4zMDAwNSAxMS45IDkuMzAwMDVDMTAuOCA5LjMwMDA1IDkuODAwMDIgOS41MDAwNSA5LjIwMDAyIDEwQzguOTAwMDIgMTAuMyA4LjcwMDAyIDEwLjYgOC41MDAwMiAxMC45QzguOTAwMDIgMTEuMyA5LjAwMDAyIDExLjMgOS40MDAwMiAxMS43QzEwIDEwLjggMTAuNyAxMC41IDExLjggMTAuNUMxMi4zIDEwLjUgMTIuNyAxMC42IDEzIDEwLjhDMTMuMyAxMSAxMy40IDExLjMgMTMuNCAxMS43QzEzLjQgMTEuOCAxMy40IDEyIDEzLjMgMTIuMUMxMy4yIDEyLjIgMTMuMiAxMi4zIDEzLjEgMTIuNEMxMy4xIDEyLjQgMTMgMTIuNSAxMi43IDEyLjZDMTIuNSAxMi43IDEyLjMgMTIuNyAxMi4yIDEyLjdDMTIuMSAxMi43IDExLjkgMTIuOCAxMS42IDEyLjhDMTEuMSAxMi45IDEwLjcgMTIuOSAxMC40IDEzQzEwLjEgMTMuMSA5LjgwMDAyIDEzLjIgOS40MDAwMiAxMy4zQzkuMTAwMDIgMTMuNCA4LjgwMDAyIDEzLjYgOC42MDAwMiAxMy44QzguNDAwMDIgMTQgOC4yMDAwMiAxNC4yIDguMTAwMDIgMTQuNUM4LjAwMDAyIDE0LjggNy45MDAwMiAxNS4xIDcuOTAwMDIgMTUuNUM3LjkwMDAyIDE2LjMgOC4yMDAwMiAxNi45IDguNzAwMDIgMTcuM0M5LjIwMDAyIDE3LjcgOS45MDAwMiAxNy45IDEwLjggMTcuOUMxMS45IDE3LjkgMTIuNyAxNy41IDEzLjQgMTYuOEMxMy42IDE3LjUgMTQuMSAxNy44IDE0LjkgMTcuOEMxNS4yIDE3LjggMTUuNCAxNy44IDE1LjYgMTcuN0gxNS43VjE2LjVIMTUuNlpNMTMuNSAxNC42QzEzLjUgMTUuMSAxMy4zIDE1LjYgMTIuOSAxNkMxMi41IDE2LjQgMTIgMTYuNiAxMS4yIDE2LjZDOS45MDAwMiAxNi42IDkuNzAwMDIgMTUuOSA5LjcwMDAyIDE1LjVDOS43MDAwMiAxNS4zIDkuNzAwMDIgMTUuMSA5LjgwMDAyIDE1QzkuOTAwMDIgMTQuOCAxMCAxNC43IDEwLjEgMTQuNkMxMC4yIDE0LjUgMTAuNCAxNC40IDEwLjYgMTQuM0MxMC44IDE0LjIgMTEgMTQuMiAxMS4yIDE0LjFMMTEuOSAxNEMxMi42IDEzLjkgMTMuMiAxMy43IDEzLjUgMTMuNVYxNC42WiIgZmlsbD0id2hpdGUiLz4KPC9zdmc+Cg==', true);
INSERT INTO micadoapp.user_types VALUES (7, 'data:image/svg+xml;base64,PHN2ZyB3aWR0aD0iMjQiIGhlaWdodD0iMjQiIHZpZXdCb3g9IjAgMCAyNCAyNCIgZmlsbD0ibm9uZSIgeG1sbnM9Imh0dHA6Ly93d3cudzMub3JnLzIwMDAvc3ZnIj4KPHBhdGggZD0iTTguODk2IDRMMTIuMzA0IDE0LjcwNEwxNS43MTIgNEgyMC42MDhWMTkuMzZIMTYuOTEyVjE1Ljc2TDE3LjI0OCA4LjQxNkwxMy41MDQgMTkuMzZIMTEuMDU2TDcuMzEyIDguNDE2TDcuNjQ4IDE1Ljc2VjE5LjM2SDRWNEg4Ljg5NloiIGZpbGw9IiNGQkE1NUEiLz4KPC9zdmc+Cg==', true);


--
-- Data for Name: user_types_translation; Type: TABLE DATA; Schema: micadoapp; Owner: -
--

INSERT INTO micadoapp.user_types_translation VALUES (1, 'en', 'Refugee', '<p>Refugee</p>', NULL, 2, false);
INSERT INTO micadoapp.user_types_translation VALUES (1, 'es', ' ', ' ', NULL, 2, false);
INSERT INTO micadoapp.user_types_translation VALUES (1, 'nl', 'Vluchteling', '<p>Vluchteling</p>', NULL, 3, false);
INSERT INTO micadoapp.user_types_translation VALUES (1, 'it', 'Rifugiato', ' ', NULL, 2, false);
INSERT INTO micadoapp.user_types_translation VALUES (1, 'de', ' ', ' ', NULL, 2, false);
INSERT INTO micadoapp.user_types_translation VALUES (7, 'de', '', '', NULL, 2, false);
INSERT INTO micadoapp.user_types_translation VALUES (7, 'en', 'Migrant ', '', NULL, 2, false);
INSERT INTO micadoapp.user_types_translation VALUES (7, 'es', '', '', NULL, 2, false);
INSERT INTO micadoapp.user_types_translation VALUES (7, 'it', 'Migrante ', '', NULL, 2, false);
INSERT INTO micadoapp.user_types_translation VALUES (7, 'nl', '', '', NULL, 2, false);
INSERT INTO micadoapp.user_types_translation VALUES (9, 'nl', 'Asielzoeker', '<p>Asielzoeker</p>', NULL, 3, false);
INSERT INTO micadoapp.user_types_translation VALUES (9, 'it', '', '', NULL, 2, false);
INSERT INTO micadoapp.user_types_translation VALUES (9, 'de', '', '', NULL, 2, false);
INSERT INTO micadoapp.user_types_translation VALUES (9, 'es', '', '', NULL, 2, false);
INSERT INTO micadoapp.user_types_translation VALUES (9, 'en', 'Asylum Seeker', '<p>Asylum Seeker</p>', NULL, 2, false);
INSERT INTO micadoapp.user_types_translation VALUES (30, 'es', '', '', NULL, 2, false);
INSERT INTO micadoapp.user_types_translation VALUES (30, 'de', '', '', NULL, 2, false);
INSERT INTO micadoapp.user_types_translation VALUES (30, 'nl', '', '', NULL, 2, false);
INSERT INTO micadoapp.user_types_translation VALUES (30, 'it', '', '', NULL, 2, false);
INSERT INTO micadoapp.user_types_translation VALUES (30, 'en', 'Atlas Worker', '', NULL, 2, false);
INSERT INTO micadoapp.user_types_translation VALUES (32, 'es', '', '', NULL, 2, false);
INSERT INTO micadoapp.user_types_translation VALUES (32, 'en', 'Atlas Customer', '<p>Atlas customer</p>', NULL, 2, false);
INSERT INTO micadoapp.user_types_translation VALUES (32, 'de', '', '', NULL, 2, false);
INSERT INTO micadoapp.user_types_translation VALUES (32, 'it', '', '', NULL, 2, false);
INSERT INTO micadoapp.user_types_translation VALUES (32, 'nl', '', '<p>Atlas klant</p>', NULL, 2, false);
INSERT INTO micadoapp.user_types_translation VALUES (31, 'nl', '', '', NULL, 2, false);
INSERT INTO micadoapp.user_types_translation VALUES (31, 'de', '', '', NULL, 2, false);
INSERT INTO micadoapp.user_types_translation VALUES (31, 'es', '', '', NULL, 2, false);
INSERT INTO micadoapp.user_types_translation VALUES (31, 'it', '', '', NULL, 2, false);
INSERT INTO micadoapp.user_types_translation VALUES (31, 'en', 'OCMW Customer', '', NULL, 2, false);
INSERT INTO micadoapp.user_types_translation VALUES (29, 'de', '', '', NULL, 2, false);
INSERT INTO micadoapp.user_types_translation VALUES (29, 'it', '', '', NULL, 2, false);
INSERT INTO micadoapp.user_types_translation VALUES (29, 'nl', '', '', NULL, 2, false);
INSERT INTO micadoapp.user_types_translation VALUES (29, 'en', 'OCMW Social Worker', '<p>City of Antwerp social worker</p>', NULL, 2, false);
INSERT INTO micadoapp.user_types_translation VALUES (29, 'es', '', '', NULL, 2, false);


--
-- Data for Name: user_types_translation_prod; Type: TABLE DATA; Schema: micadoapp; Owner: -
--

INSERT INTO micadoapp.user_types_translation_prod VALUES (31, 'en', 'OCMW Customer', '', NULL);
INSERT INTO micadoapp.user_types_translation_prod VALUES (29, 'en', 'OCMW Social Worker', '<p>City of Antwerp social worker</p>', NULL);
INSERT INTO micadoapp.user_types_translation_prod VALUES (1, 'en', 'Refugee', '<p>Refugee</p>', NULL);
INSERT INTO micadoapp.user_types_translation_prod VALUES (7, 'en', 'Migrant ', '', NULL);
INSERT INTO micadoapp.user_types_translation_prod VALUES (9, 'en', 'Asylum Seeker', '<p>Asylum Seeker</p>', NULL);
INSERT INTO micadoapp.user_types_translation_prod VALUES (1, 'nl', 'Vluchteling', '<p>Vluchteling</p>', NULL);
INSERT INTO micadoapp.user_types_translation_prod VALUES (9, 'nl', 'Asielzoeker', '<p>Asielzoeker</p>', NULL);
INSERT INTO micadoapp.user_types_translation_prod VALUES (30, 'en', 'Atlas Worker', '', NULL);
INSERT INTO micadoapp.user_types_translation_prod VALUES (32, 'en', 'Atlas Customer', '<p>Atlas customer</p>', NULL);


--
-- Name: charts_id_seq; Type: SEQUENCE SET; Schema: micadoapp; Owner: -
--

SELECT pg_catalog.setval('micadoapp.charts_id_seq', 63, true);


--
-- Name: comment_translation_prod_id_seq; Type: SEQUENCE SET; Schema: micadoapp; Owner: -
--

SELECT pg_catalog.setval('micadoapp.comment_translation_prod_id_seq', 1, false);


--
-- Name: comments_id_seq; Type: SEQUENCE SET; Schema: micadoapp; Owner: -
--

SELECT pg_catalog.setval('micadoapp.comments_id_seq', 61, true);


--
-- Name: document_document_type_seq; Type: SEQUENCE SET; Schema: micadoapp; Owner: -
--

SELECT pg_catalog.setval('micadoapp.document_document_type_seq', 1, true);


--
-- Name: document_id_seq; Type: SEQUENCE SET; Schema: micadoapp; Owner: -
--

SELECT pg_catalog.setval('micadoapp.document_id_seq', 80, true);


--
-- Name: document_pictures_id_seq; Type: SEQUENCE SET; Schema: micadoapp; Owner: -
--

SELECT pg_catalog.setval('micadoapp.document_pictures_id_seq', 96, true);


--
-- Name: document_type_id_seq; Type: SEQUENCE SET; Schema: micadoapp; Owner: -
--

SELECT pg_catalog.setval('micadoapp.document_type_id_seq', 286, true);


--
-- Name: document_type_picture_id_seq; Type: SEQUENCE SET; Schema: micadoapp; Owner: -
--

SELECT pg_catalog.setval('micadoapp.document_type_picture_id_seq', 582, true);


--
-- Name: event_category_id_seq; Type: SEQUENCE SET; Schema: micadoapp; Owner: -
--

SELECT pg_catalog.setval('micadoapp.event_category_id_seq', 24, true);


--
-- Name: event_category_id_seq1; Type: SEQUENCE SET; Schema: micadoapp; Owner: -
--

SELECT pg_catalog.setval('micadoapp.event_category_id_seq1', 9, true);


--
-- Name: event_category_translation_prod_id_seq; Type: SEQUENCE SET; Schema: micadoapp; Owner: -
--

SELECT pg_catalog.setval('micadoapp.event_category_translation_prod_id_seq', 1, false);


--
-- Name: event_category_translation_prod_id_seq1; Type: SEQUENCE SET; Schema: micadoapp; Owner: -
--

SELECT pg_catalog.setval('micadoapp.event_category_translation_prod_id_seq1', 1, false);


--
-- Name: event_id_seq; Type: SEQUENCE SET; Schema: micadoapp; Owner: -
--

SELECT pg_catalog.setval('micadoapp.event_id_seq', 194, true);


--
-- Name: event_id_seq1; Type: SEQUENCE SET; Schema: micadoapp; Owner: -
--

SELECT pg_catalog.setval('micadoapp.event_id_seq1', 75, true);


--
-- Name: event_tags_id_seq; Type: SEQUENCE SET; Schema: micadoapp; Owner: -
--

SELECT pg_catalog.setval('micadoapp.event_tags_id_seq', 1, false);


--
-- Name: event_tags_id_seq1; Type: SEQUENCE SET; Schema: micadoapp; Owner: -
--

SELECT pg_catalog.setval('micadoapp.event_tags_id_seq1', 384, true);


--
-- Name: event_tags_id_seq2; Type: SEQUENCE SET; Schema: micadoapp; Owner: -
--

SELECT pg_catalog.setval('micadoapp.event_tags_id_seq2', 88, true);


--
-- Name: event_topic_id_event_seq; Type: SEQUENCE SET; Schema: micadoapp; Owner: -
--

SELECT pg_catalog.setval('micadoapp.event_topic_id_event_seq', 1, false);


--
-- Name: event_topic_id_event_seq1; Type: SEQUENCE SET; Schema: micadoapp; Owner: -
--

SELECT pg_catalog.setval('micadoapp.event_topic_id_event_seq1', 1, false);


--
-- Name: event_topic_id_topic_seq; Type: SEQUENCE SET; Schema: micadoapp; Owner: -
--

SELECT pg_catalog.setval('micadoapp.event_topic_id_topic_seq', 1, false);


--
-- Name: event_topic_id_topic_seq1; Type: SEQUENCE SET; Schema: micadoapp; Owner: -
--

SELECT pg_catalog.setval('micadoapp.event_topic_id_topic_seq1', 1, false);


--
-- Name: event_translation_prod_id_seq; Type: SEQUENCE SET; Schema: micadoapp; Owner: -
--

SELECT pg_catalog.setval('micadoapp.event_translation_prod_id_seq', 1, false);


--
-- Name: event_translation_prod_id_seq1; Type: SEQUENCE SET; Schema: micadoapp; Owner: -
--

SELECT pg_catalog.setval('micadoapp.event_translation_prod_id_seq1', 1, false);


--
-- Name: event_user_types_id_event_seq; Type: SEQUENCE SET; Schema: micadoapp; Owner: -
--

SELECT pg_catalog.setval('micadoapp.event_user_types_id_event_seq', 1, false);


--
-- Name: event_user_types_id_event_seq1; Type: SEQUENCE SET; Schema: micadoapp; Owner: -
--

SELECT pg_catalog.setval('micadoapp.event_user_types_id_event_seq1', 1, false);


--
-- Name: event_user_types_id_user_types_seq; Type: SEQUENCE SET; Schema: micadoapp; Owner: -
--

SELECT pg_catalog.setval('micadoapp.event_user_types_id_user_types_seq', 1, false);


--
-- Name: event_user_types_id_user_types_seq1; Type: SEQUENCE SET; Schema: micadoapp; Owner: -
--

SELECT pg_catalog.setval('micadoapp.event_user_types_id_user_types_seq1', 1, false);


--
-- Name: features_flags_id_seq; Type: SEQUENCE SET; Schema: micadoapp; Owner: -
--

SELECT pg_catalog.setval('micadoapp.features_flags_id_seq', 1, false);


--
-- Name: feedback_id_seq; Type: SEQUENCE SET; Schema: micadoapp; Owner: -
--

SELECT pg_catalog.setval('micadoapp.feedback_id_seq', 6, true);


--
-- Name: glossary_id_seq; Type: SEQUENCE SET; Schema: micadoapp; Owner: -
--

SELECT pg_catalog.setval('micadoapp.glossary_id_seq', 120, true);


--
-- Name: individual_intervention_plan_id_seq; Type: SEQUENCE SET; Schema: micadoapp; Owner: -
--

SELECT pg_catalog.setval('micadoapp.individual_intervention_plan_id_seq', 73, true);


--
-- Name: individual_intervention_plan_intervention_intervention_type_seq; Type: SEQUENCE SET; Schema: micadoapp; Owner: -
--

SELECT pg_catalog.setval('micadoapp.individual_intervention_plan_intervention_intervention_type_seq', 2, true);


--
-- Name: individual_intervention_plan_interventions_id_seq; Type: SEQUENCE SET; Schema: micadoapp; Owner: -
--

SELECT pg_catalog.setval('micadoapp.individual_intervention_plan_interventions_id_seq', 157, true);


--
-- Name: individual_intervention_plan_interventions_list_id_seq; Type: SEQUENCE SET; Schema: micadoapp; Owner: -
--

SELECT pg_catalog.setval('micadoapp.individual_intervention_plan_interventions_list_id_seq', 1, false);


--
-- Name: intervention_category_id_seq; Type: SEQUENCE SET; Schema: micadoapp; Owner: -
--

SELECT pg_catalog.setval('micadoapp.intervention_category_id_seq', 37, true);


--
-- Name: intervention_processes_intervention_type_seq; Type: SEQUENCE SET; Schema: micadoapp; Owner: -
--

SELECT pg_catalog.setval('micadoapp.intervention_processes_intervention_type_seq', 1, false);


--
-- Name: intervention_processes_process_id_seq; Type: SEQUENCE SET; Schema: micadoapp; Owner: -
--

SELECT pg_catalog.setval('micadoapp.intervention_processes_process_id_seq', 1, false);


--
-- Name: intervention_types_id_seq; Type: SEQUENCE SET; Schema: micadoapp; Owner: -
--

SELECT pg_catalog.setval('micadoapp.intervention_types_id_seq', 61, true);


--
-- Name: picture_hotspot_id_seq; Type: SEQUENCE SET; Schema: micadoapp; Owner: -
--

SELECT pg_catalog.setval('micadoapp.picture_hotspot_id_seq', 391, true);


--
-- Name: process_id_seq; Type: SEQUENCE SET; Schema: micadoapp; Owner: -
--

SELECT pg_catalog.setval('micadoapp.process_id_seq', 212, true);


--
-- Name: process_topic_id_process_seq; Type: SEQUENCE SET; Schema: micadoapp; Owner: -
--

SELECT pg_catalog.setval('micadoapp.process_topic_id_process_seq', 1, false);


--
-- Name: process_topic_id_topic_seq; Type: SEQUENCE SET; Schema: micadoapp; Owner: -
--

SELECT pg_catalog.setval('micadoapp.process_topic_id_topic_seq', 1, false);


--
-- Name: process_translation_id_seq; Type: SEQUENCE SET; Schema: micadoapp; Owner: -
--

SELECT pg_catalog.setval('micadoapp.process_translation_id_seq', 1, false);


--
-- Name: process_translation_prod_id_seq; Type: SEQUENCE SET; Schema: micadoapp; Owner: -
--

SELECT pg_catalog.setval('micadoapp.process_translation_prod_id_seq', 1, false);


--
-- Name: process_users_id_process_seq; Type: SEQUENCE SET; Schema: micadoapp; Owner: -
--

SELECT pg_catalog.setval('micadoapp.process_users_id_process_seq', 1, false);


--
-- Name: process_users_id_user_types_seq; Type: SEQUENCE SET; Schema: micadoapp; Owner: -
--

SELECT pg_catalog.setval('micadoapp.process_users_id_user_types_seq', 1, false);


--
-- Name: rasa_id_seq; Type: SEQUENCE SET; Schema: micadoapp; Owner: -
--

SELECT pg_catalog.setval('micadoapp.rasa_id_seq', 1, false);


--
-- Name: ratings_content_id_seq; Type: SEQUENCE SET; Schema: micadoapp; Owner: -
--

SELECT pg_catalog.setval('micadoapp.ratings_content_id_seq', 1, false);


--
-- Name: ratings_id_seq; Type: SEQUENCE SET; Schema: micadoapp; Owner: -
--

SELECT pg_catalog.setval('micadoapp.ratings_id_seq', 3, true);


--
-- Name: topic_id_seq; Type: SEQUENCE SET; Schema: micadoapp; Owner: -
--

SELECT pg_catalog.setval('micadoapp.topic_id_seq', 35, true);


--
-- Name: topic_translation_id_seq; Type: SEQUENCE SET; Schema: micadoapp; Owner: -
--

SELECT pg_catalog.setval('micadoapp.topic_translation_id_seq', 1, false);


--
-- Name: topic_translation_prod_id_seq; Type: SEQUENCE SET; Schema: micadoapp; Owner: -
--

SELECT pg_catalog.setval('micadoapp.topic_translation_prod_id_seq', 1, false);


--
-- Name: user_pic_id_seq; Type: SEQUENCE SET; Schema: micadoapp; Owner: -
--

SELECT pg_catalog.setval('micadoapp.user_pic_id_seq', 5, true);


--
-- Name: user_type_translation_prod_id_seq; Type: SEQUENCE SET; Schema: micadoapp; Owner: -
--

SELECT pg_catalog.setval('micadoapp.user_type_translation_prod_id_seq', 1, false);


--
-- Name: user_types_id_seq; Type: SEQUENCE SET; Schema: micadoapp; Owner: -
--

SELECT pg_catalog.setval('micadoapp.user_types_id_seq', 42, true);


--
-- Name: user_types_translation_id_seq; Type: SEQUENCE SET; Schema: micadoapp; Owner: -
--

SELECT pg_catalog.setval('micadoapp.user_types_translation_id_seq', 1, false);


--
-- Name: user_types_translation_prod_id_seq; Type: SEQUENCE SET; Schema: micadoapp; Owner: -
--

SELECT pg_catalog.setval('micadoapp.user_types_translation_prod_id_seq', 1, false);


--
-- Name: charts charts_pkey; Type: CONSTRAINT; Schema: micadoapp; Owner: -
--

ALTER TABLE ONLY micadoapp.charts
    ADD CONSTRAINT charts_pkey PRIMARY KEY (id);


--
-- Name: comment_translation_prod comment_translation_prod_pkey; Type: CONSTRAINT; Schema: micadoapp; Owner: -
--

ALTER TABLE ONLY micadoapp.comment_translation_prod
    ADD CONSTRAINT comment_translation_prod_pkey PRIMARY KEY (lang, id);


--
-- Name: comments comments_pkey; Type: CONSTRAINT; Schema: micadoapp; Owner: -
--

ALTER TABLE ONLY micadoapp.comments
    ADD CONSTRAINT comments_pkey PRIMARY KEY (id);


--
-- Name: comments_translation comments_translation_pkey; Type: CONSTRAINT; Schema: micadoapp; Owner: -
--

ALTER TABLE ONLY micadoapp.comments_translation
    ADD CONSTRAINT comments_translation_pkey PRIMARY KEY (id, lang);


--
-- Name: document_pictures document_pictures_pk; Type: CONSTRAINT; Schema: micadoapp; Owner: -
--

ALTER TABLE ONLY micadoapp.document_pictures
    ADD CONSTRAINT document_pictures_pk PRIMARY KEY (id);


--
-- Name: document document_pk; Type: CONSTRAINT; Schema: micadoapp; Owner: -
--

ALTER TABLE ONLY micadoapp.document
    ADD CONSTRAINT document_pk PRIMARY KEY (id);


--
-- Name: document_type_picture document_type_picture_pk; Type: CONSTRAINT; Schema: micadoapp; Owner: -
--

ALTER TABLE ONLY micadoapp.document_type_picture
    ADD CONSTRAINT document_type_picture_pk PRIMARY KEY (id);


--
-- Name: document_type document_type_pkey; Type: CONSTRAINT; Schema: micadoapp; Owner: -
--

ALTER TABLE ONLY micadoapp.document_type
    ADD CONSTRAINT document_type_pkey PRIMARY KEY (id);


--
-- Name: document_type_translation document_type_translation_pkey; Type: CONSTRAINT; Schema: micadoapp; Owner: -
--

ALTER TABLE ONLY micadoapp.document_type_translation
    ADD CONSTRAINT document_type_translation_pkey PRIMARY KEY (id, lang);


--
-- Name: document_type_translation_prod document_type_translation_prod_pk; Type: CONSTRAINT; Schema: micadoapp; Owner: -
--

ALTER TABLE ONLY micadoapp.document_type_translation_prod
    ADD CONSTRAINT document_type_translation_prod_pk PRIMARY KEY (id, lang);


--
-- Name: event_category event_category_pk; Type: CONSTRAINT; Schema: micadoapp; Owner: -
--

ALTER TABLE ONLY micadoapp.event_category
    ADD CONSTRAINT event_category_pk PRIMARY KEY (id);


--
-- Name: information_category event_category_pkey; Type: CONSTRAINT; Schema: micadoapp; Owner: -
--

ALTER TABLE ONLY micadoapp.information_category
    ADD CONSTRAINT event_category_pkey PRIMARY KEY (id);


--
-- Name: event_category_translation event_category_translation_original_pk_; Type: CONSTRAINT; Schema: micadoapp; Owner: -
--

ALTER TABLE ONLY micadoapp.event_category_translation
    ADD CONSTRAINT event_category_translation_original_pk_ PRIMARY KEY (id, lang);


--
-- Name: information_category_translation_prod event_category_translation_pk; Type: CONSTRAINT; Schema: micadoapp; Owner: -
--

ALTER TABLE ONLY micadoapp.information_category_translation_prod
    ADD CONSTRAINT event_category_translation_pk PRIMARY KEY (id, lang);


--
-- Name: event_category_translation_prod event_category_translation_prod_original_pk_; Type: CONSTRAINT; Schema: micadoapp; Owner: -
--

ALTER TABLE ONLY micadoapp.event_category_translation_prod
    ADD CONSTRAINT event_category_translation_prod_original_pk_ PRIMARY KEY (id, lang);


--
-- Name: event event_pk; Type: CONSTRAINT; Schema: micadoapp; Owner: -
--

ALTER TABLE ONLY micadoapp.event
    ADD CONSTRAINT event_pk PRIMARY KEY (id);


--
-- Name: information event_pkey; Type: CONSTRAINT; Schema: micadoapp; Owner: -
--

ALTER TABLE ONLY micadoapp.information
    ADD CONSTRAINT event_pkey PRIMARY KEY (id);


--
-- Name: information_tags event_tags_pk; Type: CONSTRAINT; Schema: micadoapp; Owner: -
--

ALTER TABLE ONLY micadoapp.information_tags
    ADD CONSTRAINT event_tags_pk PRIMARY KEY (id);


--
-- Name: event_tags event_tags_pk_1; Type: CONSTRAINT; Schema: micadoapp; Owner: -
--

ALTER TABLE ONLY micadoapp.event_tags
    ADD CONSTRAINT event_tags_pk_1 PRIMARY KEY (id);


--
-- Name: event_tags_translation event_tags_translation_original_pk; Type: CONSTRAINT; Schema: micadoapp; Owner: -
--

ALTER TABLE ONLY micadoapp.event_tags_translation
    ADD CONSTRAINT event_tags_translation_original_pk PRIMARY KEY (id, lang);


--
-- Name: information_tags_translation event_tags_translation_pk; Type: CONSTRAINT; Schema: micadoapp; Owner: -
--

ALTER TABLE ONLY micadoapp.information_tags_translation
    ADD CONSTRAINT event_tags_translation_pk PRIMARY KEY (id, lang);


--
-- Name: event_tags_translation_prod event_tags_translation_prod_original_pk; Type: CONSTRAINT; Schema: micadoapp; Owner: -
--

ALTER TABLE ONLY micadoapp.event_tags_translation_prod
    ADD CONSTRAINT event_tags_translation_prod_original_pk PRIMARY KEY (id, lang);


--
-- Name: information_tags_translation_prod event_tags_translation_prod_pkey; Type: CONSTRAINT; Schema: micadoapp; Owner: -
--

ALTER TABLE ONLY micadoapp.information_tags_translation_prod
    ADD CONSTRAINT event_tags_translation_prod_pkey PRIMARY KEY (id, lang);


--
-- Name: event_topic event_topic_original_pk; Type: CONSTRAINT; Schema: micadoapp; Owner: -
--

ALTER TABLE ONLY micadoapp.event_topic
    ADD CONSTRAINT event_topic_original_pk PRIMARY KEY (id_event, id_topic);


--
-- Name: event_translation event_translation_original_pk; Type: CONSTRAINT; Schema: micadoapp; Owner: -
--

ALTER TABLE ONLY micadoapp.event_translation
    ADD CONSTRAINT event_translation_original_pk PRIMARY KEY (id, lang);


--
-- Name: event_translation_prod event_translation_prod_original_pk; Type: CONSTRAINT; Schema: micadoapp; Owner: -
--

ALTER TABLE ONLY micadoapp.event_translation_prod
    ADD CONSTRAINT event_translation_prod_original_pk PRIMARY KEY (id, lang);


--
-- Name: event_user_types event_user_types_pk; Type: CONSTRAINT; Schema: micadoapp; Owner: -
--

ALTER TABLE ONLY micadoapp.event_user_types
    ADD CONSTRAINT event_user_types_pk PRIMARY KEY (id_event, id_user_types);


--
-- Name: features_flags_translation_prod feature_flags_translation_prod_pk; Type: CONSTRAINT; Schema: micadoapp; Owner: -
--

ALTER TABLE ONLY micadoapp.features_flags_translation_prod
    ADD CONSTRAINT feature_flags_translation_prod_pk PRIMARY KEY (id, lang);


--
-- Name: features_flags features_flag_pkey; Type: CONSTRAINT; Schema: micadoapp; Owner: -
--

ALTER TABLE ONLY micadoapp.features_flags
    ADD CONSTRAINT features_flag_pkey PRIMARY KEY (id);


--
-- Name: features_flags_translation features_flags_translation_pk; Type: CONSTRAINT; Schema: micadoapp; Owner: -
--

ALTER TABLE ONLY micadoapp.features_flags_translation
    ADD CONSTRAINT features_flags_translation_pk PRIMARY KEY (id, lang);


--
-- Name: feedback feedback_pkey; Type: CONSTRAINT; Schema: micadoapp; Owner: -
--

ALTER TABLE ONLY micadoapp.feedback
    ADD CONSTRAINT feedback_pkey PRIMARY KEY (id);


--
-- Name: glossary glossary_pk; Type: CONSTRAINT; Schema: micadoapp; Owner: -
--

ALTER TABLE ONLY micadoapp.glossary
    ADD CONSTRAINT glossary_pk PRIMARY KEY (id);


--
-- Name: glossary_translation glossary_translation_pk; Type: CONSTRAINT; Schema: micadoapp; Owner: -
--

ALTER TABLE ONLY micadoapp.glossary_translation
    ADD CONSTRAINT glossary_translation_pk PRIMARY KEY (id, lang);


--
-- Name: glossary_translation_prod glossary_translation_prod_pk; Type: CONSTRAINT; Schema: micadoapp; Owner: -
--

ALTER TABLE ONLY micadoapp.glossary_translation_prod
    ADD CONSTRAINT glossary_translation_prod_pk PRIMARY KEY (id, lang);


--
-- Name: individual_intervention_plan_interventions individual_intervention_plan_interventions_pk; Type: CONSTRAINT; Schema: micadoapp; Owner: -
--

ALTER TABLE ONLY micadoapp.individual_intervention_plan_interventions
    ADD CONSTRAINT individual_intervention_plan_interventions_pk PRIMARY KEY (id);


--
-- Name: individual_intervention_plan individual_intervention_plan_pkey; Type: CONSTRAINT; Schema: micadoapp; Owner: -
--

ALTER TABLE ONLY micadoapp.individual_intervention_plan
    ADD CONSTRAINT individual_intervention_plan_pkey PRIMARY KEY (id);


--
-- Name: information_category_translation information_category_translation_pk_1; Type: CONSTRAINT; Schema: micadoapp; Owner: -
--

ALTER TABLE ONLY micadoapp.information_category_translation
    ADD CONSTRAINT information_category_translation_pk_1 PRIMARY KEY (id, lang);


--
-- Name: information_topic information_topic_pk; Type: CONSTRAINT; Schema: micadoapp; Owner: -
--

ALTER TABLE ONLY micadoapp.information_topic
    ADD CONSTRAINT information_topic_pk PRIMARY KEY (id_information, id_topic);


--
-- Name: information_translation information_translation_pk_1; Type: CONSTRAINT; Schema: micadoapp; Owner: -
--

ALTER TABLE ONLY micadoapp.information_translation
    ADD CONSTRAINT information_translation_pk_1 PRIMARY KEY (id, lang);


--
-- Name: information_translation_prod information_translation_prod_pk; Type: CONSTRAINT; Schema: micadoapp; Owner: -
--

ALTER TABLE ONLY micadoapp.information_translation_prod
    ADD CONSTRAINT information_translation_prod_pk PRIMARY KEY (id, lang);


--
-- Name: information_user_types information_user_types_pk; Type: CONSTRAINT; Schema: micadoapp; Owner: -
--

ALTER TABLE ONLY micadoapp.information_user_types
    ADD CONSTRAINT information_user_types_pk PRIMARY KEY (id_information, id_user_types);


--
-- Name: intervention_category intervention_category_pk; Type: CONSTRAINT; Schema: micadoapp; Owner: -
--

ALTER TABLE ONLY micadoapp.intervention_category
    ADD CONSTRAINT intervention_category_pk PRIMARY KEY (id);


--
-- Name: intervention_category_translation intervention_category_translation_pk; Type: CONSTRAINT; Schema: micadoapp; Owner: -
--

ALTER TABLE ONLY micadoapp.intervention_category_translation
    ADD CONSTRAINT intervention_category_translation_pk PRIMARY KEY (id, lang);


--
-- Name: intervention_category_translation_prod intervention_category_translation_prod_pk; Type: CONSTRAINT; Schema: micadoapp; Owner: -
--

ALTER TABLE ONLY micadoapp.intervention_category_translation_prod
    ADD CONSTRAINT intervention_category_translation_prod_pk PRIMARY KEY (id, lang);


--
-- Name: completed_intervention_document intervention_doc_pk; Type: CONSTRAINT; Schema: micadoapp; Owner: -
--

ALTER TABLE ONLY micadoapp.completed_intervention_document
    ADD CONSTRAINT intervention_doc_pk PRIMARY KEY (id_document, id_intervention);


--
-- Name: intervention_type_validator intervention_type_validator_pk; Type: CONSTRAINT; Schema: micadoapp; Owner: -
--

ALTER TABLE ONLY micadoapp.intervention_type_validator
    ADD CONSTRAINT intervention_type_validator_pk PRIMARY KEY (tenant_id, intervention_type_id);


--
-- Name: intervention_types intervention_types_pkey; Type: CONSTRAINT; Schema: micadoapp; Owner: -
--

ALTER TABLE ONLY micadoapp.intervention_types
    ADD CONSTRAINT intervention_types_pkey PRIMARY KEY (id);


--
-- Name: intervention_types_translation intervention_types_translation_pk; Type: CONSTRAINT; Schema: micadoapp; Owner: -
--

ALTER TABLE ONLY micadoapp.intervention_types_translation
    ADD CONSTRAINT intervention_types_translation_pk PRIMARY KEY (id, lang);


--
-- Name: intervention_types_translation_prod intervention_types_translation_prod_pk; Type: CONSTRAINT; Schema: micadoapp; Owner: -
--

ALTER TABLE ONLY micadoapp.intervention_types_translation_prod
    ADD CONSTRAINT intervention_types_translation_prod_pk PRIMARY KEY (id, lang);


--
-- Name: languages languages_pkey; Type: CONSTRAINT; Schema: micadoapp; Owner: -
--

ALTER TABLE ONLY micadoapp.languages
    ADD CONSTRAINT languages_pkey PRIMARY KEY (lang);


--
-- Name: migrant_app_config migrant_app_config_pkey; Type: CONSTRAINT; Schema: micadoapp; Owner: -
--

ALTER TABLE ONLY micadoapp.migrant_app_config
    ADD CONSTRAINT migrant_app_config_pkey PRIMARY KEY (id);


--
-- Name: picture_hotspot picture_hotspot_pk; Type: CONSTRAINT; Schema: micadoapp; Owner: -
--

ALTER TABLE ONLY micadoapp.picture_hotspot
    ADD CONSTRAINT picture_hotspot_pk PRIMARY KEY (id);


--
-- Name: picture_hotspot_translation picture_hotspot_translation_pk; Type: CONSTRAINT; Schema: micadoapp; Owner: -
--

ALTER TABLE ONLY micadoapp.picture_hotspot_translation
    ADD CONSTRAINT picture_hotspot_translation_pk PRIMARY KEY (pht_id, lang);


--
-- Name: picture_hotspot_translation_prod picture_hotspot_translation_prod_pk; Type: CONSTRAINT; Schema: micadoapp; Owner: -
--

ALTER TABLE ONLY micadoapp.picture_hotspot_translation_prod
    ADD CONSTRAINT picture_hotspot_translation_prod_pk PRIMARY KEY (pht_id, lang);


--
-- Name: process_comments process_comment_pkey; Type: CONSTRAINT; Schema: micadoapp; Owner: -
--

ALTER TABLE ONLY micadoapp.process_comments
    ADD CONSTRAINT process_comment_pkey PRIMARY KEY (idcomment, idprocess);


--
-- Name: process process_pkey; Type: CONSTRAINT; Schema: micadoapp; Owner: -
--

ALTER TABLE ONLY micadoapp.process
    ADD CONSTRAINT process_pkey PRIMARY KEY (id);


--
-- Name: process_topic process_topic_pk; Type: CONSTRAINT; Schema: micadoapp; Owner: -
--

ALTER TABLE ONLY micadoapp.process_topic
    ADD CONSTRAINT process_topic_pk PRIMARY KEY (id_process, id_topic);


--
-- Name: process_translation process_translation_pk; Type: CONSTRAINT; Schema: micadoapp; Owner: -
--

ALTER TABLE ONLY micadoapp.process_translation
    ADD CONSTRAINT process_translation_pk PRIMARY KEY (id, lang);


--
-- Name: process_translation_prod process_translation_prod_pk; Type: CONSTRAINT; Schema: micadoapp; Owner: -
--

ALTER TABLE ONLY micadoapp.process_translation_prod
    ADD CONSTRAINT process_translation_prod_pk PRIMARY KEY (id, lang);


--
-- Name: process_users process_users_pk; Type: CONSTRAINT; Schema: micadoapp; Owner: -
--

ALTER TABLE ONLY micadoapp.process_users
    ADD CONSTRAINT process_users_pk PRIMARY KEY (id_process, id_user_types);


--
-- Name: process_produced_documents produced_docs_pk; Type: CONSTRAINT; Schema: micadoapp; Owner: -
--

ALTER TABLE ONLY micadoapp.process_produced_documents
    ADD CONSTRAINT produced_docs_pk PRIMARY KEY (id_process, id_document);


--
-- Name: rasa rasa_pkey; Type: CONSTRAINT; Schema: micadoapp; Owner: -
--

ALTER TABLE ONLY micadoapp.rasa
    ADD CONSTRAINT rasa_pkey PRIMARY KEY (id);


--
-- Name: ratings ratings_pk_1; Type: CONSTRAINT; Schema: micadoapp; Owner: -
--

ALTER TABLE ONLY micadoapp.ratings
    ADD CONSTRAINT ratings_pk_1 PRIMARY KEY (id);


--
-- Name: settings settings_pk; Type: CONSTRAINT; Schema: micadoapp; Owner: -
--

ALTER TABLE ONLY micadoapp.settings
    ADD CONSTRAINT settings_pk PRIMARY KEY (key);


--
-- Name: step_document step_document_pk; Type: CONSTRAINT; Schema: micadoapp; Owner: -
--

ALTER TABLE ONLY micadoapp.step_document
    ADD CONSTRAINT step_document_pk PRIMARY KEY (id_document, id_step);


--
-- Name: mixed_icons step_icon_pkey; Type: CONSTRAINT; Schema: micadoapp; Owner: -
--

ALTER TABLE ONLY micadoapp.mixed_icons
    ADD CONSTRAINT step_icon_pkey PRIMARY KEY (id);


--
-- Name: step_link step_link_pk; Type: CONSTRAINT; Schema: micadoapp; Owner: -
--

ALTER TABLE ONLY micadoapp.step_link
    ADD CONSTRAINT step_link_pk PRIMARY KEY (id);


--
-- Name: step_link_translation step_link_translation_pk; Type: CONSTRAINT; Schema: micadoapp; Owner: -
--

ALTER TABLE ONLY micadoapp.step_link_translation
    ADD CONSTRAINT step_link_translation_pk PRIMARY KEY (lang, id);


--
-- Name: step_link_translation_prod step_link_translation_prod_pk; Type: CONSTRAINT; Schema: micadoapp; Owner: -
--

ALTER TABLE ONLY micadoapp.step_link_translation_prod
    ADD CONSTRAINT step_link_translation_prod_pk PRIMARY KEY (lang, id);


--
-- Name: step step_pk; Type: CONSTRAINT; Schema: micadoapp; Owner: -
--

ALTER TABLE ONLY micadoapp.step
    ADD CONSTRAINT step_pk PRIMARY KEY (id);


--
-- Name: step_translation step_translation_pk; Type: CONSTRAINT; Schema: micadoapp; Owner: -
--

ALTER TABLE ONLY micadoapp.step_translation
    ADD CONSTRAINT step_translation_pk PRIMARY KEY (id, lang);


--
-- Name: step_translation_prod step_translation_prod_pk; Type: CONSTRAINT; Schema: micadoapp; Owner: -
--

ALTER TABLE ONLY micadoapp.step_translation_prod
    ADD CONSTRAINT step_translation_prod_pk PRIMARY KEY (lang, id);


--
-- Name: survey_answers survey_answers_pkey; Type: CONSTRAINT; Schema: micadoapp; Owner: -
--

ALTER TABLE ONLY micadoapp.survey_answers
    ADD CONSTRAINT survey_answers_pkey PRIMARY KEY (id_answer);


--
-- Name: survey survey_pkey; Type: CONSTRAINT; Schema: micadoapp; Owner: -
--

ALTER TABLE ONLY micadoapp.survey
    ADD CONSTRAINT survey_pkey PRIMARY KEY (id);


--
-- Name: t_settings t_settings_pkey; Type: CONSTRAINT; Schema: micadoapp; Owner: -
--

ALTER TABLE ONLY micadoapp.t_settings
    ADD CONSTRAINT t_settings_pkey PRIMARY KEY (id);


--
-- Name: t_settings_translation t_settings_translation_pkey; Type: CONSTRAINT; Schema: micadoapp; Owner: -
--

ALTER TABLE ONLY micadoapp.t_settings_translation
    ADD CONSTRAINT t_settings_translation_pkey PRIMARY KEY (id);


--
-- Name: t_settings_translation_prod t_settings_translation_prod_pkey; Type: CONSTRAINT; Schema: micadoapp; Owner: -
--

ALTER TABLE ONLY micadoapp.t_settings_translation_prod
    ADD CONSTRAINT t_settings_translation_prod_pkey PRIMARY KEY (id);


--
-- Name: tenant tenant_pkey; Type: CONSTRAINT; Schema: micadoapp; Owner: -
--

ALTER TABLE ONLY micadoapp.tenant
    ADD CONSTRAINT tenant_pkey PRIMARY KEY (id);


--
-- Name: topic topic_pkey; Type: CONSTRAINT; Schema: micadoapp; Owner: -
--

ALTER TABLE ONLY micadoapp.topic
    ADD CONSTRAINT topic_pkey PRIMARY KEY (id);


--
-- Name: topic_translation topic_translation_pk; Type: CONSTRAINT; Schema: micadoapp; Owner: -
--

ALTER TABLE ONLY micadoapp.topic_translation
    ADD CONSTRAINT topic_translation_pk PRIMARY KEY (id, lang);


--
-- Name: topic_translation_prod topic_translations_prod_pk; Type: CONSTRAINT; Schema: micadoapp; Owner: -
--

ALTER TABLE ONLY micadoapp.topic_translation_prod
    ADD CONSTRAINT topic_translations_prod_pk PRIMARY KEY (id, lang);


--
-- Name: user_consent user_consent_pkey; Type: CONSTRAINT; Schema: micadoapp; Owner: -
--

ALTER TABLE ONLY micadoapp.user_consent
    ADD CONSTRAINT user_consent_pkey PRIMARY KEY (id_user);


--
-- Name: user_pictures user_picture_pk; Type: CONSTRAINT; Schema: micadoapp; Owner: -
--

ALTER TABLE ONLY micadoapp.user_pictures
    ADD CONSTRAINT user_picture_pk PRIMARY KEY (id);


--
-- Name: user_preferences user_preferences_pkey; Type: CONSTRAINT; Schema: micadoapp; Owner: -
--

ALTER TABLE ONLY micadoapp.user_preferences
    ADD CONSTRAINT user_preferences_pkey PRIMARY KEY (id_user, id_user_type);


--
-- Name: user_types_translation_prod user_type_translation_prod_pk; Type: CONSTRAINT; Schema: micadoapp; Owner: -
--

ALTER TABLE ONLY micadoapp.user_types_translation_prod
    ADD CONSTRAINT user_type_translation_prod_pk PRIMARY KEY (id, lang);


--
-- Name: user_types user_types_pkey; Type: CONSTRAINT; Schema: micadoapp; Owner: -
--

ALTER TABLE ONLY micadoapp.user_types
    ADD CONSTRAINT user_types_pkey PRIMARY KEY (id);


--
-- Name: user_types_translation user_types_translation_pk; Type: CONSTRAINT; Schema: micadoapp; Owner: -
--

ALTER TABLE ONLY micadoapp.user_types_translation
    ADD CONSTRAINT user_types_translation_pk PRIMARY KEY (id, lang);


--
-- Name: event_translation_prod_pgroonga_index; Type: INDEX; Schema: micadoapp; Owner: -
--

CREATE INDEX event_translation_prod_pgroonga_index ON micadoapp.event_translation_prod USING pgroonga ((ARRAY[event, description]));


--
-- Name: gin_survey_answer; Type: INDEX; Schema: micadoapp; Owner: -
--

CREATE INDEX gin_survey_answer ON micadoapp.survey_answers USING gin (answer);


--
-- Name: information_translation_prod_pgroonga_index; Type: INDEX; Schema: micadoapp; Owner: -
--

CREATE INDEX information_translation_prod_pgroonga_index ON micadoapp.information_translation_prod USING pgroonga ((ARRAY[information, description]));


--
-- Name: process_translation_prod_pgroonga_index; Type: INDEX; Schema: micadoapp; Owner: -
--

CREATE INDEX process_translation_prod_pgroonga_index ON micadoapp.process_translation_prod USING pgroonga ((ARRAY[process, (description)::character varying]));


--
-- Name: comments comment_tenant_id; Type: FK CONSTRAINT; Schema: micadoapp; Owner: -
--

ALTER TABLE ONLY micadoapp.comments
    ADD CONSTRAINT comment_tenant_id FOREIGN KEY (tenant_id) REFERENCES wso2_shared.um_tenant(um_id) ON UPDATE CASCADE ON DELETE CASCADE NOT VALID;


--
-- Name: comments_translation comment_translation_id_fkey; Type: FK CONSTRAINT; Schema: micadoapp; Owner: -
--

ALTER TABLE ONLY micadoapp.comments_translation
    ADD CONSTRAINT comment_translation_id_fkey FOREIGN KEY (id) REFERENCES micadoapp.comments(id) NOT VALID;


--
-- Name: comments_translation comment_translation_lang_fkey; Type: FK CONSTRAINT; Schema: micadoapp; Owner: -
--

ALTER TABLE ONLY micadoapp.comments_translation
    ADD CONSTRAINT comment_translation_lang_fkey FOREIGN KEY (lang) REFERENCES micadoapp.languages(lang) NOT VALID;


--
-- Name: comment_translation_prod comment_translation_prod_id_fkey; Type: FK CONSTRAINT; Schema: micadoapp; Owner: -
--

ALTER TABLE ONLY micadoapp.comment_translation_prod
    ADD CONSTRAINT comment_translation_prod_id_fkey FOREIGN KEY (id) REFERENCES micadoapp.comments(id) ON UPDATE CASCADE ON DELETE CASCADE NOT VALID;


--
-- Name: comment_translation_prod comment_translation_prod_lang_fkey; Type: FK CONSTRAINT; Schema: micadoapp; Owner: -
--

ALTER TABLE ONLY micadoapp.comment_translation_prod
    ADD CONSTRAINT comment_translation_prod_lang_fkey FOREIGN KEY (lang) REFERENCES micadoapp.languages(lang) ON UPDATE CASCADE ON DELETE CASCADE NOT VALID;


--
-- Name: document document_ask_validate_by_tenant_fkey; Type: FK CONSTRAINT; Schema: micadoapp; Owner: -
--

ALTER TABLE ONLY micadoapp.document
    ADD CONSTRAINT document_ask_validate_by_tenant_fkey FOREIGN KEY (ask_validate_by_tenant) REFERENCES wso2_shared.um_tenant(um_id);


--
-- Name: document document_document_type_fkey; Type: FK CONSTRAINT; Schema: micadoapp; Owner: -
--

ALTER TABLE ONLY micadoapp.document
    ADD CONSTRAINT document_document_type_fkey FOREIGN KEY (document_type) REFERENCES micadoapp.document_type(id);


--
-- Name: completed_intervention_document document_fk; Type: FK CONSTRAINT; Schema: micadoapp; Owner: -
--

ALTER TABLE ONLY micadoapp.completed_intervention_document
    ADD CONSTRAINT document_fk FOREIGN KEY (id_document) REFERENCES micadoapp.document(id) ON UPDATE CASCADE ON DELETE CASCADE;


--
-- Name: document_pictures document_pictures_fk; Type: FK CONSTRAINT; Schema: micadoapp; Owner: -
--

ALTER TABLE ONLY micadoapp.document_pictures
    ADD CONSTRAINT document_pictures_fk FOREIGN KEY (doc_id) REFERENCES micadoapp.document(id) ON DELETE CASCADE;


--
-- Name: document_type_picture document_type_picture_fk; Type: FK CONSTRAINT; Schema: micadoapp; Owner: -
--

ALTER TABLE ONLY micadoapp.document_type_picture
    ADD CONSTRAINT document_type_picture_fk FOREIGN KEY (document_type_id) REFERENCES micadoapp.document_type(id);


--
-- Name: document_type_translation document_type_translation_id_fkey; Type: FK CONSTRAINT; Schema: micadoapp; Owner: -
--

ALTER TABLE ONLY micadoapp.document_type_translation
    ADD CONSTRAINT document_type_translation_id_fkey FOREIGN KEY (id) REFERENCES micadoapp.document_type(id) ON UPDATE CASCADE ON DELETE CASCADE;


--
-- Name: document_type_translation document_type_translation_lang_fkey; Type: FK CONSTRAINT; Schema: micadoapp; Owner: -
--

ALTER TABLE ONLY micadoapp.document_type_translation
    ADD CONSTRAINT document_type_translation_lang_fkey FOREIGN KEY (lang) REFERENCES micadoapp.languages(lang) ON UPDATE CASCADE ON DELETE CASCADE;


--
-- Name: document_type_translation_prod document_type_translation_prod_id_fkey; Type: FK CONSTRAINT; Schema: micadoapp; Owner: -
--

ALTER TABLE ONLY micadoapp.document_type_translation_prod
    ADD CONSTRAINT document_type_translation_prod_id_fkey FOREIGN KEY (id) REFERENCES micadoapp.document_type(id) ON UPDATE CASCADE ON DELETE CASCADE NOT VALID;


--
-- Name: document_type_translation_prod document_type_translation_prod_lang_fkey; Type: FK CONSTRAINT; Schema: micadoapp; Owner: -
--

ALTER TABLE ONLY micadoapp.document_type_translation_prod
    ADD CONSTRAINT document_type_translation_prod_lang_fkey FOREIGN KEY (lang) REFERENCES micadoapp.languages(lang) ON UPDATE CASCADE ON DELETE CASCADE NOT VALID;


--
-- Name: document_type_validator document_type_validator_document_type_id_fkey; Type: FK CONSTRAINT; Schema: micadoapp; Owner: -
--

ALTER TABLE ONLY micadoapp.document_type_validator
    ADD CONSTRAINT document_type_validator_document_type_id_fkey FOREIGN KEY (document_type_id) REFERENCES micadoapp.document_type(id);


--
-- Name: event_category_translation event_category_translation_fk; Type: FK CONSTRAINT; Schema: micadoapp; Owner: -
--

ALTER TABLE ONLY micadoapp.event_category_translation
    ADD CONSTRAINT event_category_translation_fk FOREIGN KEY (id) REFERENCES micadoapp.event_category(id) ON UPDATE CASCADE ON DELETE CASCADE;


--
-- Name: event_category_translation event_category_translation_fk_1; Type: FK CONSTRAINT; Schema: micadoapp; Owner: -
--

ALTER TABLE ONLY micadoapp.event_category_translation
    ADD CONSTRAINT event_category_translation_fk_1 FOREIGN KEY (lang) REFERENCES micadoapp.languages(lang) ON UPDATE CASCADE ON DELETE CASCADE;


--
-- Name: information_category_translation event_category_translation_id_fkey; Type: FK CONSTRAINT; Schema: micadoapp; Owner: -
--

ALTER TABLE ONLY micadoapp.information_category_translation
    ADD CONSTRAINT event_category_translation_id_fkey FOREIGN KEY (id) REFERENCES micadoapp.information_category(id) ON UPDATE CASCADE ON DELETE CASCADE;


--
-- Name: information_category_translation event_category_translation_lang_fkey; Type: FK CONSTRAINT; Schema: micadoapp; Owner: -
--

ALTER TABLE ONLY micadoapp.information_category_translation
    ADD CONSTRAINT event_category_translation_lang_fkey FOREIGN KEY (lang) REFERENCES micadoapp.languages(lang) ON UPDATE CASCADE ON DELETE CASCADE;


--
-- Name: event_category_translation_prod event_category_translation_prod_fk; Type: FK CONSTRAINT; Schema: micadoapp; Owner: -
--

ALTER TABLE ONLY micadoapp.event_category_translation_prod
    ADD CONSTRAINT event_category_translation_prod_fk FOREIGN KEY (id) REFERENCES micadoapp.event_category(id) ON UPDATE CASCADE ON DELETE CASCADE;


--
-- Name: event_category_translation_prod event_category_translation_prod_fk_1; Type: FK CONSTRAINT; Schema: micadoapp; Owner: -
--

ALTER TABLE ONLY micadoapp.event_category_translation_prod
    ADD CONSTRAINT event_category_translation_prod_fk_1 FOREIGN KEY (lang) REFERENCES micadoapp.languages(lang) ON UPDATE CASCADE ON DELETE CASCADE;


--
-- Name: information_category_translation_prod event_category_translation_prod_id_fkey; Type: FK CONSTRAINT; Schema: micadoapp; Owner: -
--

ALTER TABLE ONLY micadoapp.information_category_translation_prod
    ADD CONSTRAINT event_category_translation_prod_id_fkey FOREIGN KEY (id) REFERENCES micadoapp.information_category(id) ON UPDATE CASCADE ON DELETE CASCADE NOT VALID;


--
-- Name: information_category_translation_prod event_category_translation_prod_lang_fkey; Type: FK CONSTRAINT; Schema: micadoapp; Owner: -
--

ALTER TABLE ONLY micadoapp.information_category_translation_prod
    ADD CONSTRAINT event_category_translation_prod_lang_fkey FOREIGN KEY (lang) REFERENCES micadoapp.languages(lang) ON UPDATE CASCADE ON DELETE CASCADE NOT VALID;


--
-- Name: event event_fk; Type: FK CONSTRAINT; Schema: micadoapp; Owner: -
--

ALTER TABLE ONLY micadoapp.event
    ADD CONSTRAINT event_fk FOREIGN KEY (category) REFERENCES micadoapp.event_category(id);


--
-- Name: event_tags event_tags_fk; Type: FK CONSTRAINT; Schema: micadoapp; Owner: -
--

ALTER TABLE ONLY micadoapp.event_tags
    ADD CONSTRAINT event_tags_fk FOREIGN KEY (event_id) REFERENCES micadoapp.event(id) ON UPDATE CASCADE ON DELETE CASCADE;


--
-- Name: information_tags event_tags_fk; Type: FK CONSTRAINT; Schema: micadoapp; Owner: -
--

ALTER TABLE ONLY micadoapp.information_tags
    ADD CONSTRAINT event_tags_fk FOREIGN KEY (information_id) REFERENCES micadoapp.information(id);


--
-- Name: event_tags_translation event_tags_translation_fk; Type: FK CONSTRAINT; Schema: micadoapp; Owner: -
--

ALTER TABLE ONLY micadoapp.event_tags_translation
    ADD CONSTRAINT event_tags_translation_fk FOREIGN KEY (id) REFERENCES micadoapp.event_tags(id) ON UPDATE CASCADE ON DELETE CASCADE;


--
-- Name: information_tags_translation event_tags_translation_fk; Type: FK CONSTRAINT; Schema: micadoapp; Owner: -
--

ALTER TABLE ONLY micadoapp.information_tags_translation
    ADD CONSTRAINT event_tags_translation_fk FOREIGN KEY (id) REFERENCES micadoapp.information_tags(id);


--
-- Name: event_tags_translation event_tags_translation_fk_1; Type: FK CONSTRAINT; Schema: micadoapp; Owner: -
--

ALTER TABLE ONLY micadoapp.event_tags_translation
    ADD CONSTRAINT event_tags_translation_fk_1 FOREIGN KEY (lang) REFERENCES micadoapp.languages(lang) ON UPDATE CASCADE ON DELETE CASCADE;


--
-- Name: information_tags_translation event_tags_translation_fk_1; Type: FK CONSTRAINT; Schema: micadoapp; Owner: -
--

ALTER TABLE ONLY micadoapp.information_tags_translation
    ADD CONSTRAINT event_tags_translation_fk_1 FOREIGN KEY (lang) REFERENCES micadoapp.languages(lang);


--
-- Name: event_tags_translation_prod event_tags_translation_prod_fk; Type: FK CONSTRAINT; Schema: micadoapp; Owner: -
--

ALTER TABLE ONLY micadoapp.event_tags_translation_prod
    ADD CONSTRAINT event_tags_translation_prod_fk FOREIGN KEY (id) REFERENCES micadoapp.event_tags(id) ON UPDATE CASCADE ON DELETE CASCADE;


--
-- Name: event_tags_translation_prod event_tags_translation_prod_fk_1; Type: FK CONSTRAINT; Schema: micadoapp; Owner: -
--

ALTER TABLE ONLY micadoapp.event_tags_translation_prod
    ADD CONSTRAINT event_tags_translation_prod_fk_1 FOREIGN KEY (lang) REFERENCES micadoapp.languages(lang) ON UPDATE CASCADE ON DELETE CASCADE;


--
-- Name: information_tags_translation_prod event_tags_translation_prod_id_fkey; Type: FK CONSTRAINT; Schema: micadoapp; Owner: -
--

ALTER TABLE ONLY micadoapp.information_tags_translation_prod
    ADD CONSTRAINT event_tags_translation_prod_id_fkey FOREIGN KEY (id) REFERENCES micadoapp.information_tags(id) ON UPDATE CASCADE ON DELETE CASCADE NOT VALID;


--
-- Name: information_tags_translation_prod event_tags_translation_prod_lang_fkey; Type: FK CONSTRAINT; Schema: micadoapp; Owner: -
--

ALTER TABLE ONLY micadoapp.information_tags_translation_prod
    ADD CONSTRAINT event_tags_translation_prod_lang_fkey FOREIGN KEY (lang) REFERENCES micadoapp.languages(lang) ON UPDATE CASCADE ON DELETE CASCADE NOT VALID;


--
-- Name: event_topic event_topic_fk; Type: FK CONSTRAINT; Schema: micadoapp; Owner: -
--

ALTER TABLE ONLY micadoapp.event_topic
    ADD CONSTRAINT event_topic_fk FOREIGN KEY (id_event) REFERENCES micadoapp.event(id) ON UPDATE CASCADE ON DELETE CASCADE;


--
-- Name: event_topic event_topic_fk_1; Type: FK CONSTRAINT; Schema: micadoapp; Owner: -
--

ALTER TABLE ONLY micadoapp.event_topic
    ADD CONSTRAINT event_topic_fk_1 FOREIGN KEY (id_topic) REFERENCES micadoapp.topic(id) ON UPDATE CASCADE ON DELETE CASCADE;


--
-- Name: information_topic event_topic_id_process_fkey; Type: FK CONSTRAINT; Schema: micadoapp; Owner: -
--

ALTER TABLE ONLY micadoapp.information_topic
    ADD CONSTRAINT event_topic_id_process_fkey FOREIGN KEY (id_information) REFERENCES micadoapp.information(id) ON UPDATE CASCADE ON DELETE CASCADE;


--
-- Name: information_topic event_topic_id_topic_fkey; Type: FK CONSTRAINT; Schema: micadoapp; Owner: -
--

ALTER TABLE ONLY micadoapp.information_topic
    ADD CONSTRAINT event_topic_id_topic_fkey FOREIGN KEY (id_topic) REFERENCES micadoapp.topic(id) ON UPDATE CASCADE ON DELETE CASCADE;


--
-- Name: event_translation event_translation_fk; Type: FK CONSTRAINT; Schema: micadoapp; Owner: -
--

ALTER TABLE ONLY micadoapp.event_translation
    ADD CONSTRAINT event_translation_fk FOREIGN KEY (id) REFERENCES micadoapp.event(id) ON UPDATE CASCADE ON DELETE CASCADE;


--
-- Name: event_translation event_translation_fk_1; Type: FK CONSTRAINT; Schema: micadoapp; Owner: -
--

ALTER TABLE ONLY micadoapp.event_translation
    ADD CONSTRAINT event_translation_fk_1 FOREIGN KEY (lang) REFERENCES micadoapp.languages(lang) ON UPDATE CASCADE ON DELETE CASCADE;


--
-- Name: information_translation event_translation_id_fkey; Type: FK CONSTRAINT; Schema: micadoapp; Owner: -
--

ALTER TABLE ONLY micadoapp.information_translation
    ADD CONSTRAINT event_translation_id_fkey FOREIGN KEY (id) REFERENCES micadoapp.information(id) ON UPDATE CASCADE ON DELETE CASCADE;


--
-- Name: information_translation event_translation_lang_fkey; Type: FK CONSTRAINT; Schema: micadoapp; Owner: -
--

ALTER TABLE ONLY micadoapp.information_translation
    ADD CONSTRAINT event_translation_lang_fkey FOREIGN KEY (lang) REFERENCES micadoapp.languages(lang) ON UPDATE CASCADE ON DELETE CASCADE;


--
-- Name: event_translation_prod event_translation_prod_fk; Type: FK CONSTRAINT; Schema: micadoapp; Owner: -
--

ALTER TABLE ONLY micadoapp.event_translation_prod
    ADD CONSTRAINT event_translation_prod_fk FOREIGN KEY (lang) REFERENCES micadoapp.languages(lang) ON UPDATE CASCADE ON DELETE CASCADE;


--
-- Name: event_translation_prod event_translation_prod_fk_1; Type: FK CONSTRAINT; Schema: micadoapp; Owner: -
--

ALTER TABLE ONLY micadoapp.event_translation_prod
    ADD CONSTRAINT event_translation_prod_fk_1 FOREIGN KEY (id) REFERENCES micadoapp.event(id) ON UPDATE CASCADE ON DELETE CASCADE;


--
-- Name: information_translation_prod event_translation_prod_id_fkey; Type: FK CONSTRAINT; Schema: micadoapp; Owner: -
--

ALTER TABLE ONLY micadoapp.information_translation_prod
    ADD CONSTRAINT event_translation_prod_id_fkey FOREIGN KEY (id) REFERENCES micadoapp.information(id) ON UPDATE CASCADE ON DELETE CASCADE NOT VALID;


--
-- Name: information_translation_prod event_translation_prod_lang_fkey; Type: FK CONSTRAINT; Schema: micadoapp; Owner: -
--

ALTER TABLE ONLY micadoapp.information_translation_prod
    ADD CONSTRAINT event_translation_prod_lang_fkey FOREIGN KEY (lang) REFERENCES micadoapp.languages(lang) ON UPDATE CASCADE ON DELETE CASCADE NOT VALID;


--
-- Name: information_user_types event_user_types_fk; Type: FK CONSTRAINT; Schema: micadoapp; Owner: -
--

ALTER TABLE ONLY micadoapp.information_user_types
    ADD CONSTRAINT event_user_types_fk FOREIGN KEY (id_information) REFERENCES micadoapp.information(id) ON UPDATE CASCADE ON DELETE CASCADE;


--
-- Name: event_user_types event_user_types_fk; Type: FK CONSTRAINT; Schema: micadoapp; Owner: -
--

ALTER TABLE ONLY micadoapp.event_user_types
    ADD CONSTRAINT event_user_types_fk FOREIGN KEY (id_event) REFERENCES micadoapp.event(id) ON UPDATE CASCADE ON DELETE CASCADE;


--
-- Name: information_user_types event_user_types_fk_1; Type: FK CONSTRAINT; Schema: micadoapp; Owner: -
--

ALTER TABLE ONLY micadoapp.information_user_types
    ADD CONSTRAINT event_user_types_fk_1 FOREIGN KEY (id_user_types) REFERENCES micadoapp.user_types(id) ON UPDATE CASCADE ON DELETE CASCADE;


--
-- Name: event_user_types event_user_types_fk_1; Type: FK CONSTRAINT; Schema: micadoapp; Owner: -
--

ALTER TABLE ONLY micadoapp.event_user_types
    ADD CONSTRAINT event_user_types_fk_1 FOREIGN KEY (id_user_types) REFERENCES micadoapp.user_types(id) ON UPDATE CASCADE ON DELETE CASCADE;


--
-- Name: features_flags_translation_prod feature_flags_translation_prod_id_fkey; Type: FK CONSTRAINT; Schema: micadoapp; Owner: -
--

ALTER TABLE ONLY micadoapp.features_flags_translation_prod
    ADD CONSTRAINT feature_flags_translation_prod_id_fkey FOREIGN KEY (id) REFERENCES micadoapp.features_flags(id) ON UPDATE CASCADE ON DELETE CASCADE NOT VALID;


--
-- Name: features_flags_translation_prod feature_flags_translation_prod_lang_fkey; Type: FK CONSTRAINT; Schema: micadoapp; Owner: -
--

ALTER TABLE ONLY micadoapp.features_flags_translation_prod
    ADD CONSTRAINT feature_flags_translation_prod_lang_fkey FOREIGN KEY (lang) REFERENCES micadoapp.languages(lang) ON UPDATE CASCADE ON DELETE CASCADE NOT VALID;


--
-- Name: features_flags_translation features_flags_translation_id_fkey; Type: FK CONSTRAINT; Schema: micadoapp; Owner: -
--

ALTER TABLE ONLY micadoapp.features_flags_translation
    ADD CONSTRAINT features_flags_translation_id_fkey FOREIGN KEY (id) REFERENCES micadoapp.features_flags(id) ON UPDATE CASCADE ON DELETE CASCADE;


--
-- Name: features_flags_translation features_flags_translation_lang_fkey; Type: FK CONSTRAINT; Schema: micadoapp; Owner: -
--

ALTER TABLE ONLY micadoapp.features_flags_translation
    ADD CONSTRAINT features_flags_translation_lang_fkey FOREIGN KEY (lang) REFERENCES micadoapp.languages(lang) ON UPDATE CASCADE ON DELETE CASCADE;


--
-- Name: glossary_translation glossary_translation_fk; Type: FK CONSTRAINT; Schema: micadoapp; Owner: -
--

ALTER TABLE ONLY micadoapp.glossary_translation
    ADD CONSTRAINT glossary_translation_fk FOREIGN KEY (id) REFERENCES micadoapp.glossary(id);


--
-- Name: glossary_translation glossary_translation_fk_1; Type: FK CONSTRAINT; Schema: micadoapp; Owner: -
--

ALTER TABLE ONLY micadoapp.glossary_translation
    ADD CONSTRAINT glossary_translation_fk_1 FOREIGN KEY (lang) REFERENCES micadoapp.languages(lang);


--
-- Name: glossary_translation_prod glossary_translation_prod_id_fkey; Type: FK CONSTRAINT; Schema: micadoapp; Owner: -
--

ALTER TABLE ONLY micadoapp.glossary_translation_prod
    ADD CONSTRAINT glossary_translation_prod_id_fkey FOREIGN KEY (id) REFERENCES micadoapp.glossary(id) NOT VALID;


--
-- Name: glossary_translation_prod glossary_translation_prod_lang_fkey; Type: FK CONSTRAINT; Schema: micadoapp; Owner: -
--

ALTER TABLE ONLY micadoapp.glossary_translation_prod
    ADD CONSTRAINT glossary_translation_prod_lang_fkey FOREIGN KEY (lang) REFERENCES micadoapp.languages(lang) NOT VALID;


--
-- Name: process_comments id_comment_fkey; Type: FK CONSTRAINT; Schema: micadoapp; Owner: -
--

ALTER TABLE ONLY micadoapp.process_comments
    ADD CONSTRAINT id_comment_fkey FOREIGN KEY (idcomment) REFERENCES micadoapp.comments(id) ON UPDATE CASCADE ON DELETE CASCADE NOT VALID;


--
-- Name: process_comments id_process_fkey; Type: FK CONSTRAINT; Schema: micadoapp; Owner: -
--

ALTER TABLE ONLY micadoapp.process_comments
    ADD CONSTRAINT id_process_fkey FOREIGN KEY (idprocess) REFERENCES micadoapp.process(id) NOT VALID;


--
-- Name: individual_intervention_plan_interventions individual_intervention_plan_interventions_intervention_type_fk; Type: FK CONSTRAINT; Schema: micadoapp; Owner: -
--

ALTER TABLE ONLY micadoapp.individual_intervention_plan_interventions
    ADD CONSTRAINT individual_intervention_plan_interventions_intervention_type_fk FOREIGN KEY (intervention_type) REFERENCES micadoapp.intervention_types(id);


--
-- Name: individual_intervention_plan_interventions individual_intervention_plan_interventions_list_id_fkey; Type: FK CONSTRAINT; Schema: micadoapp; Owner: -
--

ALTER TABLE ONLY micadoapp.individual_intervention_plan_interventions
    ADD CONSTRAINT individual_intervention_plan_interventions_list_id_fkey FOREIGN KEY (list_id) REFERENCES micadoapp.individual_intervention_plan(id);


--
-- Name: information information_fk; Type: FK CONSTRAINT; Schema: micadoapp; Owner: -
--

ALTER TABLE ONLY micadoapp.information
    ADD CONSTRAINT information_fk FOREIGN KEY (category) REFERENCES micadoapp.information_category(id) ON UPDATE CASCADE ON DELETE CASCADE;


--
-- Name: intervention_category_translation intervention_category_id_translation_fk; Type: FK CONSTRAINT; Schema: micadoapp; Owner: -
--

ALTER TABLE ONLY micadoapp.intervention_category_translation
    ADD CONSTRAINT intervention_category_id_translation_fk FOREIGN KEY (id) REFERENCES micadoapp.intervention_category(id);


--
-- Name: intervention_category_translation intervention_category_translation_fk; Type: FK CONSTRAINT; Schema: micadoapp; Owner: -
--

ALTER TABLE ONLY micadoapp.intervention_category_translation
    ADD CONSTRAINT intervention_category_translation_fk FOREIGN KEY (lang) REFERENCES micadoapp.languages(lang);


--
-- Name: intervention_category_translation_prod intervention_category_translation_prod_id_fkey; Type: FK CONSTRAINT; Schema: micadoapp; Owner: -
--

ALTER TABLE ONLY micadoapp.intervention_category_translation_prod
    ADD CONSTRAINT intervention_category_translation_prod_id_fkey FOREIGN KEY (id) REFERENCES micadoapp.intervention_category(id) ON UPDATE CASCADE ON DELETE CASCADE NOT VALID;


--
-- Name: intervention_category_translation_prod intervention_category_translation_prod_lang_fkey; Type: FK CONSTRAINT; Schema: micadoapp; Owner: -
--

ALTER TABLE ONLY micadoapp.intervention_category_translation_prod
    ADD CONSTRAINT intervention_category_translation_prod_lang_fkey FOREIGN KEY (lang) REFERENCES micadoapp.languages(lang) ON UPDATE CASCADE ON DELETE CASCADE NOT VALID;


--
-- Name: completed_intervention_document intervention_fk; Type: FK CONSTRAINT; Schema: micadoapp; Owner: -
--

ALTER TABLE ONLY micadoapp.completed_intervention_document
    ADD CONSTRAINT intervention_fk FOREIGN KEY (id_intervention) REFERENCES micadoapp.individual_intervention_plan_interventions(id) ON UPDATE CASCADE ON DELETE CASCADE;


--
-- Name: intervention_processes intervention_processes_intervention_type_fkey; Type: FK CONSTRAINT; Schema: micadoapp; Owner: -
--

ALTER TABLE ONLY micadoapp.intervention_processes
    ADD CONSTRAINT intervention_processes_intervention_type_fkey FOREIGN KEY (intervention_type) REFERENCES micadoapp.intervention_types(id);


--
-- Name: intervention_processes intervention_processes_process_id_fkey; Type: FK CONSTRAINT; Schema: micadoapp; Owner: -
--

ALTER TABLE ONLY micadoapp.intervention_processes
    ADD CONSTRAINT intervention_processes_process_id_fkey FOREIGN KEY (process_id) REFERENCES micadoapp.process(id);


--
-- Name: intervention_type_validator intervention_type_validator_fk; Type: FK CONSTRAINT; Schema: micadoapp; Owner: -
--

ALTER TABLE ONLY micadoapp.intervention_type_validator
    ADD CONSTRAINT intervention_type_validator_fk FOREIGN KEY (intervention_type_id) REFERENCES micadoapp.intervention_types(id);


--
-- Name: intervention_types intervention_types_fk; Type: FK CONSTRAINT; Schema: micadoapp; Owner: -
--

ALTER TABLE ONLY micadoapp.intervention_types
    ADD CONSTRAINT intervention_types_fk FOREIGN KEY (category_type) REFERENCES micadoapp.intervention_category(id);


--
-- Name: intervention_types_translation intervention_types_translation_id_fkey; Type: FK CONSTRAINT; Schema: micadoapp; Owner: -
--

ALTER TABLE ONLY micadoapp.intervention_types_translation
    ADD CONSTRAINT intervention_types_translation_id_fkey FOREIGN KEY (id) REFERENCES micadoapp.intervention_types(id) ON UPDATE CASCADE ON DELETE CASCADE;


--
-- Name: intervention_types_translation intervention_types_translation_lang_fkey; Type: FK CONSTRAINT; Schema: micadoapp; Owner: -
--

ALTER TABLE ONLY micadoapp.intervention_types_translation
    ADD CONSTRAINT intervention_types_translation_lang_fkey FOREIGN KEY (lang) REFERENCES micadoapp.languages(lang) ON UPDATE CASCADE ON DELETE CASCADE;


--
-- Name: intervention_types_translation_prod intervention_types_translation_prod_id_fkey; Type: FK CONSTRAINT; Schema: micadoapp; Owner: -
--

ALTER TABLE ONLY micadoapp.intervention_types_translation_prod
    ADD CONSTRAINT intervention_types_translation_prod_id_fkey FOREIGN KEY (id) REFERENCES micadoapp.intervention_types(id) ON UPDATE CASCADE ON DELETE CASCADE NOT VALID;


--
-- Name: intervention_types_translation_prod intervention_types_translation_prod_lang_fkey; Type: FK CONSTRAINT; Schema: micadoapp; Owner: -
--

ALTER TABLE ONLY micadoapp.intervention_types_translation_prod
    ADD CONSTRAINT intervention_types_translation_prod_lang_fkey FOREIGN KEY (lang) REFERENCES micadoapp.languages(lang) ON UPDATE CASCADE ON DELETE CASCADE NOT VALID;


--
-- Name: t_settings_translation lang_fk; Type: FK CONSTRAINT; Schema: micadoapp; Owner: -
--

ALTER TABLE ONLY micadoapp.t_settings_translation
    ADD CONSTRAINT lang_fk FOREIGN KEY (lang) REFERENCES micadoapp.languages(lang) NOT VALID;


--
-- Name: t_settings_translation_prod lang_fk; Type: FK CONSTRAINT; Schema: micadoapp; Owner: -
--

ALTER TABLE ONLY micadoapp.t_settings_translation_prod
    ADD CONSTRAINT lang_fk FOREIGN KEY (lang) REFERENCES micadoapp.languages(lang) NOT VALID;


--
-- Name: picture_hotspot picture_hotspot_fk; Type: FK CONSTRAINT; Schema: micadoapp; Owner: -
--

ALTER TABLE ONLY micadoapp.picture_hotspot
    ADD CONSTRAINT picture_hotspot_fk FOREIGN KEY (picture_id) REFERENCES micadoapp.document_type_picture(id);


--
-- Name: picture_hotspot_translation picture_hotspot_translation_fk; Type: FK CONSTRAINT; Schema: micadoapp; Owner: -
--

ALTER TABLE ONLY micadoapp.picture_hotspot_translation
    ADD CONSTRAINT picture_hotspot_translation_fk FOREIGN KEY (pht_id) REFERENCES micadoapp.picture_hotspot(id);


--
-- Name: picture_hotspot_translation picture_hotspot_translation_fk_1; Type: FK CONSTRAINT; Schema: micadoapp; Owner: -
--

ALTER TABLE ONLY micadoapp.picture_hotspot_translation
    ADD CONSTRAINT picture_hotspot_translation_fk_1 FOREIGN KEY (lang) REFERENCES micadoapp.languages(lang) ON DELETE CASCADE;


--
-- Name: picture_hotspot_translation_prod picture_hotspot_translation_prod_id_fkey; Type: FK CONSTRAINT; Schema: micadoapp; Owner: -
--

ALTER TABLE ONLY micadoapp.picture_hotspot_translation_prod
    ADD CONSTRAINT picture_hotspot_translation_prod_id_fkey FOREIGN KEY (pht_id) REFERENCES micadoapp.picture_hotspot(id) ON UPDATE CASCADE ON DELETE CASCADE NOT VALID;


--
-- Name: picture_hotspot_translation_prod picture_hotspot_translation_prod_lang_fkey; Type: FK CONSTRAINT; Schema: micadoapp; Owner: -
--

ALTER TABLE ONLY micadoapp.picture_hotspot_translation_prod
    ADD CONSTRAINT picture_hotspot_translation_prod_lang_fkey FOREIGN KEY (lang) REFERENCES micadoapp.languages(lang) ON UPDATE CASCADE ON DELETE CASCADE NOT VALID;


--
-- Name: process_topic process_topic_id_process_fkey; Type: FK CONSTRAINT; Schema: micadoapp; Owner: -
--

ALTER TABLE ONLY micadoapp.process_topic
    ADD CONSTRAINT process_topic_id_process_fkey FOREIGN KEY (id_process) REFERENCES micadoapp.process(id) ON UPDATE CASCADE ON DELETE CASCADE;


--
-- Name: process_topic process_topic_id_topic_fkey; Type: FK CONSTRAINT; Schema: micadoapp; Owner: -
--

ALTER TABLE ONLY micadoapp.process_topic
    ADD CONSTRAINT process_topic_id_topic_fkey FOREIGN KEY (id_topic) REFERENCES micadoapp.topic(id) ON UPDATE CASCADE ON DELETE CASCADE;


--
-- Name: process_translation process_translation_id_fkey; Type: FK CONSTRAINT; Schema: micadoapp; Owner: -
--

ALTER TABLE ONLY micadoapp.process_translation
    ADD CONSTRAINT process_translation_id_fkey FOREIGN KEY (id) REFERENCES micadoapp.process(id) ON UPDATE CASCADE ON DELETE CASCADE;


--
-- Name: process_translation process_translation_lang_fkey; Type: FK CONSTRAINT; Schema: micadoapp; Owner: -
--

ALTER TABLE ONLY micadoapp.process_translation
    ADD CONSTRAINT process_translation_lang_fkey FOREIGN KEY (lang) REFERENCES micadoapp.languages(lang) ON UPDATE CASCADE ON DELETE CASCADE;


--
-- Name: process_translation_prod process_translation_prod_id_fkey; Type: FK CONSTRAINT; Schema: micadoapp; Owner: -
--

ALTER TABLE ONLY micadoapp.process_translation_prod
    ADD CONSTRAINT process_translation_prod_id_fkey FOREIGN KEY (id) REFERENCES micadoapp.process(id) ON UPDATE CASCADE ON DELETE CASCADE NOT VALID;


--
-- Name: process_translation_prod process_translation_prod_lang_fkey; Type: FK CONSTRAINT; Schema: micadoapp; Owner: -
--

ALTER TABLE ONLY micadoapp.process_translation_prod
    ADD CONSTRAINT process_translation_prod_lang_fkey FOREIGN KEY (lang) REFERENCES micadoapp.languages(lang) ON UPDATE CASCADE ON DELETE CASCADE NOT VALID;


--
-- Name: process_users process_users_id_process_fkey; Type: FK CONSTRAINT; Schema: micadoapp; Owner: -
--

ALTER TABLE ONLY micadoapp.process_users
    ADD CONSTRAINT process_users_id_process_fkey FOREIGN KEY (id_process) REFERENCES micadoapp.process(id) ON UPDATE CASCADE ON DELETE CASCADE;


--
-- Name: process_users process_users_id_user_types_fkey; Type: FK CONSTRAINT; Schema: micadoapp; Owner: -
--

ALTER TABLE ONLY micadoapp.process_users
    ADD CONSTRAINT process_users_id_user_types_fkey FOREIGN KEY (id_user_types) REFERENCES micadoapp.user_types(id) ON UPDATE CASCADE ON DELETE CASCADE;


--
-- Name: step_document step_document_fk; Type: FK CONSTRAINT; Schema: micadoapp; Owner: -
--

ALTER TABLE ONLY micadoapp.step_document
    ADD CONSTRAINT step_document_fk FOREIGN KEY (id_step) REFERENCES micadoapp.step(id);


--
-- Name: step_document step_document_id_document_fkey; Type: FK CONSTRAINT; Schema: micadoapp; Owner: -
--

ALTER TABLE ONLY micadoapp.step_document
    ADD CONSTRAINT step_document_id_document_fkey FOREIGN KEY (id_document) REFERENCES micadoapp.document_type(id) ON UPDATE CASCADE ON DELETE CASCADE;


--
-- Name: step step_icon_fk; Type: FK CONSTRAINT; Schema: micadoapp; Owner: -
--

ALTER TABLE ONLY micadoapp.step
    ADD CONSTRAINT step_icon_fk FOREIGN KEY (step_icon) REFERENCES micadoapp.mixed_icons(id) NOT VALID;


--
-- Name: step step_id_process_fkey; Type: FK CONSTRAINT; Schema: micadoapp; Owner: -
--

ALTER TABLE ONLY micadoapp.step
    ADD CONSTRAINT step_id_process_fkey FOREIGN KEY (id_process) REFERENCES micadoapp.process(id) ON UPDATE CASCADE ON DELETE CASCADE;


--
-- Name: step_link step_link_fk; Type: FK CONSTRAINT; Schema: micadoapp; Owner: -
--

ALTER TABLE ONLY micadoapp.step_link
    ADD CONSTRAINT step_link_fk FOREIGN KEY (id_process) REFERENCES micadoapp.process(id);


--
-- Name: step_link step_link_from_fk; Type: FK CONSTRAINT; Schema: micadoapp; Owner: -
--

ALTER TABLE ONLY micadoapp.step_link
    ADD CONSTRAINT step_link_from_fk FOREIGN KEY (from_step) REFERENCES micadoapp.step(id);


--
-- Name: step_link step_link_to_fk; Type: FK CONSTRAINT; Schema: micadoapp; Owner: -
--

ALTER TABLE ONLY micadoapp.step_link
    ADD CONSTRAINT step_link_to_fk FOREIGN KEY (to_step) REFERENCES micadoapp.step(id);


--
-- Name: step_link_translation step_link_translation_fk; Type: FK CONSTRAINT; Schema: micadoapp; Owner: -
--

ALTER TABLE ONLY micadoapp.step_link_translation
    ADD CONSTRAINT step_link_translation_fk FOREIGN KEY (lang) REFERENCES micadoapp.languages(lang);


--
-- Name: step_link_translation_prod step_link_translation_prod_id_fkey; Type: FK CONSTRAINT; Schema: micadoapp; Owner: -
--

ALTER TABLE ONLY micadoapp.step_link_translation_prod
    ADD CONSTRAINT step_link_translation_prod_id_fkey FOREIGN KEY (id) REFERENCES micadoapp.step_link(id) ON UPDATE CASCADE ON DELETE CASCADE NOT VALID;


--
-- Name: step_link_translation_prod step_link_translation_prod_lang_fkey; Type: FK CONSTRAINT; Schema: micadoapp; Owner: -
--

ALTER TABLE ONLY micadoapp.step_link_translation_prod
    ADD CONSTRAINT step_link_translation_prod_lang_fkey FOREIGN KEY (lang) REFERENCES micadoapp.languages(lang) ON UPDATE CASCADE ON DELETE CASCADE NOT VALID;


--
-- Name: step_link_translation step_link_translation_step_fk; Type: FK CONSTRAINT; Schema: micadoapp; Owner: -
--

ALTER TABLE ONLY micadoapp.step_link_translation
    ADD CONSTRAINT step_link_translation_step_fk FOREIGN KEY (id) REFERENCES micadoapp.step_link(id);


--
-- Name: step_translation step_translation_fk; Type: FK CONSTRAINT; Schema: micadoapp; Owner: -
--

ALTER TABLE ONLY micadoapp.step_translation
    ADD CONSTRAINT step_translation_fk FOREIGN KEY (id) REFERENCES micadoapp.step(id);


--
-- Name: step_translation step_translation_lang_fkey; Type: FK CONSTRAINT; Schema: micadoapp; Owner: -
--

ALTER TABLE ONLY micadoapp.step_translation
    ADD CONSTRAINT step_translation_lang_fkey FOREIGN KEY (lang) REFERENCES micadoapp.languages(lang) ON UPDATE CASCADE ON DELETE CASCADE;


--
-- Name: step_translation_prod step_translation_prod_id_fkey; Type: FK CONSTRAINT; Schema: micadoapp; Owner: -
--

ALTER TABLE ONLY micadoapp.step_translation_prod
    ADD CONSTRAINT step_translation_prod_id_fkey FOREIGN KEY (id) REFERENCES micadoapp.step(id) ON UPDATE CASCADE ON DELETE CASCADE NOT VALID;


--
-- Name: step_translation_prod step_translation_prod_lang_fkey; Type: FK CONSTRAINT; Schema: micadoapp; Owner: -
--

ALTER TABLE ONLY micadoapp.step_translation_prod
    ADD CONSTRAINT step_translation_prod_lang_fkey FOREIGN KEY (lang) REFERENCES micadoapp.languages(lang) ON UPDATE CASCADE ON DELETE CASCADE NOT VALID;


--
-- Name: survey_answers survey_fk; Type: FK CONSTRAINT; Schema: micadoapp; Owner: -
--

ALTER TABLE ONLY micadoapp.survey_answers
    ADD CONSTRAINT survey_fk FOREIGN KEY (id_survey) REFERENCES micadoapp.survey(id);


--
-- Name: t_settings_translation t_setting_fk; Type: FK CONSTRAINT; Schema: micadoapp; Owner: -
--

ALTER TABLE ONLY micadoapp.t_settings_translation
    ADD CONSTRAINT t_setting_fk FOREIGN KEY (id) REFERENCES micadoapp.t_settings(id) NOT VALID;


--
-- Name: t_settings_translation_prod t_setting_fk; Type: FK CONSTRAINT; Schema: micadoapp; Owner: -
--

ALTER TABLE ONLY micadoapp.t_settings_translation_prod
    ADD CONSTRAINT t_setting_fk FOREIGN KEY (id) REFERENCES micadoapp.t_settings(id) NOT VALID;


--
-- Name: process_produced_documents to_docs_fk; Type: FK CONSTRAINT; Schema: micadoapp; Owner: -
--

ALTER TABLE ONLY micadoapp.process_produced_documents
    ADD CONSTRAINT to_docs_fk FOREIGN KEY (id_document) REFERENCES micadoapp.document_type(id) ON UPDATE CASCADE ON DELETE CASCADE NOT VALID;


--
-- Name: process_produced_documents to_process_fk; Type: FK CONSTRAINT; Schema: micadoapp; Owner: -
--

ALTER TABLE ONLY micadoapp.process_produced_documents
    ADD CONSTRAINT to_process_fk FOREIGN KEY (id_process) REFERENCES micadoapp.process(id) ON UPDATE CASCADE ON DELETE CASCADE NOT VALID;


--
-- Name: topic_translation topic_translation_id_fkey; Type: FK CONSTRAINT; Schema: micadoapp; Owner: -
--

ALTER TABLE ONLY micadoapp.topic_translation
    ADD CONSTRAINT topic_translation_id_fkey FOREIGN KEY (id) REFERENCES micadoapp.topic(id) ON UPDATE CASCADE ON DELETE CASCADE;


--
-- Name: topic_translation topic_translation_lang_fkey; Type: FK CONSTRAINT; Schema: micadoapp; Owner: -
--

ALTER TABLE ONLY micadoapp.topic_translation
    ADD CONSTRAINT topic_translation_lang_fkey FOREIGN KEY (lang) REFERENCES micadoapp.languages(lang) ON UPDATE CASCADE ON DELETE CASCADE;


--
-- Name: topic_translation_prod topic_translation_prod_id_fkey; Type: FK CONSTRAINT; Schema: micadoapp; Owner: -
--

ALTER TABLE ONLY micadoapp.topic_translation_prod
    ADD CONSTRAINT topic_translation_prod_id_fkey FOREIGN KEY (id) REFERENCES micadoapp.topic(id) ON UPDATE CASCADE ON DELETE CASCADE NOT VALID;


--
-- Name: topic_translation_prod topic_translation_prod_lang_fkey; Type: FK CONSTRAINT; Schema: micadoapp; Owner: -
--

ALTER TABLE ONLY micadoapp.topic_translation_prod
    ADD CONSTRAINT topic_translation_prod_lang_fkey FOREIGN KEY (lang) REFERENCES micadoapp.languages(lang) ON UPDATE CASCADE ON DELETE CASCADE NOT VALID;


--
-- Name: user_preferences user_type_fk; Type: FK CONSTRAINT; Schema: micadoapp; Owner: -
--

ALTER TABLE ONLY micadoapp.user_preferences
    ADD CONSTRAINT user_type_fk FOREIGN KEY (id_user_type) REFERENCES micadoapp.user_types(id) NOT VALID;


--
-- Name: user_types_translation_prod user_type_translation_prod_id_fkey; Type: FK CONSTRAINT; Schema: micadoapp; Owner: -
--

ALTER TABLE ONLY micadoapp.user_types_translation_prod
    ADD CONSTRAINT user_type_translation_prod_id_fkey FOREIGN KEY (id) REFERENCES micadoapp.user_types(id) ON UPDATE CASCADE ON DELETE CASCADE NOT VALID;


--
-- Name: user_types_translation_prod user_type_translation_prod_lang_fkey; Type: FK CONSTRAINT; Schema: micadoapp; Owner: -
--

ALTER TABLE ONLY micadoapp.user_types_translation_prod
    ADD CONSTRAINT user_type_translation_prod_lang_fkey FOREIGN KEY (lang) REFERENCES micadoapp.languages(lang) ON UPDATE CASCADE ON DELETE CASCADE NOT VALID;


--
-- Name: user_types_translation user_types_translation_id_fkey; Type: FK CONSTRAINT; Schema: micadoapp; Owner: -
--

ALTER TABLE ONLY micadoapp.user_types_translation
    ADD CONSTRAINT user_types_translation_id_fkey FOREIGN KEY (id) REFERENCES micadoapp.user_types(id) ON UPDATE CASCADE ON DELETE CASCADE;


--
-- Name: user_types_translation user_types_translation_lang_fkey; Type: FK CONSTRAINT; Schema: micadoapp; Owner: -
--

ALTER TABLE ONLY micadoapp.user_types_translation
    ADD CONSTRAINT user_types_translation_lang_fkey FOREIGN KEY (lang) REFERENCES micadoapp.languages(lang) ON UPDATE CASCADE ON DELETE CASCADE;


--
-- PostgreSQL database dump complete
--

